ERROR:app:Exception on /_eliminar_industria [POST]
Traceback (most recent call last):
  File "/home/cuartazona/redes/envRedes/lib/python3.8/site-packages/flask/app.py", line 2070, in wsgi_app
    response = self.full_dispatch_request()
  File "/home/cuartazona/redes/envRedes/lib/python3.8/site-packages/flask/app.py", line 1515, in full_dispatch_request
    rv = self.handle_user_exception(e)
  File "/home/cuartazona/redes/envRedes/lib/python3.8/site-packages/flask/app.py", line 1513, in full_dispatch_request
    rv = self.dispatch_request()
  File "/home/cuartazona/redes/envRedes/lib/python3.8/site-packages/flask/app.py", line 1499, in dispatch_request
    return self.ensure_sync(self.view_functions[rule.endpoint])(**req.view_args)
  File "/home/cuartazona/redes/app/auxiliar.py", line 125, in wrap
    return func(*args, **kwargs)
  File "/home/cuartazona/redes/app/auxiliar.py", line 138, in wrap
    return fn(*args, **kwargs)
  File "/home/cuartazona/redes/app/censo.py", line 761, in _eliminar_industria
    latitud, longitud = cur.fetchone()
TypeError: cannot unpack non-iterable NoneType object
ERROR:app:Exception on /_eliminar_industria [POST]
Traceback (most recent call last):
  File "/home/cuartazona/redes/envRedes/lib/python3.8/site-packages/flask/app.py", line 2070, in wsgi_app
    response = self.full_dispatch_request()
  File "/home/cuartazona/redes/envRedes/lib/python3.8/site-packages/flask/app.py", line 1515, in full_dispatch_request
    rv = self.handle_user_exception(e)
  File "/home/cuartazona/redes/envRedes/lib/python3.8/site-packages/flask/app.py", line 1513, in full_dispatch_request
    rv = self.dispatch_request()
  File "/home/cuartazona/redes/envRedes/lib/python3.8/site-packages/flask/app.py", line 1499, in dispatch_request
    return self.ensure_sync(self.view_functions[rule.endpoint])(**req.view_args)
  File "/home/cuartazona/redes/app/auxiliar.py", line 125, in wrap
    return func(*args, **kwargs)
  File "/home/cuartazona/redes/app/auxiliar.py", line 138, in wrap
    return fn(*args, **kwargs)
  File "/home/cuartazona/redes/app/censo.py", line 761, in _eliminar_industria
    latitud, longitud = cur.fetchone()
TypeError: cannot unpack non-iterable NoneType object
ERROR:app:Exception on /ficha_industria-1638 [GET]
Traceback (most recent call last):
  File "/home/cuartazona/redes/envRedes/lib/python3.8/site-packages/flask/app.py", line 2070, in wsgi_app
    response = self.full_dispatch_request()
  File "/home/cuartazona/redes/envRedes/lib/python3.8/site-packages/flask/app.py", line 1515, in full_dispatch_request
    rv = self.handle_user_exception(e)
  File "/home/cuartazona/redes/envRedes/lib/python3.8/site-packages/flask/app.py", line 1513, in full_dispatch_request
    rv = self.dispatch_request()
  File "/home/cuartazona/redes/envRedes/lib/python3.8/site-packages/flask/app.py", line 1499, in dispatch_request
    return self.ensure_sync(self.view_functions[rule.endpoint])(**req.view_args)
  File "/home/cuartazona/redes/app/auxiliar.py", line 113, in wrap
    return f(*args, **kwargs)
  File "/home/cuartazona/redes/app/censo.py", line 204, in ficha_industria_imprimir
    cumplimiento = evalua_cumplimiento(analiticas, doc_normativos_parametros)
  File "/home/cuartazona/redes/app/censo.py", line 313, in evalua_cumplimiento
    elif (analitica['valor'] * (1 - analitica['incertidumbre'])) > float(parametroDN['valor_limite']):
TypeError: can't multiply sequence by non-int of type 'float'
ERROR:app:Exception on /ficha_industria-0001 [GET]
Traceback (most recent call last):
  File "/home/cuartazona/redes/envRedes/lib/python3.8/site-packages/flask/app.py", line 2070, in wsgi_app
    response = self.full_dispatch_request()
  File "/home/cuartazona/redes/envRedes/lib/python3.8/site-packages/flask/app.py", line 1515, in full_dispatch_request
    rv = self.handle_user_exception(e)
  File "/home/cuartazona/redes/envRedes/lib/python3.8/site-packages/flask/app.py", line 1513, in full_dispatch_request
    rv = self.dispatch_request()
  File "/home/cuartazona/redes/envRedes/lib/python3.8/site-packages/flask/app.py", line 1499, in dispatch_request
    return self.ensure_sync(self.view_functions[rule.endpoint])(**req.view_args)
  File "/home/cuartazona/redes/app/auxiliar.py", line 113, in wrap
    return f(*args, **kwargs)
  File "/home/cuartazona/redes/app/censo.py", line 220, in ficha_industria_imprimir
    coordenadas['PV'] = utm.from_latlon(industria['latitud_PV'], industria['longitud_PV'])
  File "/home/cuartazona/redes/envRedes/lib/python3.8/site-packages/utm/conversion.py", line 228, in from_latlon
    if not in_bounds(latitude, -80.0, 84.0):
  File "/home/cuartazona/redes/envRedes/lib/python3.8/site-packages/utm/conversion.py", line 50, in in_bounds
    return lower <= x <= upper
TypeError: '<=' not supported between instances of 'float' and 'NoneType'
ERROR:app:Exception on /ficha_industria-FAZO_PER [GET]
Traceback (most recent call last):
  File "/home/cuartazona/redes/envRedes/lib/python3.8/site-packages/flask/app.py", line 2070, in wsgi_app
    response = self.full_dispatch_request()
  File "/home/cuartazona/redes/envRedes/lib/python3.8/site-packages/flask/app.py", line 1515, in full_dispatch_request
    rv = self.handle_user_exception(e)
  File "/home/cuartazona/redes/envRedes/lib/python3.8/site-packages/flask/app.py", line 1513, in full_dispatch_request
    rv = self.dispatch_request()
  File "/home/cuartazona/redes/envRedes/lib/python3.8/site-packages/flask/app.py", line 1499, in dispatch_request
    return self.ensure_sync(self.view_functions[rule.endpoint])(**req.view_args)
  File "/home/cuartazona/redes/app/auxiliar.py", line 113, in wrap
    return f(*args, **kwargs)
  File "/home/cuartazona/redes/app/censo.py", line 201, in ficha_industria_imprimir
    cur.execute("SELECT * FROM doc_normativos DN INNER JOIN parametros_DN p ON p.id_DN = DN.id WHERE cod_concello = ? OR DN.id = 1", (industria['concello_PV'],))
TypeError: 'NoneType' object is not subscriptable
ERROR:app:Exception on /ficha_industria-1638 [GET]
Traceback (most recent call last):
  File "/home/cuartazona/redes/envRedes/lib/python3.8/site-packages/flask/app.py", line 2070, in wsgi_app
    response = self.full_dispatch_request()
  File "/home/cuartazona/redes/envRedes/lib/python3.8/site-packages/flask/app.py", line 1515, in full_dispatch_request
    rv = self.handle_user_exception(e)
  File "/home/cuartazona/redes/envRedes/lib/python3.8/site-packages/flask/app.py", line 1513, in full_dispatch_request
    rv = self.dispatch_request()
  File "/home/cuartazona/redes/envRedes/lib/python3.8/site-packages/flask/app.py", line 1499, in dispatch_request
    return self.ensure_sync(self.view_functions[rule.endpoint])(**req.view_args)
  File "/home/cuartazona/redes/app/auxiliar.py", line 113, in wrap
    return f(*args, **kwargs)
  File "/home/cuartazona/redes/app/censo.py", line 204, in ficha_industria_imprimir
    cumplimiento = evalua_cumplimiento(analiticas, doc_normativos_parametros)
  File "/home/cuartazona/redes/app/censo.py", line 313, in evalua_cumplimiento
    elif (analitica['valor'] * (1 - analitica['incertidumbre'])) > float(parametroDN['valor_limite']):
TypeError: can't multiply sequence by non-int of type 'float'
ERROR:app:Exception on /_cumple_inspeccion [GET]
Traceback (most recent call last):
  File "/home/cuartazona/redes/envRedes/lib/python3.8/site-packages/flask/app.py", line 2070, in wsgi_app
    response = self.full_dispatch_request()
  File "/home/cuartazona/redes/envRedes/lib/python3.8/site-packages/flask/app.py", line 1515, in full_dispatch_request
    rv = self.handle_user_exception(e)
  File "/home/cuartazona/redes/envRedes/lib/python3.8/site-packages/flask/app.py", line 1513, in full_dispatch_request
    rv = self.dispatch_request()
  File "/home/cuartazona/redes/envRedes/lib/python3.8/site-packages/flask/app.py", line 1499, in dispatch_request
    return self.ensure_sync(self.view_functions[rule.endpoint])(**req.view_args)
  File "/home/cuartazona/redes/app/auxiliar.py", line 125, in wrap
    return func(*args, **kwargs)
  File "/home/cuartazona/redes/app/auxiliar.py", line 138, in wrap
    return fn(*args, **kwargs)
  File "/home/cuartazona/redes/app/censo.py", line 1013, in _cumple_inspeccion
    cumple, texto = cumple_todos_parametros(cumplimiento, analiticas)
  File "/home/cuartazona/redes/app/censo.py", line 338, in cumple_todos_parametros
    incumplimientos += "{} ({} {}), ".format(parametro, numero_bonito(int(cumplimiento[decreto_local][parametro][muestra][1])), analitica['unidades'])
ValueError: invalid literal for int() with base 10: '5.5-9'
ERROR:app:Exception on /_cumple_inspeccion [GET]
Traceback (most recent call last):
  File "/home/cuartazona/redes/envRedes/lib/python3.8/site-packages/flask/app.py", line 2070, in wsgi_app
    response = self.full_dispatch_request()
  File "/home/cuartazona/redes/envRedes/lib/python3.8/site-packages/flask/app.py", line 1515, in full_dispatch_request
    rv = self.handle_user_exception(e)
  File "/home/cuartazona/redes/envRedes/lib/python3.8/site-packages/flask/app.py", line 1513, in full_dispatch_request
    rv = self.dispatch_request()
  File "/home/cuartazona/redes/envRedes/lib/python3.8/site-packages/flask/app.py", line 1499, in dispatch_request
    return self.ensure_sync(self.view_functions[rule.endpoint])(**req.view_args)
  File "/home/cuartazona/redes/app/auxiliar.py", line 125, in wrap
    return func(*args, **kwargs)
  File "/home/cuartazona/redes/app/auxiliar.py", line 138, in wrap
    return fn(*args, **kwargs)
  File "/home/cuartazona/redes/app/censo.py", line 1013, in _cumple_inspeccion
    cumple, texto = cumple_todos_parametros(cumplimiento, analiticas)
  File "/home/cuartazona/redes/app/censo.py", line 338, in cumple_todos_parametros
    incumplimientos += "{} ({} {}), ".format(parametro, numero_bonito(int(cumplimiento[decreto_local][parametro][muestra][1])), analitica['unidades'])
ValueError: invalid literal for int() with base 10: '5.5-9'
ERROR:app:Exception on /_nueva_inspeccion_industria [POST]
Traceback (most recent call last):
  File "/home/cuartazona/redes/envRedes/lib/python3.8/site-packages/flask/app.py", line 2070, in wsgi_app
    response = self.full_dispatch_request()
  File "/home/cuartazona/redes/envRedes/lib/python3.8/site-packages/flask/app.py", line 1515, in full_dispatch_request
    rv = self.handle_user_exception(e)
  File "/home/cuartazona/redes/envRedes/lib/python3.8/site-packages/flask/app.py", line 1513, in full_dispatch_request
    rv = self.dispatch_request()
  File "/home/cuartazona/redes/envRedes/lib/python3.8/site-packages/flask/app.py", line 1499, in dispatch_request
    return self.ensure_sync(self.view_functions[rule.endpoint])(**req.view_args)
  File "/home/cuartazona/redes/app/auxiliar.py", line 125, in wrap
    return func(*args, **kwargs)
  File "/home/cuartazona/redes/app/auxiliar.py", line 138, in wrap
    return fn(*args, **kwargs)
  File "/home/cuartazona/redes/app/censo.py", line 952, in _nueva_inspeccion_ind
    cod_inspeccion = fecha_iso + "_" + sistema + "_" + cod_industria
TypeError: can only concatenate str (not "NoneType") to str
ERROR:app:Exception on /_actualiza_elem [POST]
Traceback (most recent call last):
  File "/home/cuartazona/redes/envRedes/lib/python3.8/site-packages/flask/app.py", line 2070, in wsgi_app
    response = self.full_dispatch_request()
  File "/home/cuartazona/redes/envRedes/lib/python3.8/site-packages/flask/app.py", line 1515, in full_dispatch_request
    rv = self.handle_user_exception(e)
  File "/home/cuartazona/redes/envRedes/lib/python3.8/site-packages/flask/app.py", line 1513, in full_dispatch_request
    rv = self.dispatch_request()
  File "/home/cuartazona/redes/envRedes/lib/python3.8/site-packages/flask/app.py", line 1499, in dispatch_request
    return self.ensure_sync(self.view_functions[rule.endpoint])(**req.view_args)
  File "/home/cuartazona/redes/app/auxiliar.py", line 125, in wrap
    return func(*args, **kwargs)
  File "/home/cuartazona/redes/app/auxiliar.py", line 138, in wrap
    return fn(*args, **kwargs)
  File "/home/cuartazona/redes/app/rede.py", line 283, in _actualiza_elem
    cur.execute(SQL_string, tuple(lista_valores))
sqlite3.OperationalError: near "SE": syntax error
ERROR:app:Exception on /_obtener_geoJSON [GET]
Traceback (most recent call last):
  File "/home/cuartazona/redes/envRedes/lib/python3.8/site-packages/flask/app.py", line 2070, in wsgi_app
    response = self.full_dispatch_request()
  File "/home/cuartazona/redes/envRedes/lib/python3.8/site-packages/flask/app.py", line 1515, in full_dispatch_request
    rv = self.handle_user_exception(e)
  File "/home/cuartazona/redes/envRedes/lib/python3.8/site-packages/flask/app.py", line 1513, in full_dispatch_request
    rv = self.dispatch_request()
  File "/home/cuartazona/redes/envRedes/lib/python3.8/site-packages/flask/app.py", line 1499, in dispatch_request
    return self.ensure_sync(self.view_functions[rule.endpoint])(**req.view_args)
  File "/home/cuartazona/redes/app/auxiliar.py", line 221, in obtener_geoJSON
    usuario = session['username']
  File "/home/cuartazona/redes/envRedes/lib/python3.8/site-packages/flask/sessions.py", line 79, in __getitem__
    return super().__getitem__(key)
KeyError: 'username'
ERROR:app:Exception on /_nueva_inspeccion_industria [POST]
Traceback (most recent call last):
  File "/home/cuartazona/redes/envRedes/lib/python3.8/site-packages/flask/app.py", line 2070, in wsgi_app
    response = self.full_dispatch_request()
  File "/home/cuartazona/redes/envRedes/lib/python3.8/site-packages/flask/app.py", line 1515, in full_dispatch_request
    rv = self.handle_user_exception(e)
  File "/home/cuartazona/redes/envRedes/lib/python3.8/site-packages/flask/app.py", line 1513, in full_dispatch_request
    rv = self.dispatch_request()
  File "/home/cuartazona/redes/envRedes/lib/python3.8/site-packages/flask/app.py", line 1499, in dispatch_request
    return self.ensure_sync(self.view_functions[rule.endpoint])(**req.view_args)
  File "/home/cuartazona/redes/app/auxiliar.py", line 125, in wrap
    return func(*args, **kwargs)
  File "/home/cuartazona/redes/app/auxiliar.py", line 138, in wrap
    return fn(*args, **kwargs)
  File "/home/cuartazona/redes/app/censo.py", line 952, in _nueva_inspeccion_ind
    cod_inspeccion = fecha_iso + "_" + sistema + "_" + cod_industria
TypeError: can only concatenate str (not "NoneType") to str
ERROR:app:Exception on /_obtener_geoJSON [GET]
Traceback (most recent call last):
  File "/home/cuartazona/redes/envRedes/lib/python3.8/site-packages/flask/app.py", line 2070, in wsgi_app
    response = self.full_dispatch_request()
  File "/home/cuartazona/redes/envRedes/lib/python3.8/site-packages/flask/app.py", line 1515, in full_dispatch_request
    rv = self.handle_user_exception(e)
  File "/home/cuartazona/redes/envRedes/lib/python3.8/site-packages/flask/app.py", line 1513, in full_dispatch_request
    rv = self.dispatch_request()
  File "/home/cuartazona/redes/envRedes/lib/python3.8/site-packages/flask/app.py", line 1499, in dispatch_request
    return self.ensure_sync(self.view_functions[rule.endpoint])(**req.view_args)
  File "/home/cuartazona/redes/app/auxiliar.py", line 221, in obtener_geoJSON
    usuario = session['username']
  File "/home/cuartazona/redes/envRedes/lib/python3.8/site-packages/flask/sessions.py", line 79, in __getitem__
    return super().__getitem__(key)
KeyError: 'username'
ERROR:app:Exception on /_cumple_inspeccion [GET]
Traceback (most recent call last):
  File "/home/cuartazona/redes/envRedes/lib/python3.8/site-packages/flask/app.py", line 2070, in wsgi_app
    response = self.full_dispatch_request()
  File "/home/cuartazona/redes/envRedes/lib/python3.8/site-packages/flask/app.py", line 1515, in full_dispatch_request
    rv = self.handle_user_exception(e)
  File "/home/cuartazona/redes/envRedes/lib/python3.8/site-packages/flask/app.py", line 1513, in full_dispatch_request
    rv = self.dispatch_request()
  File "/home/cuartazona/redes/envRedes/lib/python3.8/site-packages/flask/app.py", line 1499, in dispatch_request
    return self.ensure_sync(self.view_functions[rule.endpoint])(**req.view_args)
  File "/home/cuartazona/redes/app/auxiliar.py", line 125, in wrap
    return func(*args, **kwargs)
  File "/home/cuartazona/redes/app/auxiliar.py", line 138, in wrap
    return fn(*args, **kwargs)
  File "/home/cuartazona/redes/app/censo.py", line 1013, in _cumple_inspeccion
    cumple, texto = cumple_todos_parametros(cumplimiento, analiticas)
  File "/home/cuartazona/redes/app/censo.py", line 338, in cumple_todos_parametros
    incumplimientos += "{} ({} {}), ".format(parametro, numero_bonito(int(cumplimiento[decreto_local][parametro][muestra][1])), analitica['unidades'])
ValueError: invalid literal for int() with base 10: '5.5-9'
ERROR:app:Exception on /_cumple_inspeccion [GET]
Traceback (most recent call last):
  File "/home/cuartazona/redes/envRedes/lib/python3.8/site-packages/flask/app.py", line 2070, in wsgi_app
    response = self.full_dispatch_request()
  File "/home/cuartazona/redes/envRedes/lib/python3.8/site-packages/flask/app.py", line 1515, in full_dispatch_request
    rv = self.handle_user_exception(e)
  File "/home/cuartazona/redes/envRedes/lib/python3.8/site-packages/flask/app.py", line 1513, in full_dispatch_request
    rv = self.dispatch_request()
  File "/home/cuartazona/redes/envRedes/lib/python3.8/site-packages/flask/app.py", line 1499, in dispatch_request
    return self.ensure_sync(self.view_functions[rule.endpoint])(**req.view_args)
  File "/home/cuartazona/redes/app/auxiliar.py", line 125, in wrap
    return func(*args, **kwargs)
  File "/home/cuartazona/redes/app/auxiliar.py", line 138, in wrap
    return fn(*args, **kwargs)
  File "/home/cuartazona/redes/app/censo.py", line 1013, in _cumple_inspeccion
    cumple, texto = cumple_todos_parametros(cumplimiento, analiticas)
  File "/home/cuartazona/redes/app/censo.py", line 338, in cumple_todos_parametros
    incumplimientos += "{} ({} {}), ".format(parametro, numero_bonito(int(cumplimiento[decreto_local][parametro][muestra][1])), analitica['unidades'])
ValueError: invalid literal for int() with base 10: '5.5-9'
ERROR:app:Exception on /ficha_industria-511 [GET]
Traceback (most recent call last):
  File "/home/cuartazona/redes/envRedes/lib/python3.8/site-packages/flask/app.py", line 2070, in wsgi_app
    response = self.full_dispatch_request()
  File "/home/cuartazona/redes/envRedes/lib/python3.8/site-packages/flask/app.py", line 1515, in full_dispatch_request
    rv = self.handle_user_exception(e)
  File "/home/cuartazona/redes/envRedes/lib/python3.8/site-packages/flask/app.py", line 1513, in full_dispatch_request
    rv = self.dispatch_request()
  File "/home/cuartazona/redes/envRedes/lib/python3.8/site-packages/flask/app.py", line 1499, in dispatch_request
    return self.ensure_sync(self.view_functions[rule.endpoint])(**req.view_args)
  File "/home/cuartazona/redes/app/auxiliar.py", line 113, in wrap
    return f(*args, **kwargs)
  File "/home/cuartazona/redes/app/censo.py", line 201, in ficha_industria_imprimir
    cur.execute("SELECT * FROM doc_normativos DN INNER JOIN parametros_DN p ON p.id_DN = DN.id WHERE cod_concello = ? OR DN.id = 1", (industria['concello_PV'],))
TypeError: 'NoneType' object is not subscriptable
ERROR:app:Exception on /ficha_industria-384 [GET]
Traceback (most recent call last):
  File "/home/cuartazona/redes/envRedes/lib/python3.8/site-packages/flask/app.py", line 2070, in wsgi_app
    response = self.full_dispatch_request()
  File "/home/cuartazona/redes/envRedes/lib/python3.8/site-packages/flask/app.py", line 1515, in full_dispatch_request
    rv = self.handle_user_exception(e)
  File "/home/cuartazona/redes/envRedes/lib/python3.8/site-packages/flask/app.py", line 1513, in full_dispatch_request
    rv = self.dispatch_request()
  File "/home/cuartazona/redes/envRedes/lib/python3.8/site-packages/flask/app.py", line 1499, in dispatch_request
    return self.ensure_sync(self.view_functions[rule.endpoint])(**req.view_args)
  File "/home/cuartazona/redes/app/auxiliar.py", line 113, in wrap
    return f(*args, **kwargs)
  File "/home/cuartazona/redes/app/censo.py", line 204, in ficha_industria_imprimir
    cumplimiento = evalua_cumplimiento(analiticas, doc_normativos_parametros)
  File "/home/cuartazona/redes/app/censo.py", line 313, in evalua_cumplimiento
    elif (analitica['valor'] * (1 - analitica['incertidumbre'])) > float(parametroDN['valor_limite']):
TypeError: can't multiply sequence by non-int of type 'float'
ERROR:app:Exception on /ficha_industria-381 [GET]
Traceback (most recent call last):
  File "/home/cuartazona/redes/envRedes/lib/python3.8/site-packages/flask/app.py", line 2070, in wsgi_app
    response = self.full_dispatch_request()
  File "/home/cuartazona/redes/envRedes/lib/python3.8/site-packages/flask/app.py", line 1515, in full_dispatch_request
    rv = self.handle_user_exception(e)
  File "/home/cuartazona/redes/envRedes/lib/python3.8/site-packages/flask/app.py", line 1513, in full_dispatch_request
    rv = self.dispatch_request()
  File "/home/cuartazona/redes/envRedes/lib/python3.8/site-packages/flask/app.py", line 1499, in dispatch_request
    return self.ensure_sync(self.view_functions[rule.endpoint])(**req.view_args)
  File "/home/cuartazona/redes/app/auxiliar.py", line 113, in wrap
    return f(*args, **kwargs)
  File "/home/cuartazona/redes/app/censo.py", line 198, in ficha_industria_imprimir
    cur.execute("SELECT * FROM analiticas WHERE id_muestra in {}".format(tuple(id_muestras)))
sqlite3.OperationalError: near ")": syntax error
ERROR:app:Exception on /ficha_industria-865 [GET]
Traceback (most recent call last):
  File "/home/cuartazona/redes/envRedes/lib/python3.8/site-packages/flask/app.py", line 2070, in wsgi_app
    response = self.full_dispatch_request()
  File "/home/cuartazona/redes/envRedes/lib/python3.8/site-packages/flask/app.py", line 1515, in full_dispatch_request
    rv = self.handle_user_exception(e)
  File "/home/cuartazona/redes/envRedes/lib/python3.8/site-packages/flask/app.py", line 1513, in full_dispatch_request
    rv = self.dispatch_request()
  File "/home/cuartazona/redes/envRedes/lib/python3.8/site-packages/flask/app.py", line 1499, in dispatch_request
    return self.ensure_sync(self.view_functions[rule.endpoint])(**req.view_args)
  File "/home/cuartazona/redes/app/auxiliar.py", line 113, in wrap
    return f(*args, **kwargs)
  File "/home/cuartazona/redes/app/censo.py", line 198, in ficha_industria_imprimir
    cur.execute("SELECT * FROM analiticas WHERE id_muestra in {}".format(tuple(id_muestras)))
sqlite3.OperationalError: near ")": syntax error
ERROR:app:Exception on /ficha_industria-813 [GET]
Traceback (most recent call last):
  File "/home/cuartazona/redes/envRedes/lib/python3.8/site-packages/flask/app.py", line 2070, in wsgi_app
    response = self.full_dispatch_request()
  File "/home/cuartazona/redes/envRedes/lib/python3.8/site-packages/flask/app.py", line 1515, in full_dispatch_request
    rv = self.handle_user_exception(e)
  File "/home/cuartazona/redes/envRedes/lib/python3.8/site-packages/flask/app.py", line 1513, in full_dispatch_request
    rv = self.dispatch_request()
  File "/home/cuartazona/redes/envRedes/lib/python3.8/site-packages/flask/app.py", line 1499, in dispatch_request
    return self.ensure_sync(self.view_functions[rule.endpoint])(**req.view_args)
  File "/home/cuartazona/redes/app/auxiliar.py", line 113, in wrap
    return f(*args, **kwargs)
  File "/home/cuartazona/redes/app/censo.py", line 204, in ficha_industria_imprimir
    cumplimiento = evalua_cumplimiento(analiticas, doc_normativos_parametros)
  File "/home/cuartazona/redes/app/censo.py", line 313, in evalua_cumplimiento
    elif (analitica['valor'] * (1 - analitica['incertidumbre'])) > float(parametroDN['valor_limite']):
TypeError: can't multiply sequence by non-int of type 'float'
ERROR:app:Exception on /ficha_industria-1862 [GET]
Traceback (most recent call last):
  File "/home/cuartazona/redes/envRedes/lib/python3.8/site-packages/flask/app.py", line 2070, in wsgi_app
    response = self.full_dispatch_request()
  File "/home/cuartazona/redes/envRedes/lib/python3.8/site-packages/flask/app.py", line 1515, in full_dispatch_request
    rv = self.handle_user_exception(e)
  File "/home/cuartazona/redes/envRedes/lib/python3.8/site-packages/flask/app.py", line 1513, in full_dispatch_request
    rv = self.dispatch_request()
  File "/home/cuartazona/redes/envRedes/lib/python3.8/site-packages/flask/app.py", line 1499, in dispatch_request
    return self.ensure_sync(self.view_functions[rule.endpoint])(**req.view_args)
  File "/home/cuartazona/redes/app/auxiliar.py", line 113, in wrap
    return f(*args, **kwargs)
  File "/home/cuartazona/redes/app/censo.py", line 204, in ficha_industria_imprimir
    cumplimiento = evalua_cumplimiento(analiticas, doc_normativos_parametros)
  File "/home/cuartazona/redes/app/censo.py", line 313, in evalua_cumplimiento
    elif (analitica['valor'] * (1 - analitica['incertidumbre'])) > float(parametroDN['valor_limite']):
TypeError: can't multiply sequence by non-int of type 'float'
ERROR:app:Exception on /_nueva_inspeccion_industria [POST]
Traceback (most recent call last):
  File "/home/cuartazona/redes/envRedes/lib/python3.8/site-packages/flask/app.py", line 2070, in wsgi_app
    response = self.full_dispatch_request()
  File "/home/cuartazona/redes/envRedes/lib/python3.8/site-packages/flask/app.py", line 1515, in full_dispatch_request
    rv = self.handle_user_exception(e)
  File "/home/cuartazona/redes/envRedes/lib/python3.8/site-packages/flask/app.py", line 1513, in full_dispatch_request
    rv = self.dispatch_request()
  File "/home/cuartazona/redes/envRedes/lib/python3.8/site-packages/flask/app.py", line 1499, in dispatch_request
    return self.ensure_sync(self.view_functions[rule.endpoint])(**req.view_args)
  File "/home/cuartazona/redes/app/auxiliar.py", line 125, in wrap
    return func(*args, **kwargs)
  File "/home/cuartazona/redes/app/auxiliar.py", line 138, in wrap
    return fn(*args, **kwargs)
  File "/home/cuartazona/redes/app/censo.py", line 951, in _nueva_inspeccion_ind
    cod_inspeccion = fecha_iso + "_" + sistema + "_" + cod_industria
TypeError: can only concatenate str (not "NoneType") to str
ERROR:app:Exception on /_cumple_inspeccion [GET]
Traceback (most recent call last):
  File "/home/cuartazona/redes/envRedes/lib/python3.8/site-packages/flask/app.py", line 2070, in wsgi_app
    response = self.full_dispatch_request()
  File "/home/cuartazona/redes/envRedes/lib/python3.8/site-packages/flask/app.py", line 1515, in full_dispatch_request
    rv = self.handle_user_exception(e)
  File "/home/cuartazona/redes/envRedes/lib/python3.8/site-packages/flask/app.py", line 1513, in full_dispatch_request
    rv = self.dispatch_request()
  File "/home/cuartazona/redes/envRedes/lib/python3.8/site-packages/flask/app.py", line 1499, in dispatch_request
    return self.ensure_sync(self.view_functions[rule.endpoint])(**req.view_args)
  File "/home/cuartazona/redes/app/auxiliar.py", line 125, in wrap
    return func(*args, **kwargs)
  File "/home/cuartazona/redes/app/auxiliar.py", line 138, in wrap
    return fn(*args, **kwargs)
  File "/home/cuartazona/redes/app/censo.py", line 1012, in _cumple_inspeccion
    cumple, texto = cumple_todos_parametros(cumplimiento, analiticas)
  File "/home/cuartazona/redes/app/censo.py", line 337, in cumple_todos_parametros
    incumplimientos += "{} ({} {}), ".format(parametro, numero_bonito(int(cumplimiento[decreto_local][parametro][muestra][1])), analitica['unidades'])
ValueError: invalid literal for int() with base 10: '5.5-9'
ERROR:app:Exception on /axuste-36-imprimir [GET]
Traceback (most recent call last):
  File "/home/cuartazona/redes/envRedes/lib/python3.8/site-packages/flask/app.py", line 2070, in wsgi_app
    response = self.full_dispatch_request()
  File "/home/cuartazona/redes/envRedes/lib/python3.8/site-packages/flask/app.py", line 1515, in full_dispatch_request
    rv = self.handle_user_exception(e)
  File "/home/cuartazona/redes/envRedes/lib/python3.8/site-packages/flask/app.py", line 1513, in full_dispatch_request
    rv = self.dispatch_request()
  File "/home/cuartazona/redes/envRedes/lib/python3.8/site-packages/flask/app.py", line 1499, in dispatch_request
    return self.ensure_sync(self.view_functions[rule.endpoint])(**req.view_args)
  File "/home/cuartazona/redes/app/auxiliar.py", line 113, in wrap
    return f(*args, **kwargs)
  File "/home/cuartazona/redes/app/verificacion.py", line 170, in pag_ajuste
    return render_template(plantilla,
  File "/home/cuartazona/redes/envRedes/lib/python3.8/site-packages/flask/templating.py", line 147, in render_template
    return _render(
  File "/home/cuartazona/redes/envRedes/lib/python3.8/site-packages/flask/templating.py", line 128, in _render
    rv = template.render(context)
  File "/home/cuartazona/redes/envRedes/lib/python3.8/site-packages/jinja2/environment.py", line 1304, in render
    self.environment.handle_exception()
  File "/home/cuartazona/redes/envRedes/lib/python3.8/site-packages/jinja2/environment.py", line 925, in handle_exception
    raise rewrite_traceback_stack(source=source)
  File "/home/cuartazona/redes/app/templates/html/imprimir/ajuste_imprimir.html", line 1, in top-level template code
    {% extends "html/imprimir/base_imprimir.html" %}
  File "/home/cuartazona/redes/app/templates/html/imprimir/base_imprimir.html", line 172, in top-level template code
    {% block todo %}{% endblock %}
  File "/home/cuartazona/redes/app/templates/html/imprimir/ajuste_imprimir.html", line 150, in block 'todo'
    <span class="">{% if ajuste.comprobacion.valido == 1 %}APTO{% else %}NON APTO{% endif %}</span><br>
  File "/home/cuartazona/redes/envRedes/lib/python3.8/site-packages/jinja2/environment.py", line 474, in getattr
    return getattr(obj, attribute)
jinja2.exceptions.UndefinedError: 'dict object' has no attribute 'comprobacion'
ERROR:app:Exception on /_subir_aai [POST]
Traceback (most recent call last):
  File "/home/cuartazona/redes/envRedes/lib/python3.8/site-packages/flask/app.py", line 2070, in wsgi_app
    response = self.full_dispatch_request()
  File "/home/cuartazona/redes/envRedes/lib/python3.8/site-packages/flask/app.py", line 1515, in full_dispatch_request
    rv = self.handle_user_exception(e)
  File "/home/cuartazona/redes/envRedes/lib/python3.8/site-packages/flask/app.py", line 1513, in full_dispatch_request
    rv = self.dispatch_request()
  File "/home/cuartazona/redes/envRedes/lib/python3.8/site-packages/flask/app.py", line 1499, in dispatch_request
    return self.ensure_sync(self.view_functions[rule.endpoint])(**req.view_args)
  File "/home/cuartazona/redes/app/auxiliar.py", line 125, in wrap
    return func(*args, **kwargs)
  File "/home/cuartazona/redes/app/auxiliar.py", line 138, in wrap
    return fn(*args, **kwargs)
  File "/home/cuartazona/redes/app/censo.py", line 893, in _subir_aai
    nombre_archivo = sistema + "_" + cod_industria
TypeError: can only concatenate str (not "NoneType") to str
ERROR:app:Exception on /_obtener_geoJSON [GET]
Traceback (most recent call last):
  File "/home/cuartazona/redes/envRedes/lib/python3.8/site-packages/flask/app.py", line 2070, in wsgi_app
    response = self.full_dispatch_request()
  File "/home/cuartazona/redes/envRedes/lib/python3.8/site-packages/flask/app.py", line 1515, in full_dispatch_request
    rv = self.handle_user_exception(e)
  File "/home/cuartazona/redes/envRedes/lib/python3.8/site-packages/flask/app.py", line 1513, in full_dispatch_request
    rv = self.dispatch_request()
  File "/home/cuartazona/redes/envRedes/lib/python3.8/site-packages/flask/app.py", line 1499, in dispatch_request
    return self.ensure_sync(self.view_functions[rule.endpoint])(**req.view_args)
  File "/home/cuartazona/redes/app/auxiliar.py", line 221, in obtener_geoJSON
    usuario = session['username']
  File "/home/cuartazona/redes/envRedes/lib/python3.8/site-packages/flask/sessions.py", line 79, in __getitem__
    return super().__getitem__(key)
KeyError: 'username'
ERROR:app:Exception on /descargar_verificacion-36 [GET]
Traceback (most recent call last):
  File "/home/cuartazona/redes/envRedes/lib/python3.8/site-packages/flask/app.py", line 2070, in wsgi_app
    response = self.full_dispatch_request()
  File "/home/cuartazona/redes/envRedes/lib/python3.8/site-packages/flask/app.py", line 1515, in full_dispatch_request
    rv = self.handle_user_exception(e)
  File "/home/cuartazona/redes/envRedes/lib/python3.8/site-packages/flask/app.py", line 1513, in full_dispatch_request
    rv = self.dispatch_request()
  File "/home/cuartazona/redes/envRedes/lib/python3.8/site-packages/flask/app.py", line 1499, in dispatch_request
    return self.ensure_sync(self.view_functions[rule.endpoint])(**req.view_args)
  File "/home/cuartazona/redes/app/auxiliar.py", line 125, in wrap
    return func(*args, **kwargs)
  File "/home/cuartazona/redes/app/verificacion.py", line 62, in descargar_verificacion
    fecha_fin = datetime.fromtimestamp(verificacion['fecha_fin']).strftime("%Y%m%d")
TypeError: an integer is required (got type NoneType)
ERROR:app:Exception on /_obtener_geoJSON [GET]
Traceback (most recent call last):
  File "/home/cuartazona/redes/envRedes/lib/python3.8/site-packages/flask/app.py", line 2070, in wsgi_app
    response = self.full_dispatch_request()
  File "/home/cuartazona/redes/envRedes/lib/python3.8/site-packages/flask/app.py", line 1515, in full_dispatch_request
    rv = self.handle_user_exception(e)
  File "/home/cuartazona/redes/envRedes/lib/python3.8/site-packages/flask/app.py", line 1513, in full_dispatch_request
    rv = self.dispatch_request()
  File "/home/cuartazona/redes/envRedes/lib/python3.8/site-packages/flask/app.py", line 1499, in dispatch_request
    return self.ensure_sync(self.view_functions[rule.endpoint])(**req.view_args)
  File "/home/cuartazona/redes/app/auxiliar.py", line 221, in obtener_geoJSON
    usuario = session['username']
  File "/home/cuartazona/redes/envRedes/lib/python3.8/site-packages/flask/sessions.py", line 79, in __getitem__
    return super().__getitem__(key)
KeyError: 'username'
ERROR:app:Exception on /_nueva_inspeccion_industria [POST]
Traceback (most recent call last):
  File "/home/cuartazona/redes/envRedes/lib/python3.8/site-packages/flask/app.py", line 2070, in wsgi_app
    response = self.full_dispatch_request()
  File "/home/cuartazona/redes/envRedes/lib/python3.8/site-packages/flask/app.py", line 1515, in full_dispatch_request
    rv = self.handle_user_exception(e)
  File "/home/cuartazona/redes/envRedes/lib/python3.8/site-packages/flask/app.py", line 1513, in full_dispatch_request
    rv = self.dispatch_request()
  File "/home/cuartazona/redes/envRedes/lib/python3.8/site-packages/flask/app.py", line 1499, in dispatch_request
    return self.ensure_sync(self.view_functions[rule.endpoint])(**req.view_args)
  File "/home/cuartazona/redes/app/auxiliar.py", line 125, in wrap
    return func(*args, **kwargs)
  File "/home/cuartazona/redes/app/auxiliar.py", line 138, in wrap
    return fn(*args, **kwargs)
  File "/home/cuartazona/redes/app/censo.py", line 951, in _nueva_inspeccion_ind
    cod_inspeccion = fecha_iso + "_" + sistema + "_" + cod_industria
TypeError: can only concatenate str (not "NoneType") to str
ERROR:app:Exception on /ficha_industria-1388 [GET]
Traceback (most recent call last):
  File "/home/cuartazona/redes/envRedes/lib/python3.8/site-packages/flask/app.py", line 2070, in wsgi_app
    response = self.full_dispatch_request()
  File "/home/cuartazona/redes/envRedes/lib/python3.8/site-packages/flask/app.py", line 1515, in full_dispatch_request
    rv = self.handle_user_exception(e)
  File "/home/cuartazona/redes/envRedes/lib/python3.8/site-packages/flask/app.py", line 1513, in full_dispatch_request
    rv = self.dispatch_request()
  File "/home/cuartazona/redes/envRedes/lib/python3.8/site-packages/flask/app.py", line 1499, in dispatch_request
    return self.ensure_sync(self.view_functions[rule.endpoint])(**req.view_args)
  File "/home/cuartazona/redes/app/auxiliar.py", line 113, in wrap
    return f(*args, **kwargs)
  File "/home/cuartazona/redes/app/censo.py", line 197, in ficha_industria_imprimir
    cur.execute("SELECT * FROM analiticas WHERE id_muestra in {}".format(tuple(id_muestras)))
sqlite3.OperationalError: near ")": syntax error
ERROR:app:Exception on /ficha_industria-1388 [GET]
Traceback (most recent call last):
  File "/home/cuartazona/redes/envRedes/lib/python3.8/site-packages/flask/app.py", line 2070, in wsgi_app
    response = self.full_dispatch_request()
  File "/home/cuartazona/redes/envRedes/lib/python3.8/site-packages/flask/app.py", line 1515, in full_dispatch_request
    rv = self.handle_user_exception(e)
  File "/home/cuartazona/redes/envRedes/lib/python3.8/site-packages/flask/app.py", line 1513, in full_dispatch_request
    rv = self.dispatch_request()
  File "/home/cuartazona/redes/envRedes/lib/python3.8/site-packages/flask/app.py", line 1499, in dispatch_request
    return self.ensure_sync(self.view_functions[rule.endpoint])(**req.view_args)
  File "/home/cuartazona/redes/app/auxiliar.py", line 113, in wrap
    return f(*args, **kwargs)
  File "/home/cuartazona/redes/app/censo.py", line 197, in ficha_industria_imprimir
    cur.execute("SELECT * FROM analiticas WHERE id_muestra in {}".format(tuple(id_muestras)))
sqlite3.OperationalError: near ")": syntax error
ERROR:app:Exception on /_actualiza_elem [POST]
Traceback (most recent call last):
  File "/home/cuartazona/redes/envRedes/lib/python3.8/site-packages/flask/app.py", line 2070, in wsgi_app
    response = self.full_dispatch_request()
  File "/home/cuartazona/redes/envRedes/lib/python3.8/site-packages/flask/app.py", line 1515, in full_dispatch_request
    rv = self.handle_user_exception(e)
  File "/home/cuartazona/redes/envRedes/lib/python3.8/site-packages/flask/app.py", line 1513, in full_dispatch_request
    rv = self.dispatch_request()
  File "/home/cuartazona/redes/envRedes/lib/python3.8/site-packages/flask/app.py", line 1499, in dispatch_request
    return self.ensure_sync(self.view_functions[rule.endpoint])(**req.view_args)
  File "/home/cuartazona/redes/app/auxiliar.py", line 125, in wrap
    return func(*args, **kwargs)
  File "/home/cuartazona/redes/app/auxiliar.py", line 138, in wrap
    return fn(*args, **kwargs)
  File "/home/cuartazona/redes/app/rede.py", line 283, in _actualiza_elem
    cur.execute(SQL_string, tuple(lista_valores))
sqlite3.OperationalError: near "SE": syntax error
ERROR:app:Exception on /_actualiza_elem [POST]
Traceback (most recent call last):
  File "/home/cuartazona/redes/envRedes/lib/python3.8/site-packages/flask/app.py", line 2070, in wsgi_app
    response = self.full_dispatch_request()
  File "/home/cuartazona/redes/envRedes/lib/python3.8/site-packages/flask/app.py", line 1515, in full_dispatch_request
    rv = self.handle_user_exception(e)
  File "/home/cuartazona/redes/envRedes/lib/python3.8/site-packages/flask/app.py", line 1513, in full_dispatch_request
    rv = self.dispatch_request()
  File "/home/cuartazona/redes/envRedes/lib/python3.8/site-packages/flask/app.py", line 1499, in dispatch_request
    return self.ensure_sync(self.view_functions[rule.endpoint])(**req.view_args)
  File "/home/cuartazona/redes/app/auxiliar.py", line 125, in wrap
    return func(*args, **kwargs)
  File "/home/cuartazona/redes/app/auxiliar.py", line 138, in wrap
    return fn(*args, **kwargs)
  File "/home/cuartazona/redes/app/rede.py", line 283, in _actualiza_elem
    cur.execute(SQL_string, tuple(lista_valores))
sqlite3.OperationalError: near "SE": syntax error
ERROR:app:Exception on /_actualiza_elem [POST]
Traceback (most recent call last):
  File "/home/cuartazona/redes/envRedes/lib/python3.8/site-packages/flask/app.py", line 2070, in wsgi_app
    response = self.full_dispatch_request()
  File "/home/cuartazona/redes/envRedes/lib/python3.8/site-packages/flask/app.py", line 1515, in full_dispatch_request
    rv = self.handle_user_exception(e)
  File "/home/cuartazona/redes/envRedes/lib/python3.8/site-packages/flask/app.py", line 1513, in full_dispatch_request
    rv = self.dispatch_request()
  File "/home/cuartazona/redes/envRedes/lib/python3.8/site-packages/flask/app.py", line 1499, in dispatch_request
    return self.ensure_sync(self.view_functions[rule.endpoint])(**req.view_args)
  File "/home/cuartazona/redes/app/auxiliar.py", line 125, in wrap
    return func(*args, **kwargs)
  File "/home/cuartazona/redes/app/auxiliar.py", line 138, in wrap
    return fn(*args, **kwargs)
  File "/home/cuartazona/redes/app/rede.py", line 283, in _actualiza_elem
    cur.execute(SQL_string, tuple(lista_valores))
sqlite3.OperationalError: near "SE": syntax error
ERROR:app:Exception on /censo-BOIR_bio [GET]
Traceback (most recent call last):
  File "/home/cuartazona/redes/envRedes/lib/python3.8/site-packages/flask/app.py", line 2070, in wsgi_app
    response = self.full_dispatch_request()
  File "/home/cuartazona/redes/envRedes/lib/python3.8/site-packages/flask/app.py", line 1515, in full_dispatch_request
    rv = self.handle_user_exception(e)
  File "/home/cuartazona/redes/envRedes/lib/python3.8/site-packages/flask/app.py", line 1513, in full_dispatch_request
    rv = self.dispatch_request()
  File "/home/cuartazona/redes/envRedes/lib/python3.8/site-packages/flask/app.py", line 1499, in dispatch_request
    return self.ensure_sync(self.view_functions[rule.endpoint])(**req.view_args)
  File "/home/cuartazona/redes/app/auxiliar.py", line 113, in wrap
    return f(*args, **kwargs)
  File "/home/cuartazona/redes/app/censo.py", line 65, in redirige_censo
    id_industria, latitud, longitud = cur.fetchone()
TypeError: cannot unpack non-iterable NoneType object
ERROR:app:Exception on /_actualiza_industria [POST]
Traceback (most recent call last):
  File "/home/cuartazona/redes/envRedes/lib/python3.8/site-packages/flask/app.py", line 2070, in wsgi_app
    response = self.full_dispatch_request()
  File "/home/cuartazona/redes/envRedes/lib/python3.8/site-packages/flask/app.py", line 1515, in full_dispatch_request
    rv = self.handle_user_exception(e)
  File "/home/cuartazona/redes/envRedes/lib/python3.8/site-packages/flask/app.py", line 1513, in full_dispatch_request
    rv = self.dispatch_request()
  File "/home/cuartazona/redes/envRedes/lib/python3.8/site-packages/flask/app.py", line 1499, in dispatch_request
    return self.ensure_sync(self.view_functions[rule.endpoint])(**req.view_args)
  File "/home/cuartazona/redes/app/auxiliar.py", line 125, in wrap
    return func(*args, **kwargs)
  File "/home/cuartazona/redes/app/auxiliar.py", line 138, in wrap
    return fn(*args, **kwargs)
  File "/home/cuartazona/redes/app/censo.py", line 598, in _actualiza_industria
    if nueva == 'nueva' and idMuestra in id_nuevas_muestras:
UnboundLocalError: local variable 'id_nuevas_muestras' referenced before assignment
ERROR:app:Exception on /_actualiza_industria [POST]
Traceback (most recent call last):
  File "/home/cuartazona/redes/envRedes/lib/python3.8/site-packages/flask/app.py", line 2070, in wsgi_app
    response = self.full_dispatch_request()
  File "/home/cuartazona/redes/envRedes/lib/python3.8/site-packages/flask/app.py", line 1515, in full_dispatch_request
    rv = self.handle_user_exception(e)
  File "/home/cuartazona/redes/envRedes/lib/python3.8/site-packages/flask/app.py", line 1513, in full_dispatch_request
    rv = self.dispatch_request()
  File "/home/cuartazona/redes/envRedes/lib/python3.8/site-packages/flask/app.py", line 1499, in dispatch_request
    return self.ensure_sync(self.view_functions[rule.endpoint])(**req.view_args)
  File "/home/cuartazona/redes/app/auxiliar.py", line 125, in wrap
    return func(*args, **kwargs)
  File "/home/cuartazona/redes/app/auxiliar.py", line 138, in wrap
    return fn(*args, **kwargs)
  File "/home/cuartazona/redes/app/censo.py", line 598, in _actualiza_industria
    if nueva == 'nueva' and idMuestra in id_nuevas_muestras:
UnboundLocalError: local variable 'id_nuevas_muestras' referenced before assignment
ERROR:app:Exception on /_actualiza_industria [POST]
Traceback (most recent call last):
  File "/home/cuartazona/redes/envRedes/lib/python3.8/site-packages/flask/app.py", line 2070, in wsgi_app
    response = self.full_dispatch_request()
  File "/home/cuartazona/redes/envRedes/lib/python3.8/site-packages/flask/app.py", line 1515, in full_dispatch_request
    rv = self.handle_user_exception(e)
  File "/home/cuartazona/redes/envRedes/lib/python3.8/site-packages/flask/app.py", line 1513, in full_dispatch_request
    rv = self.dispatch_request()
  File "/home/cuartazona/redes/envRedes/lib/python3.8/site-packages/flask/app.py", line 1499, in dispatch_request
    return self.ensure_sync(self.view_functions[rule.endpoint])(**req.view_args)
  File "/home/cuartazona/redes/app/auxiliar.py", line 125, in wrap
    return func(*args, **kwargs)
  File "/home/cuartazona/redes/app/auxiliar.py", line 138, in wrap
    return fn(*args, **kwargs)
  File "/home/cuartazona/redes/app/censo.py", line 598, in _actualiza_industria
    if nueva == 'nueva' and idMuestra in id_nuevas_muestras:
UnboundLocalError: local variable 'id_nuevas_muestras' referenced before assignment
ERROR:app:Exception on /_actualiza_industria [POST]
Traceback (most recent call last):
  File "/home/cuartazona/redes/envRedes/lib/python3.8/site-packages/flask/app.py", line 2070, in wsgi_app
    response = self.full_dispatch_request()
  File "/home/cuartazona/redes/envRedes/lib/python3.8/site-packages/flask/app.py", line 1515, in full_dispatch_request
    rv = self.handle_user_exception(e)
  File "/home/cuartazona/redes/envRedes/lib/python3.8/site-packages/flask/app.py", line 1513, in full_dispatch_request
    rv = self.dispatch_request()
  File "/home/cuartazona/redes/envRedes/lib/python3.8/site-packages/flask/app.py", line 1499, in dispatch_request
    return self.ensure_sync(self.view_functions[rule.endpoint])(**req.view_args)
  File "/home/cuartazona/redes/app/auxiliar.py", line 125, in wrap
    return func(*args, **kwargs)
  File "/home/cuartazona/redes/app/auxiliar.py", line 138, in wrap
    return fn(*args, **kwargs)
  File "/home/cuartazona/redes/app/censo.py", line 598, in _actualiza_industria
    if nueva == 'nueva' and idMuestra in id_nuevas_muestras:
UnboundLocalError: local variable 'id_nuevas_muestras' referenced before assignment
ERROR:app:Exception on /_actualiza_industria [POST]
Traceback (most recent call last):
  File "/home/cuartazona/redes/envRedes/lib/python3.8/site-packages/flask/app.py", line 2070, in wsgi_app
    response = self.full_dispatch_request()
  File "/home/cuartazona/redes/envRedes/lib/python3.8/site-packages/flask/app.py", line 1515, in full_dispatch_request
    rv = self.handle_user_exception(e)
  File "/home/cuartazona/redes/envRedes/lib/python3.8/site-packages/flask/app.py", line 1513, in full_dispatch_request
    rv = self.dispatch_request()
  File "/home/cuartazona/redes/envRedes/lib/python3.8/site-packages/flask/app.py", line 1499, in dispatch_request
    return self.ensure_sync(self.view_functions[rule.endpoint])(**req.view_args)
  File "/home/cuartazona/redes/app/auxiliar.py", line 125, in wrap
    return func(*args, **kwargs)
  File "/home/cuartazona/redes/app/auxiliar.py", line 138, in wrap
    return fn(*args, **kwargs)
  File "/home/cuartazona/redes/app/censo.py", line 598, in _actualiza_industria
    if nueva == 'nueva' and idMuestra in id_nuevas_muestras:
UnboundLocalError: local variable 'id_nuevas_muestras' referenced before assignment
ERROR:app:Exception on /ficha_industria-1638 [GET]
Traceback (most recent call last):
  File "/home/cuartazona/redes/envRedes/lib/python3.8/site-packages/flask/app.py", line 2070, in wsgi_app
    response = self.full_dispatch_request()
  File "/home/cuartazona/redes/envRedes/lib/python3.8/site-packages/flask/app.py", line 1515, in full_dispatch_request
    rv = self.handle_user_exception(e)
  File "/home/cuartazona/redes/envRedes/lib/python3.8/site-packages/flask/app.py", line 1513, in full_dispatch_request
    rv = self.dispatch_request()
  File "/home/cuartazona/redes/envRedes/lib/python3.8/site-packages/flask/app.py", line 1499, in dispatch_request
    return self.ensure_sync(self.view_functions[rule.endpoint])(**req.view_args)
  File "/home/cuartazona/redes/app/auxiliar.py", line 113, in wrap
    return f(*args, **kwargs)
  File "/home/cuartazona/redes/app/censo.py", line 216, in ficha_industria_imprimir
    cumplimiento = evalua_cumplimiento(analiticas, doc_normativos_parametros)
  File "/home/cuartazona/redes/app/censo.py", line 325, in evalua_cumplimiento
    elif (analitica['valor'] * (1 - analitica['incertidumbre'])) > float(parametroDN['valor_limite']):
TypeError: can't multiply sequence by non-int of type 'float'
ERROR:app:Exception on /censo-PLAC_CAV [GET]
Traceback (most recent call last):
  File "/home/cuartazona/redes/envRedes/lib/python3.8/site-packages/flask/app.py", line 2070, in wsgi_app
    response = self.full_dispatch_request()
  File "/home/cuartazona/redes/envRedes/lib/python3.8/site-packages/flask/app.py", line 1515, in full_dispatch_request
    rv = self.handle_user_exception(e)
  File "/home/cuartazona/redes/envRedes/lib/python3.8/site-packages/flask/app.py", line 1513, in full_dispatch_request
    rv = self.dispatch_request()
  File "/home/cuartazona/redes/envRedes/lib/python3.8/site-packages/flask/app.py", line 1499, in dispatch_request
    return self.ensure_sync(self.view_functions[rule.endpoint])(**req.view_args)
  File "/home/cuartazona/redes/app/auxiliar.py", line 113, in wrap
    return f(*args, **kwargs)
  File "/home/cuartazona/redes/app/censo.py", line 65, in redirige_censo
    id_industria, latitud, longitud = cur.fetchone()
TypeError: cannot unpack non-iterable NoneType object
ERROR:app:Exception on /censo-PLAC_CEF [GET]
Traceback (most recent call last):
  File "/home/cuartazona/redes/envRedes/lib/python3.8/site-packages/flask/app.py", line 2070, in wsgi_app
    response = self.full_dispatch_request()
  File "/home/cuartazona/redes/envRedes/lib/python3.8/site-packages/flask/app.py", line 1515, in full_dispatch_request
    rv = self.handle_user_exception(e)
  File "/home/cuartazona/redes/envRedes/lib/python3.8/site-packages/flask/app.py", line 1513, in full_dispatch_request
    rv = self.dispatch_request()
  File "/home/cuartazona/redes/envRedes/lib/python3.8/site-packages/flask/app.py", line 1499, in dispatch_request
    return self.ensure_sync(self.view_functions[rule.endpoint])(**req.view_args)
  File "/home/cuartazona/redes/app/auxiliar.py", line 113, in wrap
    return f(*args, **kwargs)
  File "/home/cuartazona/redes/app/censo.py", line 65, in redirige_censo
    id_industria, latitud, longitud = cur.fetchone()
TypeError: cannot unpack non-iterable NoneType object
ERROR:app:Exception on /ficha_industria-7594 [GET]
Traceback (most recent call last):
  File "/home/cuartazona/redes/envRedes/lib/python3.8/site-packages/flask/app.py", line 2070, in wsgi_app
    response = self.full_dispatch_request()
  File "/home/cuartazona/redes/envRedes/lib/python3.8/site-packages/flask/app.py", line 1515, in full_dispatch_request
    rv = self.handle_user_exception(e)
  File "/home/cuartazona/redes/envRedes/lib/python3.8/site-packages/flask/app.py", line 1513, in full_dispatch_request
    rv = self.dispatch_request()
  File "/home/cuartazona/redes/envRedes/lib/python3.8/site-packages/flask/app.py", line 1499, in dispatch_request
    return self.ensure_sync(self.view_functions[rule.endpoint])(**req.view_args)
  File "/home/cuartazona/redes/app/auxiliar.py", line 113, in wrap
    return f(*args, **kwargs)
  File "/home/cuartazona/redes/app/censo.py", line 232, in ficha_industria_imprimir
    coordenadas['PV'] = utm.from_latlon(industria['latitud_PV'], industria['longitud_PV'])
  File "/home/cuartazona/redes/envRedes/lib/python3.8/site-packages/utm/conversion.py", line 228, in from_latlon
    if not in_bounds(latitude, -80.0, 84.0):
  File "/home/cuartazona/redes/envRedes/lib/python3.8/site-packages/utm/conversion.py", line 50, in in_bounds
    return lower <= x <= upper
TypeError: '<=' not supported between instances of 'float' and 'NoneType'
ERROR:app:Exception on /ficha_industria-7611 [GET]
Traceback (most recent call last):
  File "/home/cuartazona/redes/envRedes/lib/python3.8/site-packages/flask/app.py", line 2070, in wsgi_app
    response = self.full_dispatch_request()
  File "/home/cuartazona/redes/envRedes/lib/python3.8/site-packages/flask/app.py", line 1515, in full_dispatch_request
    rv = self.handle_user_exception(e)
  File "/home/cuartazona/redes/envRedes/lib/python3.8/site-packages/flask/app.py", line 1513, in full_dispatch_request
    rv = self.dispatch_request()
  File "/home/cuartazona/redes/envRedes/lib/python3.8/site-packages/flask/app.py", line 1499, in dispatch_request
    return self.ensure_sync(self.view_functions[rule.endpoint])(**req.view_args)
  File "/home/cuartazona/redes/app/auxiliar.py", line 113, in wrap
    return f(*args, **kwargs)
  File "/home/cuartazona/redes/app/censo.py", line 232, in ficha_industria_imprimir
    coordenadas['PV'] = utm.from_latlon(industria['latitud_PV'], industria['longitud_PV'])
  File "/home/cuartazona/redes/envRedes/lib/python3.8/site-packages/utm/conversion.py", line 228, in from_latlon
    if not in_bounds(latitude, -80.0, 84.0):
  File "/home/cuartazona/redes/envRedes/lib/python3.8/site-packages/utm/conversion.py", line 50, in in_bounds
    return lower <= x <= upper
TypeError: '<=' not supported between instances of 'float' and 'NoneType'
ERROR:app:Exception on /_nueva_inspeccion_industria [POST]
Traceback (most recent call last):
  File "/home/cuartazona/redes/envRedes/lib/python3.8/site-packages/flask/app.py", line 2070, in wsgi_app
    response = self.full_dispatch_request()
  File "/home/cuartazona/redes/envRedes/lib/python3.8/site-packages/flask/app.py", line 1515, in full_dispatch_request
    rv = self.handle_user_exception(e)
  File "/home/cuartazona/redes/envRedes/lib/python3.8/site-packages/flask/app.py", line 1513, in full_dispatch_request
    rv = self.dispatch_request()
  File "/home/cuartazona/redes/envRedes/lib/python3.8/site-packages/flask/app.py", line 1499, in dispatch_request
    return self.ensure_sync(self.view_functions[rule.endpoint])(**req.view_args)
  File "/home/cuartazona/redes/app/auxiliar.py", line 125, in wrap
    return func(*args, **kwargs)
  File "/home/cuartazona/redes/app/auxiliar.py", line 138, in wrap
    return fn(*args, **kwargs)
  File "/home/cuartazona/redes/app/censo.py", line 966, in _nueva_inspeccion_ind
    cod_inspeccion = fecha_iso + "_" + sistema + "_" + cod_industria
TypeError: can only concatenate str (not "NoneType") to str
ERROR:app:Exception on /_nueva_inspeccion_industria [POST]
Traceback (most recent call last):
  File "/home/cuartazona/redes/envRedes/lib/python3.8/site-packages/flask/app.py", line 2070, in wsgi_app
    response = self.full_dispatch_request()
  File "/home/cuartazona/redes/envRedes/lib/python3.8/site-packages/flask/app.py", line 1515, in full_dispatch_request
    rv = self.handle_user_exception(e)
  File "/home/cuartazona/redes/envRedes/lib/python3.8/site-packages/flask/app.py", line 1513, in full_dispatch_request
    rv = self.dispatch_request()
  File "/home/cuartazona/redes/envRedes/lib/python3.8/site-packages/flask/app.py", line 1499, in dispatch_request
    return self.ensure_sync(self.view_functions[rule.endpoint])(**req.view_args)
  File "/home/cuartazona/redes/app/auxiliar.py", line 125, in wrap
    return func(*args, **kwargs)
  File "/home/cuartazona/redes/app/auxiliar.py", line 138, in wrap
    return fn(*args, **kwargs)
  File "/home/cuartazona/redes/app/censo.py", line 966, in _nueva_inspeccion_ind
    cod_inspeccion = fecha_iso + "_" + sistema + "_" + cod_industria
TypeError: can only concatenate str (not "NoneType") to str
ERROR:app:Exception on /_crea_industria [POST]
Traceback (most recent call last):
  File "/home/cuartazona/redes/envRedes/lib/python3.8/site-packages/flask/app.py", line 2070, in wsgi_app
    response = self.full_dispatch_request()
  File "/home/cuartazona/redes/envRedes/lib/python3.8/site-packages/flask/app.py", line 1515, in full_dispatch_request
    rv = self.handle_user_exception(e)
  File "/home/cuartazona/redes/envRedes/lib/python3.8/site-packages/flask/app.py", line 1513, in full_dispatch_request
    rv = self.dispatch_request()
  File "/home/cuartazona/redes/envRedes/lib/python3.8/site-packages/flask/app.py", line 1499, in dispatch_request
    return self.ensure_sync(self.view_functions[rule.endpoint])(**req.view_args)
  File "/home/cuartazona/redes/app/auxiliar.py", line 125, in wrap
    return func(*args, **kwargs)
  File "/home/cuartazona/redes/app/auxiliar.py", line 138, in wrap
    return fn(*args, **kwargs)
  File "/home/cuartazona/redes/app/censo.py", line 729, in _crea_industria
    concello = _que_concello(usuario=usuario, latitud=lat, longitud=lon).json
  File "/home/cuartazona/redes/app/auxiliar.py", line 125, in wrap
    return func(*args, **kwargs)
  File "/home/cuartazona/redes/app/auxiliar.py", line 333, in _que_concello
    punto_cercano = nearest_points(punto_elemento, MultiPoint(centroides))[1]
  File "/home/cuartazona/redes/envRedes/lib/python3.8/site-packages/shapely/ops.py", line 338, in nearest_points
    raise ValueError('The second input geometry is empty')
ValueError: The second input geometry is empty
ERROR:app:Exception on /_que_concello [GET]
Traceback (most recent call last):
  File "/home/cuartazona/redes/envRedes/lib/python3.8/site-packages/flask/app.py", line 2070, in wsgi_app
    response = self.full_dispatch_request()
  File "/home/cuartazona/redes/envRedes/lib/python3.8/site-packages/flask/app.py", line 1515, in full_dispatch_request
    rv = self.handle_user_exception(e)
  File "/home/cuartazona/redes/envRedes/lib/python3.8/site-packages/flask/app.py", line 1513, in full_dispatch_request
    rv = self.dispatch_request()
  File "/home/cuartazona/redes/envRedes/lib/python3.8/site-packages/flask/app.py", line 1499, in dispatch_request
    return self.ensure_sync(self.view_functions[rule.endpoint])(**req.view_args)
  File "/home/cuartazona/redes/app/auxiliar.py", line 125, in wrap
    return func(*args, **kwargs)
  File "/home/cuartazona/redes/app/auxiliar.py", line 333, in _que_concello
    punto_cercano = nearest_points(punto_elemento, MultiPoint(centroides))[1]
  File "/home/cuartazona/redes/envRedes/lib/python3.8/site-packages/shapely/ops.py", line 338, in nearest_points
    raise ValueError('The second input geometry is empty')
ValueError: The second input geometry is empty
ERROR:app:Exception on /censo-DODR_FESB [GET]
Traceback (most recent call last):
  File "/home/cuartazona/redes/envRedes/lib/python3.8/site-packages/flask/app.py", line 2070, in wsgi_app
    response = self.full_dispatch_request()
  File "/home/cuartazona/redes/envRedes/lib/python3.8/site-packages/flask/app.py", line 1515, in full_dispatch_request
    rv = self.handle_user_exception(e)
  File "/home/cuartazona/redes/envRedes/lib/python3.8/site-packages/flask/app.py", line 1513, in full_dispatch_request
    rv = self.dispatch_request()
  File "/home/cuartazona/redes/envRedes/lib/python3.8/site-packages/flask/app.py", line 1499, in dispatch_request
    return self.ensure_sync(self.view_functions[rule.endpoint])(**req.view_args)
  File "/home/cuartazona/redes/app/auxiliar.py", line 113, in wrap
    return f(*args, **kwargs)
  File "/home/cuartazona/redes/app/censo.py", line 65, in redirige_censo
    id_industria, latitud, longitud = cur.fetchone()
TypeError: cannot unpack non-iterable NoneType object
ERROR:app:Exception on /censo-PLAC_AL [GET]
Traceback (most recent call last):
  File "/home/cuartazona/redes/envRedes/lib/python3.8/site-packages/flask/app.py", line 2070, in wsgi_app
    response = self.full_dispatch_request()
  File "/home/cuartazona/redes/envRedes/lib/python3.8/site-packages/flask/app.py", line 1515, in full_dispatch_request
    rv = self.handle_user_exception(e)
  File "/home/cuartazona/redes/envRedes/lib/python3.8/site-packages/flask/app.py", line 1513, in full_dispatch_request
    rv = self.dispatch_request()
  File "/home/cuartazona/redes/envRedes/lib/python3.8/site-packages/flask/app.py", line 1499, in dispatch_request
    return self.ensure_sync(self.view_functions[rule.endpoint])(**req.view_args)
  File "/home/cuartazona/redes/app/auxiliar.py", line 113, in wrap
    return f(*args, **kwargs)
  File "/home/cuartazona/redes/app/censo.py", line 65, in redirige_censo
    id_industria, latitud, longitud = cur.fetchone()
TypeError: cannot unpack non-iterable NoneType object
ERROR:app:Exception on /_nueva_inspeccion_industria [POST]
Traceback (most recent call last):
  File "/home/cuartazona/redes/envRedes/lib/python3.8/site-packages/flask/app.py", line 2070, in wsgi_app
    response = self.full_dispatch_request()
  File "/home/cuartazona/redes/envRedes/lib/python3.8/site-packages/flask/app.py", line 1515, in full_dispatch_request
    rv = self.handle_user_exception(e)
  File "/home/cuartazona/redes/envRedes/lib/python3.8/site-packages/flask/app.py", line 1513, in full_dispatch_request
    rv = self.dispatch_request()
  File "/home/cuartazona/redes/envRedes/lib/python3.8/site-packages/flask/app.py", line 1499, in dispatch_request
    return self.ensure_sync(self.view_functions[rule.endpoint])(**req.view_args)
  File "/home/cuartazona/redes/app/auxiliar.py", line 125, in wrap
    return func(*args, **kwargs)
  File "/home/cuartazona/redes/app/auxiliar.py", line 138, in wrap
    return fn(*args, **kwargs)
  File "/home/cuartazona/redes/app/censo.py", line 966, in _nueva_inspeccion_ind
    cod_inspeccion = fecha_iso + "_" + sistema + "_" + cod_industria
TypeError: can only concatenate str (not "NoneType") to str
ERROR:app:Exception on /_nueva_inspeccion_industria [POST]
Traceback (most recent call last):
  File "/home/cuartazona/redes/envRedes/lib/python3.8/site-packages/flask/app.py", line 2070, in wsgi_app
    response = self.full_dispatch_request()
  File "/home/cuartazona/redes/envRedes/lib/python3.8/site-packages/flask/app.py", line 1515, in full_dispatch_request
    rv = self.handle_user_exception(e)
  File "/home/cuartazona/redes/envRedes/lib/python3.8/site-packages/flask/app.py", line 1513, in full_dispatch_request
    rv = self.dispatch_request()
  File "/home/cuartazona/redes/envRedes/lib/python3.8/site-packages/flask/app.py", line 1499, in dispatch_request
    return self.ensure_sync(self.view_functions[rule.endpoint])(**req.view_args)
  File "/home/cuartazona/redes/app/auxiliar.py", line 125, in wrap
    return func(*args, **kwargs)
  File "/home/cuartazona/redes/app/auxiliar.py", line 138, in wrap
    return fn(*args, **kwargs)
  File "/home/cuartazona/redes/app/censo.py", line 966, in _nueva_inspeccion_ind
    cod_inspeccion = fecha_iso + "_" + sistema + "_" + cod_industria
TypeError: can only concatenate str (not "NoneType") to str
ERROR:app:Exception on /_crea_industria [POST]
Traceback (most recent call last):
  File "/home/cuartazona/redes/envRedes/lib/python3.8/site-packages/flask/app.py", line 2070, in wsgi_app
    response = self.full_dispatch_request()
  File "/home/cuartazona/redes/envRedes/lib/python3.8/site-packages/flask/app.py", line 1515, in full_dispatch_request
    rv = self.handle_user_exception(e)
  File "/home/cuartazona/redes/envRedes/lib/python3.8/site-packages/flask/app.py", line 1513, in full_dispatch_request
    rv = self.dispatch_request()
  File "/home/cuartazona/redes/envRedes/lib/python3.8/site-packages/flask/app.py", line 1499, in dispatch_request
    return self.ensure_sync(self.view_functions[rule.endpoint])(**req.view_args)
  File "/home/cuartazona/redes/app/auxiliar.py", line 125, in wrap
    return func(*args, **kwargs)
  File "/home/cuartazona/redes/app/auxiliar.py", line 138, in wrap
    return fn(*args, **kwargs)
  File "/home/cuartazona/redes/app/censo.py", line 729, in _crea_industria
    concello = _que_concello(usuario=usuario, latitud=lat, longitud=lon).json
  File "/home/cuartazona/redes/app/auxiliar.py", line 125, in wrap
    return func(*args, **kwargs)
  File "/home/cuartazona/redes/app/auxiliar.py", line 333, in _que_concello
    punto_cercano = nearest_points(punto_elemento, MultiPoint(centroides))[1]
  File "/home/cuartazona/redes/envRedes/lib/python3.8/site-packages/shapely/ops.py", line 338, in nearest_points
    raise ValueError('The second input geometry is empty')
ValueError: The second input geometry is empty
ERROR:app:Exception on /_crea_industria [POST]
Traceback (most recent call last):
  File "/home/cuartazona/redes/envRedes/lib/python3.8/site-packages/flask/app.py", line 2070, in wsgi_app
    response = self.full_dispatch_request()
  File "/home/cuartazona/redes/envRedes/lib/python3.8/site-packages/flask/app.py", line 1515, in full_dispatch_request
    rv = self.handle_user_exception(e)
  File "/home/cuartazona/redes/envRedes/lib/python3.8/site-packages/flask/app.py", line 1513, in full_dispatch_request
    rv = self.dispatch_request()
  File "/home/cuartazona/redes/envRedes/lib/python3.8/site-packages/flask/app.py", line 1499, in dispatch_request
    return self.ensure_sync(self.view_functions[rule.endpoint])(**req.view_args)
  File "/home/cuartazona/redes/app/auxiliar.py", line 125, in wrap
    return func(*args, **kwargs)
  File "/home/cuartazona/redes/app/auxiliar.py", line 138, in wrap
    return fn(*args, **kwargs)
  File "/home/cuartazona/redes/app/censo.py", line 729, in _crea_industria
    concello = _que_concello(usuario=usuario, latitud=lat, longitud=lon).json
  File "/home/cuartazona/redes/app/auxiliar.py", line 125, in wrap
    return func(*args, **kwargs)
  File "/home/cuartazona/redes/app/auxiliar.py", line 333, in _que_concello
    punto_cercano = nearest_points(punto_elemento, MultiPoint(centroides))[1]
  File "/home/cuartazona/redes/envRedes/lib/python3.8/site-packages/shapely/ops.py", line 338, in nearest_points
    raise ValueError('The second input geometry is empty')
ValueError: The second input geometry is empty
ERROR:app:Exception on /_crea_industria [POST]
Traceback (most recent call last):
  File "/home/cuartazona/redes/envRedes/lib/python3.8/site-packages/flask/app.py", line 2070, in wsgi_app
    response = self.full_dispatch_request()
  File "/home/cuartazona/redes/envRedes/lib/python3.8/site-packages/flask/app.py", line 1515, in full_dispatch_request
    rv = self.handle_user_exception(e)
  File "/home/cuartazona/redes/envRedes/lib/python3.8/site-packages/flask/app.py", line 1513, in full_dispatch_request
    rv = self.dispatch_request()
  File "/home/cuartazona/redes/envRedes/lib/python3.8/site-packages/flask/app.py", line 1499, in dispatch_request
    return self.ensure_sync(self.view_functions[rule.endpoint])(**req.view_args)
  File "/home/cuartazona/redes/app/auxiliar.py", line 125, in wrap
    return func(*args, **kwargs)
  File "/home/cuartazona/redes/app/auxiliar.py", line 138, in wrap
    return fn(*args, **kwargs)
  File "/home/cuartazona/redes/app/censo.py", line 729, in _crea_industria
    concello = _que_concello(usuario=usuario, latitud=lat, longitud=lon).json
  File "/home/cuartazona/redes/app/auxiliar.py", line 125, in wrap
    return func(*args, **kwargs)
  File "/home/cuartazona/redes/app/auxiliar.py", line 333, in _que_concello
    punto_cercano = nearest_points(punto_elemento, MultiPoint(centroides))[1]
  File "/home/cuartazona/redes/envRedes/lib/python3.8/site-packages/shapely/ops.py", line 338, in nearest_points
    raise ValueError('The second input geometry is empty')
ValueError: The second input geometry is empty
ERROR:app:Exception on /_crea_industria [POST]
Traceback (most recent call last):
  File "/home/cuartazona/redes/envRedes/lib/python3.8/site-packages/flask/app.py", line 2070, in wsgi_app
    response = self.full_dispatch_request()
  File "/home/cuartazona/redes/envRedes/lib/python3.8/site-packages/flask/app.py", line 1515, in full_dispatch_request
    rv = self.handle_user_exception(e)
  File "/home/cuartazona/redes/envRedes/lib/python3.8/site-packages/flask/app.py", line 1513, in full_dispatch_request
    rv = self.dispatch_request()
  File "/home/cuartazona/redes/envRedes/lib/python3.8/site-packages/flask/app.py", line 1499, in dispatch_request
    return self.ensure_sync(self.view_functions[rule.endpoint])(**req.view_args)
  File "/home/cuartazona/redes/app/auxiliar.py", line 125, in wrap
    return func(*args, **kwargs)
  File "/home/cuartazona/redes/app/auxiliar.py", line 138, in wrap
    return fn(*args, **kwargs)
  File "/home/cuartazona/redes/app/censo.py", line 729, in _crea_industria
    concello = _que_concello(usuario=usuario, latitud=lat, longitud=lon).json
  File "/home/cuartazona/redes/app/auxiliar.py", line 125, in wrap
    return func(*args, **kwargs)
  File "/home/cuartazona/redes/app/auxiliar.py", line 333, in _que_concello
    punto_cercano = nearest_points(punto_elemento, MultiPoint(centroides))[1]
  File "/home/cuartazona/redes/envRedes/lib/python3.8/site-packages/shapely/ops.py", line 338, in nearest_points
    raise ValueError('The second input geometry is empty')
ValueError: The second input geometry is empty
ERROR:app:Exception on /_crea_industria [POST]
Traceback (most recent call last):
  File "/home/cuartazona/redes/envRedes/lib/python3.8/site-packages/flask/app.py", line 2070, in wsgi_app
    response = self.full_dispatch_request()
  File "/home/cuartazona/redes/envRedes/lib/python3.8/site-packages/flask/app.py", line 1515, in full_dispatch_request
    rv = self.handle_user_exception(e)
  File "/home/cuartazona/redes/envRedes/lib/python3.8/site-packages/flask/app.py", line 1513, in full_dispatch_request
    rv = self.dispatch_request()
  File "/home/cuartazona/redes/envRedes/lib/python3.8/site-packages/flask/app.py", line 1499, in dispatch_request
    return self.ensure_sync(self.view_functions[rule.endpoint])(**req.view_args)
  File "/home/cuartazona/redes/app/auxiliar.py", line 125, in wrap
    return func(*args, **kwargs)
  File "/home/cuartazona/redes/app/auxiliar.py", line 138, in wrap
    return fn(*args, **kwargs)
  File "/home/cuartazona/redes/app/censo.py", line 729, in _crea_industria
    concello = _que_concello(usuario=usuario, latitud=lat, longitud=lon).json
  File "/home/cuartazona/redes/app/auxiliar.py", line 125, in wrap
    return func(*args, **kwargs)
  File "/home/cuartazona/redes/app/auxiliar.py", line 333, in _que_concello
    punto_cercano = nearest_points(punto_elemento, MultiPoint(centroides))[1]
  File "/home/cuartazona/redes/envRedes/lib/python3.8/site-packages/shapely/ops.py", line 338, in nearest_points
    raise ValueError('The second input geometry is empty')
ValueError: The second input geometry is empty
ERROR:app:Exception on /_crea_industria [POST]
Traceback (most recent call last):
  File "/home/cuartazona/redes/envRedes/lib/python3.8/site-packages/flask/app.py", line 2070, in wsgi_app
    response = self.full_dispatch_request()
  File "/home/cuartazona/redes/envRedes/lib/python3.8/site-packages/flask/app.py", line 1515, in full_dispatch_request
    rv = self.handle_user_exception(e)
  File "/home/cuartazona/redes/envRedes/lib/python3.8/site-packages/flask/app.py", line 1513, in full_dispatch_request
    rv = self.dispatch_request()
  File "/home/cuartazona/redes/envRedes/lib/python3.8/site-packages/flask/app.py", line 1499, in dispatch_request
    return self.ensure_sync(self.view_functions[rule.endpoint])(**req.view_args)
  File "/home/cuartazona/redes/app/auxiliar.py", line 125, in wrap
    return func(*args, **kwargs)
  File "/home/cuartazona/redes/app/auxiliar.py", line 138, in wrap
    return fn(*args, **kwargs)
  File "/home/cuartazona/redes/app/censo.py", line 729, in _crea_industria
    concello = _que_concello(usuario=usuario, latitud=lat, longitud=lon).json
  File "/home/cuartazona/redes/app/auxiliar.py", line 125, in wrap
    return func(*args, **kwargs)
  File "/home/cuartazona/redes/app/auxiliar.py", line 333, in _que_concello
    punto_cercano = nearest_points(punto_elemento, MultiPoint(centroides))[1]
  File "/home/cuartazona/redes/envRedes/lib/python3.8/site-packages/shapely/ops.py", line 338, in nearest_points
    raise ValueError('The second input geometry is empty')
ValueError: The second input geometry is empty
ERROR:app:Exception on /_crea_industria [POST]
Traceback (most recent call last):
  File "/home/cuartazona/redes/envRedes/lib/python3.8/site-packages/flask/app.py", line 2070, in wsgi_app
    response = self.full_dispatch_request()
  File "/home/cuartazona/redes/envRedes/lib/python3.8/site-packages/flask/app.py", line 1515, in full_dispatch_request
    rv = self.handle_user_exception(e)
  File "/home/cuartazona/redes/envRedes/lib/python3.8/site-packages/flask/app.py", line 1513, in full_dispatch_request
    rv = self.dispatch_request()
  File "/home/cuartazona/redes/envRedes/lib/python3.8/site-packages/flask/app.py", line 1499, in dispatch_request
    return self.ensure_sync(self.view_functions[rule.endpoint])(**req.view_args)
  File "/home/cuartazona/redes/app/auxiliar.py", line 125, in wrap
    return func(*args, **kwargs)
  File "/home/cuartazona/redes/app/auxiliar.py", line 138, in wrap
    return fn(*args, **kwargs)
  File "/home/cuartazona/redes/app/censo.py", line 729, in _crea_industria
    concello = _que_concello(usuario=usuario, latitud=lat, longitud=lon).json
  File "/home/cuartazona/redes/app/auxiliar.py", line 125, in wrap
    return func(*args, **kwargs)
  File "/home/cuartazona/redes/app/auxiliar.py", line 333, in _que_concello
    punto_cercano = nearest_points(punto_elemento, MultiPoint(centroides))[1]
  File "/home/cuartazona/redes/envRedes/lib/python3.8/site-packages/shapely/ops.py", line 338, in nearest_points
    raise ValueError('The second input geometry is empty')
ValueError: The second input geometry is empty
ERROR:app:Exception on /_crea_industria [POST]
Traceback (most recent call last):
  File "/home/cuartazona/redes/envRedes/lib/python3.8/site-packages/flask/app.py", line 2070, in wsgi_app
    response = self.full_dispatch_request()
  File "/home/cuartazona/redes/envRedes/lib/python3.8/site-packages/flask/app.py", line 1515, in full_dispatch_request
    rv = self.handle_user_exception(e)
  File "/home/cuartazona/redes/envRedes/lib/python3.8/site-packages/flask/app.py", line 1513, in full_dispatch_request
    rv = self.dispatch_request()
  File "/home/cuartazona/redes/envRedes/lib/python3.8/site-packages/flask/app.py", line 1499, in dispatch_request
    return self.ensure_sync(self.view_functions[rule.endpoint])(**req.view_args)
  File "/home/cuartazona/redes/app/auxiliar.py", line 125, in wrap
    return func(*args, **kwargs)
  File "/home/cuartazona/redes/app/auxiliar.py", line 138, in wrap
    return fn(*args, **kwargs)
  File "/home/cuartazona/redes/app/censo.py", line 729, in _crea_industria
    concello = _que_concello(usuario=usuario, latitud=lat, longitud=lon).json
  File "/home/cuartazona/redes/app/auxiliar.py", line 125, in wrap
    return func(*args, **kwargs)
  File "/home/cuartazona/redes/app/auxiliar.py", line 333, in _que_concello
    punto_cercano = nearest_points(punto_elemento, MultiPoint(centroides))[1]
  File "/home/cuartazona/redes/envRedes/lib/python3.8/site-packages/shapely/ops.py", line 338, in nearest_points
    raise ValueError('The second input geometry is empty')
ValueError: The second input geometry is empty
ERROR:app:Exception on /_crea_industria [POST]
Traceback (most recent call last):
  File "/home/cuartazona/redes/envRedes/lib/python3.8/site-packages/flask/app.py", line 2070, in wsgi_app
    response = self.full_dispatch_request()
  File "/home/cuartazona/redes/envRedes/lib/python3.8/site-packages/flask/app.py", line 1515, in full_dispatch_request
    rv = self.handle_user_exception(e)
  File "/home/cuartazona/redes/envRedes/lib/python3.8/site-packages/flask/app.py", line 1513, in full_dispatch_request
    rv = self.dispatch_request()
  File "/home/cuartazona/redes/envRedes/lib/python3.8/site-packages/flask/app.py", line 1499, in dispatch_request
    return self.ensure_sync(self.view_functions[rule.endpoint])(**req.view_args)
  File "/home/cuartazona/redes/app/auxiliar.py", line 125, in wrap
    return func(*args, **kwargs)
  File "/home/cuartazona/redes/app/auxiliar.py", line 138, in wrap
    return fn(*args, **kwargs)
  File "/home/cuartazona/redes/app/censo.py", line 729, in _crea_industria
    concello = _que_concello(usuario=usuario, latitud=lat, longitud=lon).json
  File "/home/cuartazona/redes/app/auxiliar.py", line 125, in wrap
    return func(*args, **kwargs)
  File "/home/cuartazona/redes/app/auxiliar.py", line 333, in _que_concello
    punto_cercano = nearest_points(punto_elemento, MultiPoint(centroides))[1]
  File "/home/cuartazona/redes/envRedes/lib/python3.8/site-packages/shapely/ops.py", line 338, in nearest_points
    raise ValueError('The second input geometry is empty')
ValueError: The second input geometry is empty
ERROR:app:Exception on /_crea_industria [POST]
Traceback (most recent call last):
  File "/home/cuartazona/redes/envRedes/lib/python3.8/site-packages/flask/app.py", line 2070, in wsgi_app
    response = self.full_dispatch_request()
  File "/home/cuartazona/redes/envRedes/lib/python3.8/site-packages/flask/app.py", line 1515, in full_dispatch_request
    rv = self.handle_user_exception(e)
  File "/home/cuartazona/redes/envRedes/lib/python3.8/site-packages/flask/app.py", line 1513, in full_dispatch_request
    rv = self.dispatch_request()
  File "/home/cuartazona/redes/envRedes/lib/python3.8/site-packages/flask/app.py", line 1499, in dispatch_request
    return self.ensure_sync(self.view_functions[rule.endpoint])(**req.view_args)
  File "/home/cuartazona/redes/app/auxiliar.py", line 125, in wrap
    return func(*args, **kwargs)
  File "/home/cuartazona/redes/app/auxiliar.py", line 138, in wrap
    return fn(*args, **kwargs)
  File "/home/cuartazona/redes/app/censo.py", line 729, in _crea_industria
    concello = _que_concello(usuario=usuario, latitud=lat, longitud=lon).json
  File "/home/cuartazona/redes/app/auxiliar.py", line 125, in wrap
    return func(*args, **kwargs)
  File "/home/cuartazona/redes/app/auxiliar.py", line 333, in _que_concello
    punto_cercano = nearest_points(punto_elemento, MultiPoint(centroides))[1]
  File "/home/cuartazona/redes/envRedes/lib/python3.8/site-packages/shapely/ops.py", line 338, in nearest_points
    raise ValueError('The second input geometry is empty')
ValueError: The second input geometry is empty
ERROR:app:Exception on /_crea_industria [POST]
Traceback (most recent call last):
  File "/home/cuartazona/redes/envRedes/lib/python3.8/site-packages/flask/app.py", line 2070, in wsgi_app
    response = self.full_dispatch_request()
  File "/home/cuartazona/redes/envRedes/lib/python3.8/site-packages/flask/app.py", line 1515, in full_dispatch_request
    rv = self.handle_user_exception(e)
  File "/home/cuartazona/redes/envRedes/lib/python3.8/site-packages/flask/app.py", line 1513, in full_dispatch_request
    rv = self.dispatch_request()
  File "/home/cuartazona/redes/envRedes/lib/python3.8/site-packages/flask/app.py", line 1499, in dispatch_request
    return self.ensure_sync(self.view_functions[rule.endpoint])(**req.view_args)
  File "/home/cuartazona/redes/app/auxiliar.py", line 125, in wrap
    return func(*args, **kwargs)
  File "/home/cuartazona/redes/app/auxiliar.py", line 138, in wrap
    return fn(*args, **kwargs)
  File "/home/cuartazona/redes/app/censo.py", line 729, in _crea_industria
    concello = _que_concello(usuario=usuario, latitud=lat, longitud=lon).json
  File "/home/cuartazona/redes/app/auxiliar.py", line 125, in wrap
    return func(*args, **kwargs)
  File "/home/cuartazona/redes/app/auxiliar.py", line 333, in _que_concello
    punto_cercano = nearest_points(punto_elemento, MultiPoint(centroides))[1]
  File "/home/cuartazona/redes/envRedes/lib/python3.8/site-packages/shapely/ops.py", line 338, in nearest_points
    raise ValueError('The second input geometry is empty')
ValueError: The second input geometry is empty
ERROR:app:Exception on /_crea_industria [POST]
Traceback (most recent call last):
  File "/home/cuartazona/redes/envRedes/lib/python3.8/site-packages/flask/app.py", line 2070, in wsgi_app
    response = self.full_dispatch_request()
  File "/home/cuartazona/redes/envRedes/lib/python3.8/site-packages/flask/app.py", line 1515, in full_dispatch_request
    rv = self.handle_user_exception(e)
  File "/home/cuartazona/redes/envRedes/lib/python3.8/site-packages/flask/app.py", line 1513, in full_dispatch_request
    rv = self.dispatch_request()
  File "/home/cuartazona/redes/envRedes/lib/python3.8/site-packages/flask/app.py", line 1499, in dispatch_request
    return self.ensure_sync(self.view_functions[rule.endpoint])(**req.view_args)
  File "/home/cuartazona/redes/app/auxiliar.py", line 125, in wrap
    return func(*args, **kwargs)
  File "/home/cuartazona/redes/app/auxiliar.py", line 138, in wrap
    return fn(*args, **kwargs)
  File "/home/cuartazona/redes/app/censo.py", line 729, in _crea_industria
    concello = _que_concello(usuario=usuario, latitud=lat, longitud=lon).json
  File "/home/cuartazona/redes/app/auxiliar.py", line 125, in wrap
    return func(*args, **kwargs)
  File "/home/cuartazona/redes/app/auxiliar.py", line 333, in _que_concello
    punto_cercano = nearest_points(punto_elemento, MultiPoint(centroides))[1]
  File "/home/cuartazona/redes/envRedes/lib/python3.8/site-packages/shapely/ops.py", line 338, in nearest_points
    raise ValueError('The second input geometry is empty')
ValueError: The second input geometry is empty
ERROR:app:Exception on /_crea_industria [POST]
Traceback (most recent call last):
  File "/home/cuartazona/redes/envRedes/lib/python3.8/site-packages/flask/app.py", line 2070, in wsgi_app
    response = self.full_dispatch_request()
  File "/home/cuartazona/redes/envRedes/lib/python3.8/site-packages/flask/app.py", line 1515, in full_dispatch_request
    rv = self.handle_user_exception(e)
  File "/home/cuartazona/redes/envRedes/lib/python3.8/site-packages/flask/app.py", line 1513, in full_dispatch_request
    rv = self.dispatch_request()
  File "/home/cuartazona/redes/envRedes/lib/python3.8/site-packages/flask/app.py", line 1499, in dispatch_request
    return self.ensure_sync(self.view_functions[rule.endpoint])(**req.view_args)
  File "/home/cuartazona/redes/app/auxiliar.py", line 125, in wrap
    return func(*args, **kwargs)
  File "/home/cuartazona/redes/app/auxiliar.py", line 138, in wrap
    return fn(*args, **kwargs)
  File "/home/cuartazona/redes/app/censo.py", line 729, in _crea_industria
    concello = _que_concello(usuario=usuario, latitud=lat, longitud=lon).json
  File "/home/cuartazona/redes/app/auxiliar.py", line 125, in wrap
    return func(*args, **kwargs)
  File "/home/cuartazona/redes/app/auxiliar.py", line 333, in _que_concello
    punto_cercano = nearest_points(punto_elemento, MultiPoint(centroides))[1]
  File "/home/cuartazona/redes/envRedes/lib/python3.8/site-packages/shapely/ops.py", line 338, in nearest_points
    raise ValueError('The second input geometry is empty')
ValueError: The second input geometry is empty
ERROR:app:Exception on /_crea_industria [POST]
Traceback (most recent call last):
  File "/home/cuartazona/redes/envRedes/lib/python3.8/site-packages/flask/app.py", line 2070, in wsgi_app
    response = self.full_dispatch_request()
  File "/home/cuartazona/redes/envRedes/lib/python3.8/site-packages/flask/app.py", line 1515, in full_dispatch_request
    rv = self.handle_user_exception(e)
  File "/home/cuartazona/redes/envRedes/lib/python3.8/site-packages/flask/app.py", line 1513, in full_dispatch_request
    rv = self.dispatch_request()
  File "/home/cuartazona/redes/envRedes/lib/python3.8/site-packages/flask/app.py", line 1499, in dispatch_request
    return self.ensure_sync(self.view_functions[rule.endpoint])(**req.view_args)
  File "/home/cuartazona/redes/app/auxiliar.py", line 125, in wrap
    return func(*args, **kwargs)
  File "/home/cuartazona/redes/app/auxiliar.py", line 138, in wrap
    return fn(*args, **kwargs)
  File "/home/cuartazona/redes/app/censo.py", line 729, in _crea_industria
    concello = _que_concello(usuario=usuario, latitud=lat, longitud=lon).json
  File "/home/cuartazona/redes/app/auxiliar.py", line 125, in wrap
    return func(*args, **kwargs)
  File "/home/cuartazona/redes/app/auxiliar.py", line 333, in _que_concello
    punto_cercano = nearest_points(punto_elemento, MultiPoint(centroides))[1]
  File "/home/cuartazona/redes/envRedes/lib/python3.8/site-packages/shapely/ops.py", line 338, in nearest_points
    raise ValueError('The second input geometry is empty')
ValueError: The second input geometry is empty
ERROR:app:Exception on /_crea_industria [POST]
Traceback (most recent call last):
  File "/home/cuartazona/redes/envRedes/lib/python3.8/site-packages/flask/app.py", line 2070, in wsgi_app
    response = self.full_dispatch_request()
  File "/home/cuartazona/redes/envRedes/lib/python3.8/site-packages/flask/app.py", line 1515, in full_dispatch_request
    rv = self.handle_user_exception(e)
  File "/home/cuartazona/redes/envRedes/lib/python3.8/site-packages/flask/app.py", line 1513, in full_dispatch_request
    rv = self.dispatch_request()
  File "/home/cuartazona/redes/envRedes/lib/python3.8/site-packages/flask/app.py", line 1499, in dispatch_request
    return self.ensure_sync(self.view_functions[rule.endpoint])(**req.view_args)
  File "/home/cuartazona/redes/app/auxiliar.py", line 125, in wrap
    return func(*args, **kwargs)
  File "/home/cuartazona/redes/app/auxiliar.py", line 138, in wrap
    return fn(*args, **kwargs)
  File "/home/cuartazona/redes/app/censo.py", line 729, in _crea_industria
    concello = _que_concello(usuario=usuario, latitud=lat, longitud=lon).json
  File "/home/cuartazona/redes/app/auxiliar.py", line 125, in wrap
    return func(*args, **kwargs)
  File "/home/cuartazona/redes/app/auxiliar.py", line 333, in _que_concello
    punto_cercano = nearest_points(punto_elemento, MultiPoint(centroides))[1]
  File "/home/cuartazona/redes/envRedes/lib/python3.8/site-packages/shapely/ops.py", line 338, in nearest_points
    raise ValueError('The second input geometry is empty')
ValueError: The second input geometry is empty
ERROR:app:Exception on /_nueva_inspeccion_industria [POST]
Traceback (most recent call last):
  File "/home/cuartazona/redes/envRedes/lib/python3.8/site-packages/flask/app.py", line 2070, in wsgi_app
    response = self.full_dispatch_request()
  File "/home/cuartazona/redes/envRedes/lib/python3.8/site-packages/flask/app.py", line 1515, in full_dispatch_request
    rv = self.handle_user_exception(e)
  File "/home/cuartazona/redes/envRedes/lib/python3.8/site-packages/flask/app.py", line 1513, in full_dispatch_request
    rv = self.dispatch_request()
  File "/home/cuartazona/redes/envRedes/lib/python3.8/site-packages/flask/app.py", line 1499, in dispatch_request
    return self.ensure_sync(self.view_functions[rule.endpoint])(**req.view_args)
  File "/home/cuartazona/redes/app/auxiliar.py", line 125, in wrap
    return func(*args, **kwargs)
  File "/home/cuartazona/redes/app/auxiliar.py", line 138, in wrap
    return fn(*args, **kwargs)
  File "/home/cuartazona/redes/app/censo.py", line 966, in _nueva_inspeccion_ind
    cod_inspeccion = fecha_iso + "_" + sistema + "_" + cod_industria
TypeError: can only concatenate str (not "NoneType") to str
ERROR:app:Exception on /_subir_aai [POST]
Traceback (most recent call last):
  File "/home/cuartazona/redes/envRedes/lib/python3.8/site-packages/flask/app.py", line 2070, in wsgi_app
    response = self.full_dispatch_request()
  File "/home/cuartazona/redes/envRedes/lib/python3.8/site-packages/flask/app.py", line 1515, in full_dispatch_request
    rv = self.handle_user_exception(e)
  File "/home/cuartazona/redes/envRedes/lib/python3.8/site-packages/flask/app.py", line 1513, in full_dispatch_request
    rv = self.dispatch_request()
  File "/home/cuartazona/redes/envRedes/lib/python3.8/site-packages/flask/app.py", line 1499, in dispatch_request
    return self.ensure_sync(self.view_functions[rule.endpoint])(**req.view_args)
  File "/home/cuartazona/redes/app/auxiliar.py", line 125, in wrap
    return func(*args, **kwargs)
  File "/home/cuartazona/redes/app/auxiliar.py", line 138, in wrap
    return fn(*args, **kwargs)
  File "/home/cuartazona/redes/app/censo.py", line 908, in _subir_aai
    nombre_archivo = sistema + "_" + cod_industria
TypeError: can only concatenate str (not "NoneType") to str
ERROR:app:Exception on /_nueva_inspeccion_industria [POST]
Traceback (most recent call last):
  File "/home/cuartazona/redes/envRedes/lib/python3.8/site-packages/flask/app.py", line 2070, in wsgi_app
    response = self.full_dispatch_request()
  File "/home/cuartazona/redes/envRedes/lib/python3.8/site-packages/flask/app.py", line 1515, in full_dispatch_request
    rv = self.handle_user_exception(e)
  File "/home/cuartazona/redes/envRedes/lib/python3.8/site-packages/flask/app.py", line 1513, in full_dispatch_request
    rv = self.dispatch_request()
  File "/home/cuartazona/redes/envRedes/lib/python3.8/site-packages/flask/app.py", line 1499, in dispatch_request
    return self.ensure_sync(self.view_functions[rule.endpoint])(**req.view_args)
  File "/home/cuartazona/redes/app/auxiliar.py", line 125, in wrap
    return func(*args, **kwargs)
  File "/home/cuartazona/redes/app/auxiliar.py", line 138, in wrap
    return fn(*args, **kwargs)
  File "/home/cuartazona/redes/app/censo.py", line 966, in _nueva_inspeccion_ind
    cod_inspeccion = fecha_iso + "_" + sistema + "_" + cod_industria
TypeError: can only concatenate str (not "NoneType") to str
ERROR:app:Exception on /_nueva_inspeccion_industria [POST]
Traceback (most recent call last):
  File "/home/cuartazona/redes/envRedes/lib/python3.8/site-packages/flask/app.py", line 2070, in wsgi_app
    response = self.full_dispatch_request()
  File "/home/cuartazona/redes/envRedes/lib/python3.8/site-packages/flask/app.py", line 1515, in full_dispatch_request
    rv = self.handle_user_exception(e)
  File "/home/cuartazona/redes/envRedes/lib/python3.8/site-packages/flask/app.py", line 1513, in full_dispatch_request
    rv = self.dispatch_request()
  File "/home/cuartazona/redes/envRedes/lib/python3.8/site-packages/flask/app.py", line 1499, in dispatch_request
    return self.ensure_sync(self.view_functions[rule.endpoint])(**req.view_args)
  File "/home/cuartazona/redes/app/auxiliar.py", line 125, in wrap
    return func(*args, **kwargs)
  File "/home/cuartazona/redes/app/auxiliar.py", line 138, in wrap
    return fn(*args, **kwargs)
  File "/home/cuartazona/redes/app/censo.py", line 966, in _nueva_inspeccion_ind
    cod_inspeccion = fecha_iso + "_" + sistema + "_" + cod_industria
TypeError: can only concatenate str (not "NoneType") to str
ERROR:app:Exception on /_nueva_inspeccion_industria [POST]
Traceback (most recent call last):
  File "/home/cuartazona/redes/envRedes/lib/python3.8/site-packages/flask/app.py", line 2070, in wsgi_app
    response = self.full_dispatch_request()
  File "/home/cuartazona/redes/envRedes/lib/python3.8/site-packages/flask/app.py", line 1515, in full_dispatch_request
    rv = self.handle_user_exception(e)
  File "/home/cuartazona/redes/envRedes/lib/python3.8/site-packages/flask/app.py", line 1513, in full_dispatch_request
    rv = self.dispatch_request()
  File "/home/cuartazona/redes/envRedes/lib/python3.8/site-packages/flask/app.py", line 1499, in dispatch_request
    return self.ensure_sync(self.view_functions[rule.endpoint])(**req.view_args)
  File "/home/cuartazona/redes/app/auxiliar.py", line 125, in wrap
    return func(*args, **kwargs)
  File "/home/cuartazona/redes/app/auxiliar.py", line 138, in wrap
    return fn(*args, **kwargs)
  File "/home/cuartazona/redes/app/censo.py", line 966, in _nueva_inspeccion_ind
    cod_inspeccion = fecha_iso + "_" + sistema + "_" + cod_industria
TypeError: can only concatenate str (not "NoneType") to str
ERROR:app:Exception on /_nueva_inspeccion_industria [POST]
Traceback (most recent call last):
  File "/home/cuartazona/redes/envRedes/lib/python3.8/site-packages/flask/app.py", line 2070, in wsgi_app
    response = self.full_dispatch_request()
  File "/home/cuartazona/redes/envRedes/lib/python3.8/site-packages/flask/app.py", line 1515, in full_dispatch_request
    rv = self.handle_user_exception(e)
  File "/home/cuartazona/redes/envRedes/lib/python3.8/site-packages/flask/app.py", line 1513, in full_dispatch_request
    rv = self.dispatch_request()
  File "/home/cuartazona/redes/envRedes/lib/python3.8/site-packages/flask/app.py", line 1499, in dispatch_request
    return self.ensure_sync(self.view_functions[rule.endpoint])(**req.view_args)
  File "/home/cuartazona/redes/app/auxiliar.py", line 125, in wrap
    return func(*args, **kwargs)
  File "/home/cuartazona/redes/app/auxiliar.py", line 138, in wrap
    return fn(*args, **kwargs)
  File "/home/cuartazona/redes/app/censo.py", line 966, in _nueva_inspeccion_ind
    cod_inspeccion = fecha_iso + "_" + sistema + "_" + cod_industria
TypeError: can only concatenate str (not "NoneType") to str
ERROR:app:Exception on /_subir_aai [POST]
Traceback (most recent call last):
  File "/home/cuartazona/redes/envRedes/lib/python3.8/site-packages/flask/app.py", line 2070, in wsgi_app
    response = self.full_dispatch_request()
  File "/home/cuartazona/redes/envRedes/lib/python3.8/site-packages/flask/app.py", line 1515, in full_dispatch_request
    rv = self.handle_user_exception(e)
  File "/home/cuartazona/redes/envRedes/lib/python3.8/site-packages/flask/app.py", line 1513, in full_dispatch_request
    rv = self.dispatch_request()
  File "/home/cuartazona/redes/envRedes/lib/python3.8/site-packages/flask/app.py", line 1499, in dispatch_request
    return self.ensure_sync(self.view_functions[rule.endpoint])(**req.view_args)
  File "/home/cuartazona/redes/app/auxiliar.py", line 125, in wrap
    return func(*args, **kwargs)
  File "/home/cuartazona/redes/app/auxiliar.py", line 138, in wrap
    return fn(*args, **kwargs)
  File "/home/cuartazona/redes/app/censo.py", line 908, in _subir_aai
    nombre_archivo = sistema + "_" + cod_industria
TypeError: can only concatenate str (not "NoneType") to str
ERROR:app:Exception on /ficha_industria-1638 [GET]
Traceback (most recent call last):
  File "/home/cuartazona/redes/envRedes/lib/python3.8/site-packages/flask/app.py", line 2070, in wsgi_app
    response = self.full_dispatch_request()
  File "/home/cuartazona/redes/envRedes/lib/python3.8/site-packages/flask/app.py", line 1515, in full_dispatch_request
    rv = self.handle_user_exception(e)
  File "/home/cuartazona/redes/envRedes/lib/python3.8/site-packages/flask/app.py", line 1513, in full_dispatch_request
    rv = self.dispatch_request()
  File "/home/cuartazona/redes/envRedes/lib/python3.8/site-packages/flask/app.py", line 1499, in dispatch_request
    return self.ensure_sync(self.view_functions[rule.endpoint])(**req.view_args)
  File "/home/cuartazona/redes/app/auxiliar.py", line 113, in wrap
    return f(*args, **kwargs)
  File "/home/cuartazona/redes/app/censo.py", line 216, in ficha_industria_imprimir
    cumplimiento = evalua_cumplimiento(analiticas, doc_normativos_parametros)
  File "/home/cuartazona/redes/app/censo.py", line 325, in evalua_cumplimiento
    elif (analitica['valor'] * (1 - analitica['incertidumbre'])) > float(parametroDN['valor_limite']):
TypeError: can't multiply sequence by non-int of type 'float'
ERROR:app:Exception on /ficha_industria-305 [GET]
Traceback (most recent call last):
  File "/home/cuartazona/redes/envRedes/lib/python3.8/site-packages/flask/app.py", line 2070, in wsgi_app
    response = self.full_dispatch_request()
  File "/home/cuartazona/redes/envRedes/lib/python3.8/site-packages/flask/app.py", line 1515, in full_dispatch_request
    rv = self.handle_user_exception(e)
  File "/home/cuartazona/redes/envRedes/lib/python3.8/site-packages/flask/app.py", line 1513, in full_dispatch_request
    rv = self.dispatch_request()
  File "/home/cuartazona/redes/envRedes/lib/python3.8/site-packages/flask/app.py", line 1499, in dispatch_request
    return self.ensure_sync(self.view_functions[rule.endpoint])(**req.view_args)
  File "/home/cuartazona/redes/app/auxiliar.py", line 113, in wrap
    return f(*args, **kwargs)
  File "/home/cuartazona/redes/app/censo.py", line 232, in ficha_industria_imprimir
    coordenadas['PV'] = utm.from_latlon(industria['latitud_PV'], industria['longitud_PV'])
  File "/home/cuartazona/redes/envRedes/lib/python3.8/site-packages/utm/conversion.py", line 228, in from_latlon
    if not in_bounds(latitude, -80.0, 84.0):
  File "/home/cuartazona/redes/envRedes/lib/python3.8/site-packages/utm/conversion.py", line 50, in in_bounds
    return lower <= x <= upper
TypeError: '<=' not supported between instances of 'float' and 'NoneType'
ERROR:app:Exception on /ficha_industria-305 [GET]
Traceback (most recent call last):
  File "/home/cuartazona/redes/envRedes/lib/python3.8/site-packages/flask/app.py", line 2070, in wsgi_app
    response = self.full_dispatch_request()
  File "/home/cuartazona/redes/envRedes/lib/python3.8/site-packages/flask/app.py", line 1515, in full_dispatch_request
    rv = self.handle_user_exception(e)
  File "/home/cuartazona/redes/envRedes/lib/python3.8/site-packages/flask/app.py", line 1513, in full_dispatch_request
    rv = self.dispatch_request()
  File "/home/cuartazona/redes/envRedes/lib/python3.8/site-packages/flask/app.py", line 1499, in dispatch_request
    return self.ensure_sync(self.view_functions[rule.endpoint])(**req.view_args)
  File "/home/cuartazona/redes/app/auxiliar.py", line 113, in wrap
    return f(*args, **kwargs)
  File "/home/cuartazona/redes/app/censo.py", line 232, in ficha_industria_imprimir
    coordenadas['PV'] = utm.from_latlon(industria['latitud_PV'], industria['longitud_PV'])
  File "/home/cuartazona/redes/envRedes/lib/python3.8/site-packages/utm/conversion.py", line 228, in from_latlon
    if not in_bounds(latitude, -80.0, 84.0):
  File "/home/cuartazona/redes/envRedes/lib/python3.8/site-packages/utm/conversion.py", line 50, in in_bounds
    return lower <= x <= upper
TypeError: '<=' not supported between instances of 'float' and 'NoneType'
ERROR:app:Exception on /ficha_industria-294 [GET]
Traceback (most recent call last):
  File "/home/cuartazona/redes/envRedes/lib/python3.8/site-packages/flask/app.py", line 2070, in wsgi_app
    response = self.full_dispatch_request()
  File "/home/cuartazona/redes/envRedes/lib/python3.8/site-packages/flask/app.py", line 1515, in full_dispatch_request
    rv = self.handle_user_exception(e)
  File "/home/cuartazona/redes/envRedes/lib/python3.8/site-packages/flask/app.py", line 1513, in full_dispatch_request
    rv = self.dispatch_request()
  File "/home/cuartazona/redes/envRedes/lib/python3.8/site-packages/flask/app.py", line 1499, in dispatch_request
    return self.ensure_sync(self.view_functions[rule.endpoint])(**req.view_args)
  File "/home/cuartazona/redes/app/auxiliar.py", line 113, in wrap
    return f(*args, **kwargs)
  File "/home/cuartazona/redes/app/censo.py", line 206, in ficha_industria_imprimir
    cur.execute("SELECT * FROM muestras WHERE id_inspecciones_ind in {}".format(tuple(id_inspecciones)))
sqlite3.OperationalError: near ")": syntax error
ERROR:app:Exception on /_nueva_inspeccion_industria [POST]
Traceback (most recent call last):
  File "/home/cuartazona/redes/envRedes/lib/python3.8/site-packages/flask/app.py", line 2070, in wsgi_app
    response = self.full_dispatch_request()
  File "/home/cuartazona/redes/envRedes/lib/python3.8/site-packages/flask/app.py", line 1515, in full_dispatch_request
    rv = self.handle_user_exception(e)
  File "/home/cuartazona/redes/envRedes/lib/python3.8/site-packages/flask/app.py", line 1513, in full_dispatch_request
    rv = self.dispatch_request()
  File "/home/cuartazona/redes/envRedes/lib/python3.8/site-packages/flask/app.py", line 1499, in dispatch_request
    return self.ensure_sync(self.view_functions[rule.endpoint])(**req.view_args)
  File "/home/cuartazona/redes/app/auxiliar.py", line 125, in wrap
    return func(*args, **kwargs)
  File "/home/cuartazona/redes/app/auxiliar.py", line 138, in wrap
    return fn(*args, **kwargs)
  File "/home/cuartazona/redes/app/censo.py", line 966, in _nueva_inspeccion_ind
    cod_inspeccion = fecha_iso + "_" + sistema + "_" + cod_industria
TypeError: can only concatenate str (not "NoneType") to str
ERROR:app:Exception on /_nueva_inspeccion_industria [POST]
Traceback (most recent call last):
  File "/home/cuartazona/redes/envRedes/lib/python3.8/site-packages/flask/app.py", line 2070, in wsgi_app
    response = self.full_dispatch_request()
  File "/home/cuartazona/redes/envRedes/lib/python3.8/site-packages/flask/app.py", line 1515, in full_dispatch_request
    rv = self.handle_user_exception(e)
  File "/home/cuartazona/redes/envRedes/lib/python3.8/site-packages/flask/app.py", line 1513, in full_dispatch_request
    rv = self.dispatch_request()
  File "/home/cuartazona/redes/envRedes/lib/python3.8/site-packages/flask/app.py", line 1499, in dispatch_request
    return self.ensure_sync(self.view_functions[rule.endpoint])(**req.view_args)
  File "/home/cuartazona/redes/app/auxiliar.py", line 125, in wrap
    return func(*args, **kwargs)
  File "/home/cuartazona/redes/app/auxiliar.py", line 138, in wrap
    return fn(*args, **kwargs)
  File "/home/cuartazona/redes/app/censo.py", line 966, in _nueva_inspeccion_ind
    cod_inspeccion = fecha_iso + "_" + sistema + "_" + cod_industria
TypeError: can only concatenate str (not "NoneType") to str
ERROR:app:Exception on /_subir_perVer [POST]
Traceback (most recent call last):
  File "/home/cuartazona/redes/envRedes/lib/python3.8/site-packages/flask/app.py", line 2070, in wsgi_app
    response = self.full_dispatch_request()
  File "/home/cuartazona/redes/envRedes/lib/python3.8/site-packages/flask/app.py", line 1515, in full_dispatch_request
    rv = self.handle_user_exception(e)
  File "/home/cuartazona/redes/envRedes/lib/python3.8/site-packages/flask/app.py", line 1513, in full_dispatch_request
    rv = self.dispatch_request()
  File "/home/cuartazona/redes/envRedes/lib/python3.8/site-packages/flask/app.py", line 1499, in dispatch_request
    return self.ensure_sync(self.view_functions[rule.endpoint])(**req.view_args)
  File "/home/cuartazona/redes/app/auxiliar.py", line 125, in wrap
    return func(*args, **kwargs)
  File "/home/cuartazona/redes/app/auxiliar.py", line 138, in wrap
    return fn(*args, **kwargs)
  File "/home/cuartazona/redes/app/censo.py", line 846, in _subir_perVer
    nombre_archivo = sistema + "_" + cod_industria
TypeError: can only concatenate str (not "NoneType") to str
ERROR:app:Exception on /_subir_perVer [POST]
Traceback (most recent call last):
  File "/home/cuartazona/redes/envRedes/lib/python3.8/site-packages/flask/app.py", line 2070, in wsgi_app
    response = self.full_dispatch_request()
  File "/home/cuartazona/redes/envRedes/lib/python3.8/site-packages/flask/app.py", line 1515, in full_dispatch_request
    rv = self.handle_user_exception(e)
  File "/home/cuartazona/redes/envRedes/lib/python3.8/site-packages/flask/app.py", line 1513, in full_dispatch_request
    rv = self.dispatch_request()
  File "/home/cuartazona/redes/envRedes/lib/python3.8/site-packages/flask/app.py", line 1499, in dispatch_request
    return self.ensure_sync(self.view_functions[rule.endpoint])(**req.view_args)
  File "/home/cuartazona/redes/app/auxiliar.py", line 125, in wrap
    return func(*args, **kwargs)
  File "/home/cuartazona/redes/app/auxiliar.py", line 138, in wrap
    return fn(*args, **kwargs)
  File "/home/cuartazona/redes/app/censo.py", line 846, in _subir_perVer
    nombre_archivo = sistema + "_" + cod_industria
TypeError: can only concatenate str (not "NoneType") to str
ERROR:app:Exception on /_nueva_inspeccion_industria [POST]
Traceback (most recent call last):
  File "/home/cuartazona/redes/envRedes/lib/python3.8/site-packages/flask/app.py", line 2070, in wsgi_app
    response = self.full_dispatch_request()
  File "/home/cuartazona/redes/envRedes/lib/python3.8/site-packages/flask/app.py", line 1515, in full_dispatch_request
    rv = self.handle_user_exception(e)
  File "/home/cuartazona/redes/envRedes/lib/python3.8/site-packages/flask/app.py", line 1513, in full_dispatch_request
    rv = self.dispatch_request()
  File "/home/cuartazona/redes/envRedes/lib/python3.8/site-packages/flask/app.py", line 1499, in dispatch_request
    return self.ensure_sync(self.view_functions[rule.endpoint])(**req.view_args)
  File "/home/cuartazona/redes/app/auxiliar.py", line 125, in wrap
    return func(*args, **kwargs)
  File "/home/cuartazona/redes/app/auxiliar.py", line 138, in wrap
    return fn(*args, **kwargs)
  File "/home/cuartazona/redes/app/censo.py", line 966, in _nueva_inspeccion_ind
    cod_inspeccion = fecha_iso + "_" + sistema + "_" + cod_industria
TypeError: can only concatenate str (not "NoneType") to str
ERROR:app:Exception on /_nueva_inspeccion_industria [POST]
Traceback (most recent call last):
  File "/home/cuartazona/redes/envRedes/lib/python3.8/site-packages/flask/app.py", line 2070, in wsgi_app
    response = self.full_dispatch_request()
  File "/home/cuartazona/redes/envRedes/lib/python3.8/site-packages/flask/app.py", line 1515, in full_dispatch_request
    rv = self.handle_user_exception(e)
  File "/home/cuartazona/redes/envRedes/lib/python3.8/site-packages/flask/app.py", line 1513, in full_dispatch_request
    rv = self.dispatch_request()
  File "/home/cuartazona/redes/envRedes/lib/python3.8/site-packages/flask/app.py", line 1499, in dispatch_request
    return self.ensure_sync(self.view_functions[rule.endpoint])(**req.view_args)
  File "/home/cuartazona/redes/app/auxiliar.py", line 125, in wrap
    return func(*args, **kwargs)
  File "/home/cuartazona/redes/app/auxiliar.py", line 138, in wrap
    return fn(*args, **kwargs)
  File "/home/cuartazona/redes/app/censo.py", line 966, in _nueva_inspeccion_ind
    cod_inspeccion = fecha_iso + "_" + sistema + "_" + cod_industria
TypeError: can only concatenate str (not "NoneType") to str
ERROR:app:Exception on /_crea_industria [POST]
Traceback (most recent call last):
  File "/home/cuartazona/redes/envRedes/lib/python3.8/site-packages/flask/app.py", line 2070, in wsgi_app
    response = self.full_dispatch_request()
  File "/home/cuartazona/redes/envRedes/lib/python3.8/site-packages/flask/app.py", line 1515, in full_dispatch_request
    rv = self.handle_user_exception(e)
  File "/home/cuartazona/redes/envRedes/lib/python3.8/site-packages/flask/app.py", line 1513, in full_dispatch_request
    rv = self.dispatch_request()
  File "/home/cuartazona/redes/envRedes/lib/python3.8/site-packages/flask/app.py", line 1499, in dispatch_request
    return self.ensure_sync(self.view_functions[rule.endpoint])(**req.view_args)
  File "/home/cuartazona/redes/app/auxiliar.py", line 125, in wrap
    return func(*args, **kwargs)
  File "/home/cuartazona/redes/app/auxiliar.py", line 138, in wrap
    return fn(*args, **kwargs)
  File "/home/cuartazona/redes/app/censo.py", line 729, in _crea_industria
    concello = _que_concello(usuario=usuario, latitud=lat, longitud=lon).json
  File "/home/cuartazona/redes/app/auxiliar.py", line 125, in wrap
    return func(*args, **kwargs)
  File "/home/cuartazona/redes/app/auxiliar.py", line 333, in _que_concello
    punto_cercano = nearest_points(punto_elemento, MultiPoint(centroides))[1]
  File "/home/cuartazona/redes/envRedes/lib/python3.8/site-packages/shapely/ops.py", line 338, in nearest_points
    raise ValueError('The second input geometry is empty')
ValueError: The second input geometry is empty
ERROR:app:Exception on /_crea_industria [POST]
Traceback (most recent call last):
  File "/home/cuartazona/redes/envRedes/lib/python3.8/site-packages/flask/app.py", line 2070, in wsgi_app
    response = self.full_dispatch_request()
  File "/home/cuartazona/redes/envRedes/lib/python3.8/site-packages/flask/app.py", line 1515, in full_dispatch_request
    rv = self.handle_user_exception(e)
  File "/home/cuartazona/redes/envRedes/lib/python3.8/site-packages/flask/app.py", line 1513, in full_dispatch_request
    rv = self.dispatch_request()
  File "/home/cuartazona/redes/envRedes/lib/python3.8/site-packages/flask/app.py", line 1499, in dispatch_request
    return self.ensure_sync(self.view_functions[rule.endpoint])(**req.view_args)
  File "/home/cuartazona/redes/app/auxiliar.py", line 125, in wrap
    return func(*args, **kwargs)
  File "/home/cuartazona/redes/app/auxiliar.py", line 138, in wrap
    return fn(*args, **kwargs)
  File "/home/cuartazona/redes/app/censo.py", line 729, in _crea_industria
    concello = _que_concello(usuario=usuario, latitud=lat, longitud=lon).json
  File "/home/cuartazona/redes/app/auxiliar.py", line 125, in wrap
    return func(*args, **kwargs)
  File "/home/cuartazona/redes/app/auxiliar.py", line 333, in _que_concello
    punto_cercano = nearest_points(punto_elemento, MultiPoint(centroides))[1]
  File "/home/cuartazona/redes/envRedes/lib/python3.8/site-packages/shapely/ops.py", line 338, in nearest_points
    raise ValueError('The second input geometry is empty')
ValueError: The second input geometry is empty
ERROR:app:Exception on /_crea_industria [POST]
Traceback (most recent call last):
  File "/home/cuartazona/redes/envRedes/lib/python3.8/site-packages/flask/app.py", line 2070, in wsgi_app
    response = self.full_dispatch_request()
  File "/home/cuartazona/redes/envRedes/lib/python3.8/site-packages/flask/app.py", line 1515, in full_dispatch_request
    rv = self.handle_user_exception(e)
  File "/home/cuartazona/redes/envRedes/lib/python3.8/site-packages/flask/app.py", line 1513, in full_dispatch_request
    rv = self.dispatch_request()
  File "/home/cuartazona/redes/envRedes/lib/python3.8/site-packages/flask/app.py", line 1499, in dispatch_request
    return self.ensure_sync(self.view_functions[rule.endpoint])(**req.view_args)
  File "/home/cuartazona/redes/app/auxiliar.py", line 125, in wrap
    return func(*args, **kwargs)
  File "/home/cuartazona/redes/app/auxiliar.py", line 138, in wrap
    return fn(*args, **kwargs)
  File "/home/cuartazona/redes/app/censo.py", line 729, in _crea_industria
    concello = _que_concello(usuario=usuario, latitud=lat, longitud=lon).json
  File "/home/cuartazona/redes/app/auxiliar.py", line 125, in wrap
    return func(*args, **kwargs)
  File "/home/cuartazona/redes/app/auxiliar.py", line 333, in _que_concello
    punto_cercano = nearest_points(punto_elemento, MultiPoint(centroides))[1]
  File "/home/cuartazona/redes/envRedes/lib/python3.8/site-packages/shapely/ops.py", line 338, in nearest_points
    raise ValueError('The second input geometry is empty')
ValueError: The second input geometry is empty
ERROR:app:Exception on /_crea_industria [POST]
Traceback (most recent call last):
  File "/home/cuartazona/redes/envRedes/lib/python3.8/site-packages/flask/app.py", line 2070, in wsgi_app
    response = self.full_dispatch_request()
  File "/home/cuartazona/redes/envRedes/lib/python3.8/site-packages/flask/app.py", line 1515, in full_dispatch_request
    rv = self.handle_user_exception(e)
  File "/home/cuartazona/redes/envRedes/lib/python3.8/site-packages/flask/app.py", line 1513, in full_dispatch_request
    rv = self.dispatch_request()
  File "/home/cuartazona/redes/envRedes/lib/python3.8/site-packages/flask/app.py", line 1499, in dispatch_request
    return self.ensure_sync(self.view_functions[rule.endpoint])(**req.view_args)
  File "/home/cuartazona/redes/app/auxiliar.py", line 125, in wrap
    return func(*args, **kwargs)
  File "/home/cuartazona/redes/app/auxiliar.py", line 138, in wrap
    return fn(*args, **kwargs)
  File "/home/cuartazona/redes/app/censo.py", line 729, in _crea_industria
    concello = _que_concello(usuario=usuario, latitud=lat, longitud=lon).json
  File "/home/cuartazona/redes/app/auxiliar.py", line 125, in wrap
    return func(*args, **kwargs)
  File "/home/cuartazona/redes/app/auxiliar.py", line 333, in _que_concello
    punto_cercano = nearest_points(punto_elemento, MultiPoint(centroides))[1]
  File "/home/cuartazona/redes/envRedes/lib/python3.8/site-packages/shapely/ops.py", line 338, in nearest_points
    raise ValueError('The second input geometry is empty')
ValueError: The second input geometry is empty
ERROR:app:Exception on /_crea_industria [POST]
Traceback (most recent call last):
  File "/home/cuartazona/redes/envRedes/lib/python3.8/site-packages/flask/app.py", line 2070, in wsgi_app
    response = self.full_dispatch_request()
  File "/home/cuartazona/redes/envRedes/lib/python3.8/site-packages/flask/app.py", line 1515, in full_dispatch_request
    rv = self.handle_user_exception(e)
  File "/home/cuartazona/redes/envRedes/lib/python3.8/site-packages/flask/app.py", line 1513, in full_dispatch_request
    rv = self.dispatch_request()
  File "/home/cuartazona/redes/envRedes/lib/python3.8/site-packages/flask/app.py", line 1499, in dispatch_request
    return self.ensure_sync(self.view_functions[rule.endpoint])(**req.view_args)
  File "/home/cuartazona/redes/app/auxiliar.py", line 125, in wrap
    return func(*args, **kwargs)
  File "/home/cuartazona/redes/app/auxiliar.py", line 138, in wrap
    return fn(*args, **kwargs)
  File "/home/cuartazona/redes/app/censo.py", line 729, in _crea_industria
    concello = _que_concello(usuario=usuario, latitud=lat, longitud=lon).json
  File "/home/cuartazona/redes/app/auxiliar.py", line 125, in wrap
    return func(*args, **kwargs)
  File "/home/cuartazona/redes/app/auxiliar.py", line 333, in _que_concello
    punto_cercano = nearest_points(punto_elemento, MultiPoint(centroides))[1]
  File "/home/cuartazona/redes/envRedes/lib/python3.8/site-packages/shapely/ops.py", line 338, in nearest_points
    raise ValueError('The second input geometry is empty')
ValueError: The second input geometry is empty
ERROR:app:Exception on /_nueva_inspeccion_industria [POST]
Traceback (most recent call last):
  File "/home/cuartazona/redes/envRedes/lib/python3.8/site-packages/flask/app.py", line 2070, in wsgi_app
    response = self.full_dispatch_request()
  File "/home/cuartazona/redes/envRedes/lib/python3.8/site-packages/flask/app.py", line 1515, in full_dispatch_request
    rv = self.handle_user_exception(e)
  File "/home/cuartazona/redes/envRedes/lib/python3.8/site-packages/flask/app.py", line 1513, in full_dispatch_request
    rv = self.dispatch_request()
  File "/home/cuartazona/redes/envRedes/lib/python3.8/site-packages/flask/app.py", line 1499, in dispatch_request
    return self.ensure_sync(self.view_functions[rule.endpoint])(**req.view_args)
  File "/home/cuartazona/redes/app/auxiliar.py", line 125, in wrap
    return func(*args, **kwargs)
  File "/home/cuartazona/redes/app/auxiliar.py", line 138, in wrap
    return fn(*args, **kwargs)
  File "/home/cuartazona/redes/app/censo.py", line 966, in _nueva_inspeccion_ind
    cod_inspeccion = fecha_iso + "_" + sistema + "_" + cod_industria
TypeError: can only concatenate str (not "NoneType") to str
ERROR:app:Exception on /_subir_aai [POST]
Traceback (most recent call last):
  File "/home/cuartazona/redes/envRedes/lib/python3.8/site-packages/flask/app.py", line 2070, in wsgi_app
    response = self.full_dispatch_request()
  File "/home/cuartazona/redes/envRedes/lib/python3.8/site-packages/flask/app.py", line 1515, in full_dispatch_request
    rv = self.handle_user_exception(e)
  File "/home/cuartazona/redes/envRedes/lib/python3.8/site-packages/flask/app.py", line 1513, in full_dispatch_request
    rv = self.dispatch_request()
  File "/home/cuartazona/redes/envRedes/lib/python3.8/site-packages/flask/app.py", line 1499, in dispatch_request
    return self.ensure_sync(self.view_functions[rule.endpoint])(**req.view_args)
  File "/home/cuartazona/redes/app/auxiliar.py", line 125, in wrap
    return func(*args, **kwargs)
  File "/home/cuartazona/redes/app/auxiliar.py", line 138, in wrap
    return fn(*args, **kwargs)
  File "/home/cuartazona/redes/app/censo.py", line 908, in _subir_aai
    nombre_archivo = sistema + "_" + cod_industria
TypeError: can only concatenate str (not "NoneType") to str
ERROR:app:Exception on /_crea_industria [POST]
Traceback (most recent call last):
  File "/home/cuartazona/redes/envRedes/lib/python3.8/site-packages/flask/app.py", line 2070, in wsgi_app
    response = self.full_dispatch_request()
  File "/home/cuartazona/redes/envRedes/lib/python3.8/site-packages/flask/app.py", line 1515, in full_dispatch_request
    rv = self.handle_user_exception(e)
  File "/home/cuartazona/redes/envRedes/lib/python3.8/site-packages/flask/app.py", line 1513, in full_dispatch_request
    rv = self.dispatch_request()
  File "/home/cuartazona/redes/envRedes/lib/python3.8/site-packages/flask/app.py", line 1499, in dispatch_request
    return self.ensure_sync(self.view_functions[rule.endpoint])(**req.view_args)
  File "/home/cuartazona/redes/app/auxiliar.py", line 125, in wrap
    return func(*args, **kwargs)
  File "/home/cuartazona/redes/app/auxiliar.py", line 138, in wrap
    return fn(*args, **kwargs)
  File "/home/cuartazona/redes/app/censo.py", line 729, in _crea_industria
    concello = _que_concello(usuario=usuario, latitud=lat, longitud=lon).json
  File "/home/cuartazona/redes/app/auxiliar.py", line 125, in wrap
    return func(*args, **kwargs)
  File "/home/cuartazona/redes/app/auxiliar.py", line 333, in _que_concello
    punto_cercano = nearest_points(punto_elemento, MultiPoint(centroides))[1]
  File "/home/cuartazona/redes/envRedes/lib/python3.8/site-packages/shapely/ops.py", line 338, in nearest_points
    raise ValueError('The second input geometry is empty')
ValueError: The second input geometry is empty
ERROR:app:Exception on /_crea_industria [POST]
Traceback (most recent call last):
  File "/home/cuartazona/redes/envRedes/lib/python3.8/site-packages/flask/app.py", line 2070, in wsgi_app
    response = self.full_dispatch_request()
  File "/home/cuartazona/redes/envRedes/lib/python3.8/site-packages/flask/app.py", line 1515, in full_dispatch_request
    rv = self.handle_user_exception(e)
  File "/home/cuartazona/redes/envRedes/lib/python3.8/site-packages/flask/app.py", line 1513, in full_dispatch_request
    rv = self.dispatch_request()
  File "/home/cuartazona/redes/envRedes/lib/python3.8/site-packages/flask/app.py", line 1499, in dispatch_request
    return self.ensure_sync(self.view_functions[rule.endpoint])(**req.view_args)
  File "/home/cuartazona/redes/app/auxiliar.py", line 125, in wrap
    return func(*args, **kwargs)
  File "/home/cuartazona/redes/app/auxiliar.py", line 138, in wrap
    return fn(*args, **kwargs)
  File "/home/cuartazona/redes/app/censo.py", line 729, in _crea_industria
    concello = _que_concello(usuario=usuario, latitud=lat, longitud=lon).json
  File "/home/cuartazona/redes/app/auxiliar.py", line 125, in wrap
    return func(*args, **kwargs)
  File "/home/cuartazona/redes/app/auxiliar.py", line 333, in _que_concello
    punto_cercano = nearest_points(punto_elemento, MultiPoint(centroides))[1]
  File "/home/cuartazona/redes/envRedes/lib/python3.8/site-packages/shapely/ops.py", line 338, in nearest_points
    raise ValueError('The second input geometry is empty')
ValueError: The second input geometry is empty
ERROR:app:Exception on /ficha_industria-9929 [GET]
Traceback (most recent call last):
  File "/home/cuartazona/redes/envRedes/lib/python3.8/site-packages/flask/app.py", line 2070, in wsgi_app
    response = self.full_dispatch_request()
  File "/home/cuartazona/redes/envRedes/lib/python3.8/site-packages/flask/app.py", line 1515, in full_dispatch_request
    rv = self.handle_user_exception(e)
  File "/home/cuartazona/redes/envRedes/lib/python3.8/site-packages/flask/app.py", line 1513, in full_dispatch_request
    rv = self.dispatch_request()
  File "/home/cuartazona/redes/envRedes/lib/python3.8/site-packages/flask/app.py", line 1499, in dispatch_request
    return self.ensure_sync(self.view_functions[rule.endpoint])(**req.view_args)
  File "/home/cuartazona/redes/app/auxiliar.py", line 113, in wrap
    return f(*args, **kwargs)
  File "/home/cuartazona/redes/app/censo.py", line 232, in ficha_industria_imprimir
    coordenadas['PV'] = utm.from_latlon(industria['latitud_PV'], industria['longitud_PV'])
  File "/home/cuartazona/redes/envRedes/lib/python3.8/site-packages/utm/conversion.py", line 228, in from_latlon
    if not in_bounds(latitude, -80.0, 84.0):
  File "/home/cuartazona/redes/envRedes/lib/python3.8/site-packages/utm/conversion.py", line 50, in in_bounds
    return lower <= x <= upper
TypeError: '<=' not supported between instances of 'float' and 'NoneType'
ERROR:app:Exception on /ficha_industria-9922 [GET]
Traceback (most recent call last):
  File "/home/cuartazona/redes/envRedes/lib/python3.8/site-packages/flask/app.py", line 2070, in wsgi_app
    response = self.full_dispatch_request()
  File "/home/cuartazona/redes/envRedes/lib/python3.8/site-packages/flask/app.py", line 1515, in full_dispatch_request
    rv = self.handle_user_exception(e)
  File "/home/cuartazona/redes/envRedes/lib/python3.8/site-packages/flask/app.py", line 1513, in full_dispatch_request
    rv = self.dispatch_request()
  File "/home/cuartazona/redes/envRedes/lib/python3.8/site-packages/flask/app.py", line 1499, in dispatch_request
    return self.ensure_sync(self.view_functions[rule.endpoint])(**req.view_args)
  File "/home/cuartazona/redes/app/auxiliar.py", line 113, in wrap
    return f(*args, **kwargs)
  File "/home/cuartazona/redes/app/censo.py", line 232, in ficha_industria_imprimir
    coordenadas['PV'] = utm.from_latlon(industria['latitud_PV'], industria['longitud_PV'])
  File "/home/cuartazona/redes/envRedes/lib/python3.8/site-packages/utm/conversion.py", line 228, in from_latlon
    if not in_bounds(latitude, -80.0, 84.0):
  File "/home/cuartazona/redes/envRedes/lib/python3.8/site-packages/utm/conversion.py", line 50, in in_bounds
    return lower <= x <= upper
TypeError: '<=' not supported between instances of 'float' and 'NoneType'
ERROR:app:Exception on /_nueva_inspeccion_industria [POST]
Traceback (most recent call last):
  File "/home/cuartazona/redes/envRedes/lib/python3.8/site-packages/flask/app.py", line 2070, in wsgi_app
    response = self.full_dispatch_request()
  File "/home/cuartazona/redes/envRedes/lib/python3.8/site-packages/flask/app.py", line 1515, in full_dispatch_request
    rv = self.handle_user_exception(e)
  File "/home/cuartazona/redes/envRedes/lib/python3.8/site-packages/flask/app.py", line 1513, in full_dispatch_request
    rv = self.dispatch_request()
  File "/home/cuartazona/redes/envRedes/lib/python3.8/site-packages/flask/app.py", line 1499, in dispatch_request
    return self.ensure_sync(self.view_functions[rule.endpoint])(**req.view_args)
  File "/home/cuartazona/redes/app/auxiliar.py", line 125, in wrap
    return func(*args, **kwargs)
  File "/home/cuartazona/redes/app/auxiliar.py", line 138, in wrap
    return fn(*args, **kwargs)
  File "/home/cuartazona/redes/app/censo.py", line 966, in _nueva_inspeccion_ind
    cod_inspeccion = fecha_iso + "_" + sistema + "_" + cod_industria
TypeError: can only concatenate str (not "NoneType") to str
ERROR:app:Exception on /_crea_industria [POST]
Traceback (most recent call last):
  File "/home/cuartazona/redes/envRedes/lib/python3.8/site-packages/flask/app.py", line 2070, in wsgi_app
    response = self.full_dispatch_request()
  File "/home/cuartazona/redes/envRedes/lib/python3.8/site-packages/flask/app.py", line 1515, in full_dispatch_request
    rv = self.handle_user_exception(e)
  File "/home/cuartazona/redes/envRedes/lib/python3.8/site-packages/flask/app.py", line 1513, in full_dispatch_request
    rv = self.dispatch_request()
  File "/home/cuartazona/redes/envRedes/lib/python3.8/site-packages/flask/app.py", line 1499, in dispatch_request
    return self.ensure_sync(self.view_functions[rule.endpoint])(**req.view_args)
  File "/home/cuartazona/redes/app/auxiliar.py", line 125, in wrap
    return func(*args, **kwargs)
  File "/home/cuartazona/redes/app/auxiliar.py", line 138, in wrap
    return fn(*args, **kwargs)
  File "/home/cuartazona/redes/app/censo.py", line 729, in _crea_industria
    concello = _que_concello(usuario=usuario, latitud=lat, longitud=lon).json
  File "/home/cuartazona/redes/app/auxiliar.py", line 125, in wrap
    return func(*args, **kwargs)
  File "/home/cuartazona/redes/app/auxiliar.py", line 333, in _que_concello
    punto_cercano = nearest_points(punto_elemento, MultiPoint(centroides))[1]
  File "/home/cuartazona/redes/envRedes/lib/python3.8/site-packages/shapely/ops.py", line 338, in nearest_points
    raise ValueError('The second input geometry is empty')
ValueError: The second input geometry is empty
ERROR:app:Exception on /_crea_industria [POST]
Traceback (most recent call last):
  File "/home/cuartazona/redes/envRedes/lib/python3.8/site-packages/flask/app.py", line 2070, in wsgi_app
    response = self.full_dispatch_request()
  File "/home/cuartazona/redes/envRedes/lib/python3.8/site-packages/flask/app.py", line 1515, in full_dispatch_request
    rv = self.handle_user_exception(e)
  File "/home/cuartazona/redes/envRedes/lib/python3.8/site-packages/flask/app.py", line 1513, in full_dispatch_request
    rv = self.dispatch_request()
  File "/home/cuartazona/redes/envRedes/lib/python3.8/site-packages/flask/app.py", line 1499, in dispatch_request
    return self.ensure_sync(self.view_functions[rule.endpoint])(**req.view_args)
  File "/home/cuartazona/redes/app/auxiliar.py", line 125, in wrap
    return func(*args, **kwargs)
  File "/home/cuartazona/redes/app/auxiliar.py", line 138, in wrap
    return fn(*args, **kwargs)
  File "/home/cuartazona/redes/app/censo.py", line 729, in _crea_industria
    concello = _que_concello(usuario=usuario, latitud=lat, longitud=lon).json
  File "/home/cuartazona/redes/app/auxiliar.py", line 125, in wrap
    return func(*args, **kwargs)
  File "/home/cuartazona/redes/app/auxiliar.py", line 333, in _que_concello
    punto_cercano = nearest_points(punto_elemento, MultiPoint(centroides))[1]
  File "/home/cuartazona/redes/envRedes/lib/python3.8/site-packages/shapely/ops.py", line 338, in nearest_points
    raise ValueError('The second input geometry is empty')
ValueError: The second input geometry is empty
ERROR:app:Exception on /_crea_industria [POST]
Traceback (most recent call last):
  File "/home/cuartazona/redes/envRedes/lib/python3.8/site-packages/flask/app.py", line 2070, in wsgi_app
    response = self.full_dispatch_request()
  File "/home/cuartazona/redes/envRedes/lib/python3.8/site-packages/flask/app.py", line 1515, in full_dispatch_request
    rv = self.handle_user_exception(e)
  File "/home/cuartazona/redes/envRedes/lib/python3.8/site-packages/flask/app.py", line 1513, in full_dispatch_request
    rv = self.dispatch_request()
  File "/home/cuartazona/redes/envRedes/lib/python3.8/site-packages/flask/app.py", line 1499, in dispatch_request
    return self.ensure_sync(self.view_functions[rule.endpoint])(**req.view_args)
  File "/home/cuartazona/redes/app/auxiliar.py", line 125, in wrap
    return func(*args, **kwargs)
  File "/home/cuartazona/redes/app/auxiliar.py", line 138, in wrap
    return fn(*args, **kwargs)
  File "/home/cuartazona/redes/app/censo.py", line 729, in _crea_industria
    concello = _que_concello(usuario=usuario, latitud=lat, longitud=lon).json
  File "/home/cuartazona/redes/app/auxiliar.py", line 125, in wrap
    return func(*args, **kwargs)
  File "/home/cuartazona/redes/app/auxiliar.py", line 333, in _que_concello
    punto_cercano = nearest_points(punto_elemento, MultiPoint(centroides))[1]
  File "/home/cuartazona/redes/envRedes/lib/python3.8/site-packages/shapely/ops.py", line 338, in nearest_points
    raise ValueError('The second input geometry is empty')
ValueError: The second input geometry is empty
ERROR:app:Exception on /_crea_industria [POST]
Traceback (most recent call last):
  File "/home/cuartazona/redes/envRedes/lib/python3.8/site-packages/flask/app.py", line 2070, in wsgi_app
    response = self.full_dispatch_request()
  File "/home/cuartazona/redes/envRedes/lib/python3.8/site-packages/flask/app.py", line 1515, in full_dispatch_request
    rv = self.handle_user_exception(e)
  File "/home/cuartazona/redes/envRedes/lib/python3.8/site-packages/flask/app.py", line 1513, in full_dispatch_request
    rv = self.dispatch_request()
  File "/home/cuartazona/redes/envRedes/lib/python3.8/site-packages/flask/app.py", line 1499, in dispatch_request
    return self.ensure_sync(self.view_functions[rule.endpoint])(**req.view_args)
  File "/home/cuartazona/redes/app/auxiliar.py", line 125, in wrap
    return func(*args, **kwargs)
  File "/home/cuartazona/redes/app/auxiliar.py", line 138, in wrap
    return fn(*args, **kwargs)
  File "/home/cuartazona/redes/app/censo.py", line 729, in _crea_industria
    concello = _que_concello(usuario=usuario, latitud=lat, longitud=lon).json
  File "/home/cuartazona/redes/app/auxiliar.py", line 125, in wrap
    return func(*args, **kwargs)
  File "/home/cuartazona/redes/app/auxiliar.py", line 333, in _que_concello
    punto_cercano = nearest_points(punto_elemento, MultiPoint(centroides))[1]
  File "/home/cuartazona/redes/envRedes/lib/python3.8/site-packages/shapely/ops.py", line 338, in nearest_points
    raise ValueError('The second input geometry is empty')
ValueError: The second input geometry is empty
ERROR:app:Exception on /ficha_industria-1638 [GET]
Traceback (most recent call last):
  File "/home/cuartazona/redes/envRedes/lib/python3.8/site-packages/flask/app.py", line 2070, in wsgi_app
    response = self.full_dispatch_request()
  File "/home/cuartazona/redes/envRedes/lib/python3.8/site-packages/flask/app.py", line 1515, in full_dispatch_request
    rv = self.handle_user_exception(e)
  File "/home/cuartazona/redes/envRedes/lib/python3.8/site-packages/flask/app.py", line 1513, in full_dispatch_request
    rv = self.dispatch_request()
  File "/home/cuartazona/redes/envRedes/lib/python3.8/site-packages/flask/app.py", line 1499, in dispatch_request
    return self.ensure_sync(self.view_functions[rule.endpoint])(**req.view_args)
  File "/home/cuartazona/redes/app/auxiliar.py", line 113, in wrap
    return f(*args, **kwargs)
  File "/home/cuartazona/redes/app/censo.py", line 216, in ficha_industria_imprimir
    cumplimiento = evalua_cumplimiento(analiticas, doc_normativos_parametros)
  File "/home/cuartazona/redes/app/censo.py", line 325, in evalua_cumplimiento
    elif (analitica['valor'] * (1 - analitica['incertidumbre'])) > float(parametroDN['valor_limite']):
TypeError: can't multiply sequence by non-int of type 'float'
ERROR:app:Exception on /ficha_industria-2507 [GET]
Traceback (most recent call last):
  File "/home/cuartazona/redes/envRedes/lib/python3.8/site-packages/flask/app.py", line 2070, in wsgi_app
    response = self.full_dispatch_request()
  File "/home/cuartazona/redes/envRedes/lib/python3.8/site-packages/flask/app.py", line 1515, in full_dispatch_request
    rv = self.handle_user_exception(e)
  File "/home/cuartazona/redes/envRedes/lib/python3.8/site-packages/flask/app.py", line 1513, in full_dispatch_request
    rv = self.dispatch_request()
  File "/home/cuartazona/redes/envRedes/lib/python3.8/site-packages/flask/app.py", line 1499, in dispatch_request
    return self.ensure_sync(self.view_functions[rule.endpoint])(**req.view_args)
  File "/home/cuartazona/redes/app/auxiliar.py", line 113, in wrap
    return f(*args, **kwargs)
  File "/home/cuartazona/redes/app/censo.py", line 210, in ficha_industria_imprimir
    cur.execute("SELECT * FROM analiticas WHERE id_muestra in {}".format(tuple(id_muestras)))
sqlite3.OperationalError: near ")": syntax error
ERROR:app:Exception on /axuste-53-imprimir [GET]
Traceback (most recent call last):
  File "/home/cuartazona/redes/envRedes/lib/python3.8/site-packages/flask/app.py", line 2070, in wsgi_app
    response = self.full_dispatch_request()
  File "/home/cuartazona/redes/envRedes/lib/python3.8/site-packages/flask/app.py", line 1515, in full_dispatch_request
    rv = self.handle_user_exception(e)
  File "/home/cuartazona/redes/envRedes/lib/python3.8/site-packages/flask/app.py", line 1513, in full_dispatch_request
    rv = self.dispatch_request()
  File "/home/cuartazona/redes/envRedes/lib/python3.8/site-packages/flask/app.py", line 1499, in dispatch_request
    return self.ensure_sync(self.view_functions[rule.endpoint])(**req.view_args)
  File "/home/cuartazona/redes/app/auxiliar.py", line 113, in wrap
    return f(*args, **kwargs)
  File "/home/cuartazona/redes/app/verificacion.py", line 170, in pag_ajuste
    return render_template(plantilla,
  File "/home/cuartazona/redes/envRedes/lib/python3.8/site-packages/flask/templating.py", line 147, in render_template
    return _render(
  File "/home/cuartazona/redes/envRedes/lib/python3.8/site-packages/flask/templating.py", line 128, in _render
    rv = template.render(context)
  File "/home/cuartazona/redes/envRedes/lib/python3.8/site-packages/jinja2/environment.py", line 1304, in render
    self.environment.handle_exception()
  File "/home/cuartazona/redes/envRedes/lib/python3.8/site-packages/jinja2/environment.py", line 925, in handle_exception
    raise rewrite_traceback_stack(source=source)
  File "/home/cuartazona/redes/app/templates/html/imprimir/ajuste_imprimir.html", line 1, in top-level template code
    {% extends "html/imprimir/base_imprimir.html" %}
  File "/home/cuartazona/redes/app/templates/html/imprimir/base_imprimir.html", line 172, in top-level template code
    {% block todo %}{% endblock %}
  File "/home/cuartazona/redes/app/templates/html/imprimir/ajuste_imprimir.html", line 150, in block 'todo'
    <span class="">{% if ajuste.comprobacion.valido == 1 %}APTO{% else %}NON APTO{% endif %}</span><br>
  File "/home/cuartazona/redes/envRedes/lib/python3.8/site-packages/jinja2/environment.py", line 474, in getattr
    return getattr(obj, attribute)
jinja2.exceptions.UndefinedError: 'dict object' has no attribute 'comprobacion'
ERROR:app:Exception on /ficha_industria-384 [GET]
Traceback (most recent call last):
  File "/home/cuartazona/redes/envRedes/lib/python3.8/site-packages/flask/app.py", line 2070, in wsgi_app
    response = self.full_dispatch_request()
  File "/home/cuartazona/redes/envRedes/lib/python3.8/site-packages/flask/app.py", line 1515, in full_dispatch_request
    rv = self.handle_user_exception(e)
  File "/home/cuartazona/redes/envRedes/lib/python3.8/site-packages/flask/app.py", line 1513, in full_dispatch_request
    rv = self.dispatch_request()
  File "/home/cuartazona/redes/envRedes/lib/python3.8/site-packages/flask/app.py", line 1499, in dispatch_request
    return self.ensure_sync(self.view_functions[rule.endpoint])(**req.view_args)
  File "/home/cuartazona/redes/app/auxiliar.py", line 113, in wrap
    return f(*args, **kwargs)
  File "/home/cuartazona/redes/app/censo.py", line 216, in ficha_industria_imprimir
    cumplimiento = evalua_cumplimiento(analiticas, doc_normativos_parametros)
  File "/home/cuartazona/redes/app/censo.py", line 325, in evalua_cumplimiento
    elif (analitica['valor'] * (1 - analitica['incertidumbre'])) > float(parametroDN['valor_limite']):
TypeError: can't multiply sequence by non-int of type 'float'
ERROR:app:Exception on /ficha_industria-384 [GET]
Traceback (most recent call last):
  File "/home/cuartazona/redes/envRedes/lib/python3.8/site-packages/flask/app.py", line 2070, in wsgi_app
    response = self.full_dispatch_request()
  File "/home/cuartazona/redes/envRedes/lib/python3.8/site-packages/flask/app.py", line 1515, in full_dispatch_request
    rv = self.handle_user_exception(e)
  File "/home/cuartazona/redes/envRedes/lib/python3.8/site-packages/flask/app.py", line 1513, in full_dispatch_request
    rv = self.dispatch_request()
  File "/home/cuartazona/redes/envRedes/lib/python3.8/site-packages/flask/app.py", line 1499, in dispatch_request
    return self.ensure_sync(self.view_functions[rule.endpoint])(**req.view_args)
  File "/home/cuartazona/redes/app/auxiliar.py", line 113, in wrap
    return f(*args, **kwargs)
  File "/home/cuartazona/redes/app/censo.py", line 216, in ficha_industria_imprimir
    cumplimiento = evalua_cumplimiento(analiticas, doc_normativos_parametros)
  File "/home/cuartazona/redes/app/censo.py", line 325, in evalua_cumplimiento
    elif (analitica['valor'] * (1 - analitica['incertidumbre'])) > float(parametroDN['valor_limite']):
TypeError: can't multiply sequence by non-int of type 'float'
ERROR:app:Exception on /ficha_industria-384 [GET]
Traceback (most recent call last):
  File "/home/cuartazona/redes/envRedes/lib/python3.8/site-packages/flask/app.py", line 2070, in wsgi_app
    response = self.full_dispatch_request()
  File "/home/cuartazona/redes/envRedes/lib/python3.8/site-packages/flask/app.py", line 1515, in full_dispatch_request
    rv = self.handle_user_exception(e)
  File "/home/cuartazona/redes/envRedes/lib/python3.8/site-packages/flask/app.py", line 1513, in full_dispatch_request
    rv = self.dispatch_request()
  File "/home/cuartazona/redes/envRedes/lib/python3.8/site-packages/flask/app.py", line 1499, in dispatch_request
    return self.ensure_sync(self.view_functions[rule.endpoint])(**req.view_args)
  File "/home/cuartazona/redes/app/auxiliar.py", line 113, in wrap
    return f(*args, **kwargs)
  File "/home/cuartazona/redes/app/censo.py", line 216, in ficha_industria_imprimir
    cumplimiento = evalua_cumplimiento(analiticas, doc_normativos_parametros)
  File "/home/cuartazona/redes/app/censo.py", line 325, in evalua_cumplimiento
    elif (analitica['valor'] * (1 - analitica['incertidumbre'])) > float(parametroDN['valor_limite']):
TypeError: can't multiply sequence by non-int of type 'float'
ERROR:app:Exception on /censo-VGAR_FAM [GET]
Traceback (most recent call last):
  File "/home/cuartazona/redes/envRedes/lib/python3.8/site-packages/flask/app.py", line 2070, in wsgi_app
    response = self.full_dispatch_request()
  File "/home/cuartazona/redes/envRedes/lib/python3.8/site-packages/flask/app.py", line 1515, in full_dispatch_request
    rv = self.handle_user_exception(e)
  File "/home/cuartazona/redes/envRedes/lib/python3.8/site-packages/flask/app.py", line 1513, in full_dispatch_request
    rv = self.dispatch_request()
  File "/home/cuartazona/redes/envRedes/lib/python3.8/site-packages/flask/app.py", line 1499, in dispatch_request
    return self.ensure_sync(self.view_functions[rule.endpoint])(**req.view_args)
  File "/home/cuartazona/redes/app/auxiliar.py", line 113, in wrap
    return f(*args, **kwargs)
  File "/home/cuartazona/redes/app/censo.py", line 65, in redirige_censo
    id_industria, latitud, longitud = cur.fetchone()
TypeError: cannot unpack non-iterable NoneType object
ERROR:app:Exception on /_cumple_inspeccion [GET]
Traceback (most recent call last):
  File "/home/cuartazona/redes/envRedes/lib/python3.8/site-packages/flask/app.py", line 2070, in wsgi_app
    response = self.full_dispatch_request()
  File "/home/cuartazona/redes/envRedes/lib/python3.8/site-packages/flask/app.py", line 1515, in full_dispatch_request
    rv = self.handle_user_exception(e)
  File "/home/cuartazona/redes/envRedes/lib/python3.8/site-packages/flask/app.py", line 1513, in full_dispatch_request
    rv = self.dispatch_request()
  File "/home/cuartazona/redes/envRedes/lib/python3.8/site-packages/flask/app.py", line 1499, in dispatch_request
    return self.ensure_sync(self.view_functions[rule.endpoint])(**req.view_args)
  File "/home/cuartazona/redes/app/auxiliar.py", line 125, in wrap
    return func(*args, **kwargs)
  File "/home/cuartazona/redes/app/auxiliar.py", line 138, in wrap
    return fn(*args, **kwargs)
  File "/home/cuartazona/redes/app/censo.py", line 1027, in _cumple_inspeccion
    cumple, texto = cumple_todos_parametros(cumplimiento, analiticas)
  File "/home/cuartazona/redes/app/censo.py", line 350, in cumple_todos_parametros
    incumplimientos += "{} ({} {}), ".format(parametro, numero_bonito(int(cumplimiento[decreto_local][parametro][muestra][1])), analitica['unidades'])
ValueError: invalid literal for int() with base 10: '5.5-9'
ERROR:app:Exception on /_cumple_inspeccion [GET]
Traceback (most recent call last):
  File "/home/cuartazona/redes/envRedes/lib/python3.8/site-packages/flask/app.py", line 2070, in wsgi_app
    response = self.full_dispatch_request()
  File "/home/cuartazona/redes/envRedes/lib/python3.8/site-packages/flask/app.py", line 1515, in full_dispatch_request
    rv = self.handle_user_exception(e)
  File "/home/cuartazona/redes/envRedes/lib/python3.8/site-packages/flask/app.py", line 1513, in full_dispatch_request
    rv = self.dispatch_request()
  File "/home/cuartazona/redes/envRedes/lib/python3.8/site-packages/flask/app.py", line 1499, in dispatch_request
    return self.ensure_sync(self.view_functions[rule.endpoint])(**req.view_args)
  File "/home/cuartazona/redes/app/auxiliar.py", line 125, in wrap
    return func(*args, **kwargs)
  File "/home/cuartazona/redes/app/auxiliar.py", line 138, in wrap
    return fn(*args, **kwargs)
  File "/home/cuartazona/redes/app/censo.py", line 1027, in _cumple_inspeccion
    cumple, texto = cumple_todos_parametros(cumplimiento, analiticas)
  File "/home/cuartazona/redes/app/censo.py", line 350, in cumple_todos_parametros
    incumplimientos += "{} ({} {}), ".format(parametro, numero_bonito(int(cumplimiento[decreto_local][parametro][muestra][1])), analitica['unidades'])
ValueError: invalid literal for int() with base 10: '5.5-9'
ERROR:app:Exception on /ficha_industria-1638 [GET]
Traceback (most recent call last):
  File "/home/cuartazona/redes/envRedes/lib/python3.8/site-packages/flask/app.py", line 2070, in wsgi_app
    response = self.full_dispatch_request()
  File "/home/cuartazona/redes/envRedes/lib/python3.8/site-packages/flask/app.py", line 1515, in full_dispatch_request
    rv = self.handle_user_exception(e)
  File "/home/cuartazona/redes/envRedes/lib/python3.8/site-packages/flask/app.py", line 1513, in full_dispatch_request
    rv = self.dispatch_request()
  File "/home/cuartazona/redes/envRedes/lib/python3.8/site-packages/flask/app.py", line 1499, in dispatch_request
    return self.ensure_sync(self.view_functions[rule.endpoint])(**req.view_args)
  File "/home/cuartazona/redes/app/auxiliar.py", line 113, in wrap
    return f(*args, **kwargs)
  File "/home/cuartazona/redes/app/censo.py", line 216, in ficha_industria_imprimir
    cumplimiento = evalua_cumplimiento(analiticas, doc_normativos_parametros)
  File "/home/cuartazona/redes/app/censo.py", line 325, in evalua_cumplimiento
    elif (analitica['valor'] * (1 - analitica['incertidumbre'])) > float(parametroDN['valor_limite']):
TypeError: can't multiply sequence by non-int of type 'float'
ERROR:app:Exception on /ficha_industria-1638 [GET]
Traceback (most recent call last):
  File "/home/cuartazona/redes/envRedes/lib/python3.8/site-packages/flask/app.py", line 2070, in wsgi_app
    response = self.full_dispatch_request()
  File "/home/cuartazona/redes/envRedes/lib/python3.8/site-packages/flask/app.py", line 1515, in full_dispatch_request
    rv = self.handle_user_exception(e)
  File "/home/cuartazona/redes/envRedes/lib/python3.8/site-packages/flask/app.py", line 1513, in full_dispatch_request
    rv = self.dispatch_request()
  File "/home/cuartazona/redes/envRedes/lib/python3.8/site-packages/flask/app.py", line 1499, in dispatch_request
    return self.ensure_sync(self.view_functions[rule.endpoint])(**req.view_args)
  File "/home/cuartazona/redes/app/auxiliar.py", line 113, in wrap
    return f(*args, **kwargs)
  File "/home/cuartazona/redes/app/censo.py", line 216, in ficha_industria_imprimir
    cumplimiento = evalua_cumplimiento(analiticas, doc_normativos_parametros)
  File "/home/cuartazona/redes/app/censo.py", line 325, in evalua_cumplimiento
    elif (analitica['valor'] * (1 - analitica['incertidumbre'])) > float(parametroDN['valor_limite']):
TypeError: can't multiply sequence by non-int of type 'float'
ERROR:app:Exception on /ficha_industria-1638 [GET]
Traceback (most recent call last):
  File "/home/cuartazona/redes/envRedes/lib/python3.8/site-packages/flask/app.py", line 2070, in wsgi_app
    response = self.full_dispatch_request()
  File "/home/cuartazona/redes/envRedes/lib/python3.8/site-packages/flask/app.py", line 1515, in full_dispatch_request
    rv = self.handle_user_exception(e)
  File "/home/cuartazona/redes/envRedes/lib/python3.8/site-packages/flask/app.py", line 1513, in full_dispatch_request
    rv = self.dispatch_request()
  File "/home/cuartazona/redes/envRedes/lib/python3.8/site-packages/flask/app.py", line 1499, in dispatch_request
    return self.ensure_sync(self.view_functions[rule.endpoint])(**req.view_args)
  File "/home/cuartazona/redes/app/auxiliar.py", line 113, in wrap
    return f(*args, **kwargs)
  File "/home/cuartazona/redes/app/censo.py", line 216, in ficha_industria_imprimir
    cumplimiento = evalua_cumplimiento(analiticas, doc_normativos_parametros)
  File "/home/cuartazona/redes/app/censo.py", line 325, in evalua_cumplimiento
    elif (analitica['valor'] * (1 - analitica['incertidumbre'])) > float(parametroDN['valor_limite']):
TypeError: can't multiply sequence by non-int of type 'float'
ERROR:app:Exception on /ficha_industria-1638 [GET]
Traceback (most recent call last):
  File "/home/cuartazona/redes/envRedes/lib/python3.8/site-packages/flask/app.py", line 2070, in wsgi_app
    response = self.full_dispatch_request()
  File "/home/cuartazona/redes/envRedes/lib/python3.8/site-packages/flask/app.py", line 1515, in full_dispatch_request
    rv = self.handle_user_exception(e)
  File "/home/cuartazona/redes/envRedes/lib/python3.8/site-packages/flask/app.py", line 1513, in full_dispatch_request
    rv = self.dispatch_request()
  File "/home/cuartazona/redes/envRedes/lib/python3.8/site-packages/flask/app.py", line 1499, in dispatch_request
    return self.ensure_sync(self.view_functions[rule.endpoint])(**req.view_args)
  File "/home/cuartazona/redes/app/auxiliar.py", line 113, in wrap
    return f(*args, **kwargs)
  File "/home/cuartazona/redes/app/censo.py", line 216, in ficha_industria_imprimir
    cumplimiento = evalua_cumplimiento(analiticas, doc_normativos_parametros)
  File "/home/cuartazona/redes/app/censo.py", line 325, in evalua_cumplimiento
    elif (analitica['valor'] * (1 - analitica['incertidumbre'])) > float(parametroDN['valor_limite']):
TypeError: can't multiply sequence by non-int of type 'float'
ERROR:app:Exception on /ficha_industria-1638 [GET]
Traceback (most recent call last):
  File "/home/cuartazona/redes/envRedes/lib/python3.8/site-packages/flask/app.py", line 2070, in wsgi_app
    response = self.full_dispatch_request()
  File "/home/cuartazona/redes/envRedes/lib/python3.8/site-packages/flask/app.py", line 1515, in full_dispatch_request
    rv = self.handle_user_exception(e)
  File "/home/cuartazona/redes/envRedes/lib/python3.8/site-packages/flask/app.py", line 1513, in full_dispatch_request
    rv = self.dispatch_request()
  File "/home/cuartazona/redes/envRedes/lib/python3.8/site-packages/flask/app.py", line 1499, in dispatch_request
    return self.ensure_sync(self.view_functions[rule.endpoint])(**req.view_args)
  File "/home/cuartazona/redes/app/auxiliar.py", line 113, in wrap
    return f(*args, **kwargs)
  File "/home/cuartazona/redes/app/censo.py", line 216, in ficha_industria_imprimir
    cumplimiento = evalua_cumplimiento(analiticas, doc_normativos_parametros)
  File "/home/cuartazona/redes/app/censo.py", line 325, in evalua_cumplimiento
    elif (analitica['valor'] * (1 - analitica['incertidumbre'])) > float(parametroDN['valor_limite']):
TypeError: can't multiply sequence by non-int of type 'float'
ERROR:app:Exception on /_subir_perVer [POST]
Traceback (most recent call last):
  File "/home/cuartazona/redes/envRedes/lib/python3.8/site-packages/flask/app.py", line 2070, in wsgi_app
    response = self.full_dispatch_request()
  File "/home/cuartazona/redes/envRedes/lib/python3.8/site-packages/flask/app.py", line 1515, in full_dispatch_request
    rv = self.handle_user_exception(e)
  File "/home/cuartazona/redes/envRedes/lib/python3.8/site-packages/flask/app.py", line 1513, in full_dispatch_request
    rv = self.dispatch_request()
  File "/home/cuartazona/redes/envRedes/lib/python3.8/site-packages/flask/app.py", line 1499, in dispatch_request
    return self.ensure_sync(self.view_functions[rule.endpoint])(**req.view_args)
  File "/home/cuartazona/redes/app/auxiliar.py", line 125, in wrap
    return func(*args, **kwargs)
  File "/home/cuartazona/redes/app/auxiliar.py", line 138, in wrap
    return fn(*args, **kwargs)
  File "/home/cuartazona/redes/app/censo.py", line 846, in _subir_perVer
    nombre_archivo = sistema + "_" + cod_industria
TypeError: can only concatenate str (not "NoneType") to str
ERROR:app:Exception on /ficha_industria-2318 [GET]
Traceback (most recent call last):
  File "/home/cuartazona/redes/envRedes/lib/python3.8/site-packages/flask/app.py", line 2070, in wsgi_app
    response = self.full_dispatch_request()
  File "/home/cuartazona/redes/envRedes/lib/python3.8/site-packages/flask/app.py", line 1515, in full_dispatch_request
    rv = self.handle_user_exception(e)
  File "/home/cuartazona/redes/envRedes/lib/python3.8/site-packages/flask/app.py", line 1513, in full_dispatch_request
    rv = self.dispatch_request()
  File "/home/cuartazona/redes/envRedes/lib/python3.8/site-packages/flask/app.py", line 1499, in dispatch_request
    return self.ensure_sync(self.view_functions[rule.endpoint])(**req.view_args)
  File "/home/cuartazona/redes/app/auxiliar.py", line 113, in wrap
    return f(*args, **kwargs)
  File "/home/cuartazona/redes/app/censo.py", line 232, in ficha_industria_imprimir
    coordenadas['PV'] = utm.from_latlon(industria['latitud_PV'], industria['longitud_PV'])
  File "/home/cuartazona/redes/envRedes/lib/python3.8/site-packages/utm/conversion.py", line 228, in from_latlon
    if not in_bounds(latitude, -80.0, 84.0):
  File "/home/cuartazona/redes/envRedes/lib/python3.8/site-packages/utm/conversion.py", line 50, in in_bounds
    return lower <= x <= upper
TypeError: '<=' not supported between instances of 'float' and 'NoneType'
ERROR:app:Exception on /ficha_industria-9204 [GET]
Traceback (most recent call last):
  File "/home/cuartazona/redes/envRedes/lib/python3.8/site-packages/flask/app.py", line 2070, in wsgi_app
    response = self.full_dispatch_request()
  File "/home/cuartazona/redes/envRedes/lib/python3.8/site-packages/flask/app.py", line 1515, in full_dispatch_request
    rv = self.handle_user_exception(e)
  File "/home/cuartazona/redes/envRedes/lib/python3.8/site-packages/flask/app.py", line 1513, in full_dispatch_request
    rv = self.dispatch_request()
  File "/home/cuartazona/redes/envRedes/lib/python3.8/site-packages/flask/app.py", line 1499, in dispatch_request
    return self.ensure_sync(self.view_functions[rule.endpoint])(**req.view_args)
  File "/home/cuartazona/redes/app/auxiliar.py", line 113, in wrap
    return f(*args, **kwargs)
  File "/home/cuartazona/redes/app/censo.py", line 232, in ficha_industria_imprimir
    coordenadas['PV'] = utm.from_latlon(industria['latitud_PV'], industria['longitud_PV'])
  File "/home/cuartazona/redes/envRedes/lib/python3.8/site-packages/utm/conversion.py", line 228, in from_latlon
    if not in_bounds(latitude, -80.0, 84.0):
  File "/home/cuartazona/redes/envRedes/lib/python3.8/site-packages/utm/conversion.py", line 50, in in_bounds
    return lower <= x <= upper
TypeError: '<=' not supported between instances of 'float' and 'NoneType'
ERROR:app:Exception on /ficha_industria-9204 [GET]
Traceback (most recent call last):
  File "/home/cuartazona/redes/envRedes/lib/python3.8/site-packages/flask/app.py", line 2070, in wsgi_app
    response = self.full_dispatch_request()
  File "/home/cuartazona/redes/envRedes/lib/python3.8/site-packages/flask/app.py", line 1515, in full_dispatch_request
    rv = self.handle_user_exception(e)
  File "/home/cuartazona/redes/envRedes/lib/python3.8/site-packages/flask/app.py", line 1513, in full_dispatch_request
    rv = self.dispatch_request()
  File "/home/cuartazona/redes/envRedes/lib/python3.8/site-packages/flask/app.py", line 1499, in dispatch_request
    return self.ensure_sync(self.view_functions[rule.endpoint])(**req.view_args)
  File "/home/cuartazona/redes/app/auxiliar.py", line 113, in wrap
    return f(*args, **kwargs)
  File "/home/cuartazona/redes/app/censo.py", line 232, in ficha_industria_imprimir
    coordenadas['PV'] = utm.from_latlon(industria['latitud_PV'], industria['longitud_PV'])
  File "/home/cuartazona/redes/envRedes/lib/python3.8/site-packages/utm/conversion.py", line 228, in from_latlon
    if not in_bounds(latitude, -80.0, 84.0):
  File "/home/cuartazona/redes/envRedes/lib/python3.8/site-packages/utm/conversion.py", line 50, in in_bounds
    return lower <= x <= upper
TypeError: '<=' not supported between instances of 'float' and 'NoneType'
ERROR:app:Exception on /ficha_industria-1638 [GET]
Traceback (most recent call last):
  File "/home/cuartazona/redes/envRedes/lib/python3.8/site-packages/flask/app.py", line 2070, in wsgi_app
    response = self.full_dispatch_request()
  File "/home/cuartazona/redes/envRedes/lib/python3.8/site-packages/flask/app.py", line 1515, in full_dispatch_request
    rv = self.handle_user_exception(e)
  File "/home/cuartazona/redes/envRedes/lib/python3.8/site-packages/flask/app.py", line 1513, in full_dispatch_request
    rv = self.dispatch_request()
  File "/home/cuartazona/redes/envRedes/lib/python3.8/site-packages/flask/app.py", line 1499, in dispatch_request
    return self.ensure_sync(self.view_functions[rule.endpoint])(**req.view_args)
  File "/home/cuartazona/redes/app/auxiliar.py", line 113, in wrap
    return f(*args, **kwargs)
  File "/home/cuartazona/redes/app/censo.py", line 216, in ficha_industria_imprimir
    cumplimiento = evalua_cumplimiento(analiticas, doc_normativos_parametros)
  File "/home/cuartazona/redes/app/censo.py", line 325, in evalua_cumplimiento
    elif (analitica['valor'] * (1 - analitica['incertidumbre'])) > float(parametroDN['valor_limite']):
TypeError: can't multiply sequence by non-int of type 'float'
ERROR:app:Exception on /rede-VALG-None,WMSlayer,42.70617075777263,-8.673577308654787,16 [GET]
Traceback (most recent call last):
  File "/home/cuartazona/redes/envRedes/lib/python3.8/site-packages/flask/app.py", line 2070, in wsgi_app
    response = self.full_dispatch_request()
  File "/home/cuartazona/redes/envRedes/lib/python3.8/site-packages/flask/app.py", line 1515, in full_dispatch_request
    rv = self.handle_user_exception(e)
  File "/home/cuartazona/redes/envRedes/lib/python3.8/site-packages/flask/app.py", line 1513, in full_dispatch_request
    rv = self.dispatch_request()
  File "/home/cuartazona/redes/envRedes/lib/python3.8/site-packages/flask/app.py", line 1499, in dispatch_request
    return self.ensure_sync(self.view_functions[rule.endpoint])(**req.view_args)
  File "/home/cuartazona/redes/app/auxiliar.py", line 113, in wrap
    return f(*args, **kwargs)
  File "/home/cuartazona/redes/app/rede.py", line 26, in red
    geoJSON = obtener_capas_geoJSON(cod_edar)
  File "/home/cuartazona/redes/app/auxiliar.py", line 195, in obtener_capas_geoJSON
    dict_contenido = json.loads(contenido)
  File "/usr/local/lib/python3.8/json/__init__.py", line 357, in loads
    return _default_decoder.decode(s)
  File "/usr/local/lib/python3.8/json/decoder.py", line 340, in decode
    raise JSONDecodeError("Extra data", s, end)
json.decoder.JSONDecodeError: Extra data: line 2 column 1 (char 27827)
ERROR:app:Exception on /rede-VALG [GET]
Traceback (most recent call last):
  File "/home/cuartazona/redes/envRedes/lib/python3.8/site-packages/flask/app.py", line 2070, in wsgi_app
    response = self.full_dispatch_request()
  File "/home/cuartazona/redes/envRedes/lib/python3.8/site-packages/flask/app.py", line 1515, in full_dispatch_request
    rv = self.handle_user_exception(e)
  File "/home/cuartazona/redes/envRedes/lib/python3.8/site-packages/flask/app.py", line 1513, in full_dispatch_request
    rv = self.dispatch_request()
  File "/home/cuartazona/redes/envRedes/lib/python3.8/site-packages/flask/app.py", line 1499, in dispatch_request
    return self.ensure_sync(self.view_functions[rule.endpoint])(**req.view_args)
  File "/home/cuartazona/redes/app/auxiliar.py", line 113, in wrap
    return f(*args, **kwargs)
  File "/home/cuartazona/redes/app/rede.py", line 26, in red
    geoJSON = obtener_capas_geoJSON(cod_edar)
  File "/home/cuartazona/redes/app/auxiliar.py", line 195, in obtener_capas_geoJSON
    dict_contenido = json.loads(contenido)
  File "/usr/local/lib/python3.8/json/__init__.py", line 357, in loads
    return _default_decoder.decode(s)
  File "/usr/local/lib/python3.8/json/decoder.py", line 340, in decode
    raise JSONDecodeError("Extra data", s, end)
json.decoder.JSONDecodeError: Extra data: line 2 column 1 (char 27827)
ERROR:app:Exception on /rede-VALG [GET]
Traceback (most recent call last):
  File "/home/cuartazona/redes/envRedes/lib/python3.8/site-packages/flask/app.py", line 2070, in wsgi_app
    response = self.full_dispatch_request()
  File "/home/cuartazona/redes/envRedes/lib/python3.8/site-packages/flask/app.py", line 1515, in full_dispatch_request
    rv = self.handle_user_exception(e)
  File "/home/cuartazona/redes/envRedes/lib/python3.8/site-packages/flask/app.py", line 1513, in full_dispatch_request
    rv = self.dispatch_request()
  File "/home/cuartazona/redes/envRedes/lib/python3.8/site-packages/flask/app.py", line 1499, in dispatch_request
    return self.ensure_sync(self.view_functions[rule.endpoint])(**req.view_args)
  File "/home/cuartazona/redes/app/auxiliar.py", line 113, in wrap
    return f(*args, **kwargs)
  File "/home/cuartazona/redes/app/rede.py", line 26, in red
    geoJSON = obtener_capas_geoJSON(cod_edar)
  File "/home/cuartazona/redes/app/auxiliar.py", line 195, in obtener_capas_geoJSON
    dict_contenido = json.loads(contenido)
  File "/usr/local/lib/python3.8/json/__init__.py", line 357, in loads
    return _default_decoder.decode(s)
  File "/usr/local/lib/python3.8/json/decoder.py", line 340, in decode
    raise JSONDecodeError("Extra data", s, end)
json.decoder.JSONDecodeError: Extra data: line 2 column 1 (char 27827)
ERROR:app:Exception on /rede-TELEFERICO-None,OpenStreetMap,42.71008109590383,-8.678297996520998,15 [GET]
Traceback (most recent call last):
  File "/home/cuartazona/redes/envRedes/lib/python3.8/site-packages/flask/app.py", line 2070, in wsgi_app
    response = self.full_dispatch_request()
  File "/home/cuartazona/redes/envRedes/lib/python3.8/site-packages/flask/app.py", line 1515, in full_dispatch_request
    rv = self.handle_user_exception(e)
  File "/home/cuartazona/redes/envRedes/lib/python3.8/site-packages/flask/app.py", line 1513, in full_dispatch_request
    rv = self.dispatch_request()
  File "/home/cuartazona/redes/envRedes/lib/python3.8/site-packages/flask/app.py", line 1499, in dispatch_request
    return self.ensure_sync(self.view_functions[rule.endpoint])(**req.view_args)
  File "/home/cuartazona/redes/app/auxiliar.py", line 113, in wrap
    return f(*args, **kwargs)
  File "/home/cuartazona/redes/app/rede.py", line 26, in red
    geoJSON = obtener_capas_geoJSON(cod_edar)
  File "/home/cuartazona/redes/app/auxiliar.py", line 195, in obtener_capas_geoJSON
    dict_contenido = json.loads(contenido)
  File "/usr/local/lib/python3.8/json/__init__.py", line 357, in loads
    return _default_decoder.decode(s)
  File "/usr/local/lib/python3.8/json/decoder.py", line 340, in decode
    raise JSONDecodeError("Extra data", s, end)
json.decoder.JSONDecodeError: Extra data: line 2 column 1 (char 4)
ERROR:app:Exception on /rede-TELEFERICO-None,OpenStreetMap,42.71008109590383,-8.678297996520998,15 [GET]
Traceback (most recent call last):
  File "/home/cuartazona/redes/envRedes/lib/python3.8/site-packages/flask/app.py", line 2070, in wsgi_app
    response = self.full_dispatch_request()
  File "/home/cuartazona/redes/envRedes/lib/python3.8/site-packages/flask/app.py", line 1515, in full_dispatch_request
    rv = self.handle_user_exception(e)
  File "/home/cuartazona/redes/envRedes/lib/python3.8/site-packages/flask/app.py", line 1513, in full_dispatch_request
    rv = self.dispatch_request()
  File "/home/cuartazona/redes/envRedes/lib/python3.8/site-packages/flask/app.py", line 1499, in dispatch_request
    return self.ensure_sync(self.view_functions[rule.endpoint])(**req.view_args)
  File "/home/cuartazona/redes/app/auxiliar.py", line 113, in wrap
    return f(*args, **kwargs)
  File "/home/cuartazona/redes/app/rede.py", line 26, in red
    geoJSON = obtener_capas_geoJSON(cod_edar)
  File "/home/cuartazona/redes/app/auxiliar.py", line 195, in obtener_capas_geoJSON
    dict_contenido = json.loads(contenido)
  File "/usr/local/lib/python3.8/json/__init__.py", line 357, in loads
    return _default_decoder.decode(s)
  File "/usr/local/lib/python3.8/json/decoder.py", line 337, in decode
    obj, end = self.raw_decode(s, idx=_w(s, 0).end())
  File "/usr/local/lib/python3.8/json/decoder.py", line 355, in raw_decode
    raise JSONDecodeError("Expecting value", s, err.value) from None
json.decoder.JSONDecodeError: Expecting value: line 1 column 1 (char 0)
ERROR:app:Exception on /_actualiza_elem [POST]
Traceback (most recent call last):
  File "/home/cuartazona/redes/envRedes/lib/python3.8/site-packages/flask/app.py", line 2070, in wsgi_app
    response = self.full_dispatch_request()
  File "/home/cuartazona/redes/envRedes/lib/python3.8/site-packages/flask/app.py", line 1515, in full_dispatch_request
    rv = self.handle_user_exception(e)
  File "/home/cuartazona/redes/envRedes/lib/python3.8/site-packages/flask/app.py", line 1513, in full_dispatch_request
    rv = self.dispatch_request()
  File "/home/cuartazona/redes/envRedes/lib/python3.8/site-packages/flask/app.py", line 1499, in dispatch_request
    return self.ensure_sync(self.view_functions[rule.endpoint])(**req.view_args)
  File "/home/cuartazona/redes/app/auxiliar.py", line 125, in wrap
    return func(*args, **kwargs)
  File "/home/cuartazona/redes/app/auxiliar.py", line 138, in wrap
    return fn(*args, **kwargs)
  File "/home/cuartazona/redes/app/rede.py", line 206, in _actualiza_elem
    clave, valor = par.split("=")
ValueError: not enough values to unpack (expected 2, got 1)
ERROR:app:Exception on /_obtener_geoJSON [GET]
Traceback (most recent call last):
  File "/home/cuartazona/redes/envRedes/lib/python3.8/site-packages/flask/app.py", line 2070, in wsgi_app
    response = self.full_dispatch_request()
  File "/home/cuartazona/redes/envRedes/lib/python3.8/site-packages/flask/app.py", line 1515, in full_dispatch_request
    rv = self.handle_user_exception(e)
  File "/home/cuartazona/redes/envRedes/lib/python3.8/site-packages/flask/app.py", line 1513, in full_dispatch_request
    rv = self.dispatch_request()
  File "/home/cuartazona/redes/envRedes/lib/python3.8/site-packages/flask/app.py", line 1499, in dispatch_request
    return self.ensure_sync(self.view_functions[rule.endpoint])(**req.view_args)
  File "/home/cuartazona/redes/app/auxiliar.py", line 221, in obtener_geoJSON
    usuario = session['username']
  File "/home/cuartazona/redes/envRedes/lib/python3.8/site-packages/flask/sessions.py", line 79, in __getitem__
    return super().__getitem__(key)
KeyError: 'username'
ERROR:app:Exception on /_obtener_geoJSON [GET]
Traceback (most recent call last):
  File "/home/cuartazona/redes/envRedes/lib/python3.8/site-packages/flask/app.py", line 2070, in wsgi_app
    response = self.full_dispatch_request()
  File "/home/cuartazona/redes/envRedes/lib/python3.8/site-packages/flask/app.py", line 1515, in full_dispatch_request
    rv = self.handle_user_exception(e)
  File "/home/cuartazona/redes/envRedes/lib/python3.8/site-packages/flask/app.py", line 1513, in full_dispatch_request
    rv = self.dispatch_request()
  File "/home/cuartazona/redes/envRedes/lib/python3.8/site-packages/flask/app.py", line 1499, in dispatch_request
    return self.ensure_sync(self.view_functions[rule.endpoint])(**req.view_args)
  File "/home/cuartazona/redes/app/auxiliar.py", line 221, in obtener_geoJSON
    usuario = session['username']
  File "/home/cuartazona/redes/envRedes/lib/python3.8/site-packages/flask/sessions.py", line 79, in __getitem__
    return super().__getitem__(key)
KeyError: 'username'
ERROR:app:Exception on /_obtener_geoJSON [GET]
Traceback (most recent call last):
  File "/home/cuartazona/redes/envRedes/lib/python3.8/site-packages/flask/app.py", line 2070, in wsgi_app
    response = self.full_dispatch_request()
  File "/home/cuartazona/redes/envRedes/lib/python3.8/site-packages/flask/app.py", line 1515, in full_dispatch_request
    rv = self.handle_user_exception(e)
  File "/home/cuartazona/redes/envRedes/lib/python3.8/site-packages/flask/app.py", line 1513, in full_dispatch_request
    rv = self.dispatch_request()
  File "/home/cuartazona/redes/envRedes/lib/python3.8/site-packages/flask/app.py", line 1499, in dispatch_request
    return self.ensure_sync(self.view_functions[rule.endpoint])(**req.view_args)
  File "/home/cuartazona/redes/app/auxiliar.py", line 221, in obtener_geoJSON
    usuario = session['username']
  File "/home/cuartazona/redes/envRedes/lib/python3.8/site-packages/flask/sessions.py", line 79, in __getitem__
    return super().__getitem__(key)
KeyError: 'username'
ERROR:app:Exception on /_obtener_geoJSON [GET]
Traceback (most recent call last):
  File "/home/cuartazona/redes/envRedes/lib/python3.8/site-packages/flask/app.py", line 2070, in wsgi_app
    response = self.full_dispatch_request()
  File "/home/cuartazona/redes/envRedes/lib/python3.8/site-packages/flask/app.py", line 1515, in full_dispatch_request
    rv = self.handle_user_exception(e)
  File "/home/cuartazona/redes/envRedes/lib/python3.8/site-packages/flask/app.py", line 1513, in full_dispatch_request
    rv = self.dispatch_request()
  File "/home/cuartazona/redes/envRedes/lib/python3.8/site-packages/flask/app.py", line 1499, in dispatch_request
    return self.ensure_sync(self.view_functions[rule.endpoint])(**req.view_args)
  File "/home/cuartazona/redes/app/auxiliar.py", line 221, in obtener_geoJSON
    usuario = session['username']
  File "/home/cuartazona/redes/envRedes/lib/python3.8/site-packages/flask/sessions.py", line 79, in __getitem__
    return super().__getitem__(key)
KeyError: 'username'
ERROR:app:Exception on /_nueva_inspeccion_industria [POST]
Traceback (most recent call last):
  File "/home/cuartazona/redes/envRedes/lib/python3.8/site-packages/flask/app.py", line 2070, in wsgi_app
    response = self.full_dispatch_request()
  File "/home/cuartazona/redes/envRedes/lib/python3.8/site-packages/flask/app.py", line 1515, in full_dispatch_request
    rv = self.handle_user_exception(e)
  File "/home/cuartazona/redes/envRedes/lib/python3.8/site-packages/flask/app.py", line 1513, in full_dispatch_request
    rv = self.dispatch_request()
  File "/home/cuartazona/redes/envRedes/lib/python3.8/site-packages/flask/app.py", line 1499, in dispatch_request
    return self.ensure_sync(self.view_functions[rule.endpoint])(**req.view_args)
  File "/home/cuartazona/redes/app/auxiliar.py", line 125, in wrap
    return func(*args, **kwargs)
  File "/home/cuartazona/redes/app/auxiliar.py", line 138, in wrap
    return fn(*args, **kwargs)
  File "/home/cuartazona/redes/app/censo.py", line 966, in _nueva_inspeccion_ind
    cod_inspeccion = fecha_iso + "_" + sistema + "_" + cod_industria
TypeError: can only concatenate str (not "NoneType") to str
ERROR:app:Exception on /_nueva_inspeccion_industria [POST]
Traceback (most recent call last):
  File "/home/cuartazona/redes/envRedes/lib/python3.8/site-packages/flask/app.py", line 2070, in wsgi_app
    response = self.full_dispatch_request()
  File "/home/cuartazona/redes/envRedes/lib/python3.8/site-packages/flask/app.py", line 1515, in full_dispatch_request
    rv = self.handle_user_exception(e)
  File "/home/cuartazona/redes/envRedes/lib/python3.8/site-packages/flask/app.py", line 1513, in full_dispatch_request
    rv = self.dispatch_request()
  File "/home/cuartazona/redes/envRedes/lib/python3.8/site-packages/flask/app.py", line 1499, in dispatch_request
    return self.ensure_sync(self.view_functions[rule.endpoint])(**req.view_args)
  File "/home/cuartazona/redes/app/auxiliar.py", line 125, in wrap
    return func(*args, **kwargs)
  File "/home/cuartazona/redes/app/auxiliar.py", line 138, in wrap
    return fn(*args, **kwargs)
  File "/home/cuartazona/redes/app/censo.py", line 966, in _nueva_inspeccion_ind
    cod_inspeccion = fecha_iso + "_" + sistema + "_" + cod_industria
TypeError: can only concatenate str (not "NoneType") to str
ERROR:app:Exception on /_nueva_inspeccion_industria [POST]
Traceback (most recent call last):
  File "/home/cuartazona/redes/envRedes/lib/python3.8/site-packages/flask/app.py", line 2070, in wsgi_app
    response = self.full_dispatch_request()
  File "/home/cuartazona/redes/envRedes/lib/python3.8/site-packages/flask/app.py", line 1515, in full_dispatch_request
    rv = self.handle_user_exception(e)
  File "/home/cuartazona/redes/envRedes/lib/python3.8/site-packages/flask/app.py", line 1513, in full_dispatch_request
    rv = self.dispatch_request()
  File "/home/cuartazona/redes/envRedes/lib/python3.8/site-packages/flask/app.py", line 1499, in dispatch_request
    return self.ensure_sync(self.view_functions[rule.endpoint])(**req.view_args)
  File "/home/cuartazona/redes/app/auxiliar.py", line 125, in wrap
    return func(*args, **kwargs)
  File "/home/cuartazona/redes/app/auxiliar.py", line 138, in wrap
    return fn(*args, **kwargs)
  File "/home/cuartazona/redes/app/censo.py", line 966, in _nueva_inspeccion_ind
    cod_inspeccion = fecha_iso + "_" + sistema + "_" + cod_industria
TypeError: can only concatenate str (not "NoneType") to str
ERROR:app:Exception on /_nueva_inspeccion_industria [POST]
Traceback (most recent call last):
  File "/home/cuartazona/redes/envRedes/lib/python3.8/site-packages/flask/app.py", line 2070, in wsgi_app
    response = self.full_dispatch_request()
  File "/home/cuartazona/redes/envRedes/lib/python3.8/site-packages/flask/app.py", line 1515, in full_dispatch_request
    rv = self.handle_user_exception(e)
  File "/home/cuartazona/redes/envRedes/lib/python3.8/site-packages/flask/app.py", line 1513, in full_dispatch_request
    rv = self.dispatch_request()
  File "/home/cuartazona/redes/envRedes/lib/python3.8/site-packages/flask/app.py", line 1499, in dispatch_request
    return self.ensure_sync(self.view_functions[rule.endpoint])(**req.view_args)
  File "/home/cuartazona/redes/app/auxiliar.py", line 125, in wrap
    return func(*args, **kwargs)
  File "/home/cuartazona/redes/app/auxiliar.py", line 138, in wrap
    return fn(*args, **kwargs)
  File "/home/cuartazona/redes/app/censo.py", line 966, in _nueva_inspeccion_ind
    cod_inspeccion = fecha_iso + "_" + sistema + "_" + cod_industria
TypeError: can only concatenate str (not "NoneType") to str
ERROR:app:Exception on /_nueva_inspeccion_industria [POST]
Traceback (most recent call last):
  File "/home/cuartazona/redes/envRedes/lib/python3.8/site-packages/flask/app.py", line 2070, in wsgi_app
    response = self.full_dispatch_request()
  File "/home/cuartazona/redes/envRedes/lib/python3.8/site-packages/flask/app.py", line 1515, in full_dispatch_request
    rv = self.handle_user_exception(e)
  File "/home/cuartazona/redes/envRedes/lib/python3.8/site-packages/flask/app.py", line 1513, in full_dispatch_request
    rv = self.dispatch_request()
  File "/home/cuartazona/redes/envRedes/lib/python3.8/site-packages/flask/app.py", line 1499, in dispatch_request
    return self.ensure_sync(self.view_functions[rule.endpoint])(**req.view_args)
  File "/home/cuartazona/redes/app/auxiliar.py", line 125, in wrap
    return func(*args, **kwargs)
  File "/home/cuartazona/redes/app/auxiliar.py", line 138, in wrap
    return fn(*args, **kwargs)
  File "/home/cuartazona/redes/app/censo.py", line 966, in _nueva_inspeccion_ind
    cod_inspeccion = fecha_iso + "_" + sistema + "_" + cod_industria
TypeError: can only concatenate str (not "NoneType") to str
ERROR:app:Exception on /_nueva_inspeccion_industria [POST]
Traceback (most recent call last):
  File "/home/cuartazona/redes/envRedes/lib/python3.8/site-packages/flask/app.py", line 2070, in wsgi_app
    response = self.full_dispatch_request()
  File "/home/cuartazona/redes/envRedes/lib/python3.8/site-packages/flask/app.py", line 1515, in full_dispatch_request
    rv = self.handle_user_exception(e)
  File "/home/cuartazona/redes/envRedes/lib/python3.8/site-packages/flask/app.py", line 1513, in full_dispatch_request
    rv = self.dispatch_request()
  File "/home/cuartazona/redes/envRedes/lib/python3.8/site-packages/flask/app.py", line 1499, in dispatch_request
    return self.ensure_sync(self.view_functions[rule.endpoint])(**req.view_args)
  File "/home/cuartazona/redes/app/auxiliar.py", line 125, in wrap
    return func(*args, **kwargs)
  File "/home/cuartazona/redes/app/auxiliar.py", line 138, in wrap
    return fn(*args, **kwargs)
  File "/home/cuartazona/redes/app/censo.py", line 966, in _nueva_inspeccion_ind
    cod_inspeccion = fecha_iso + "_" + sistema + "_" + cod_industria
TypeError: can only concatenate str (not "NoneType") to str
ERROR:app:Exception on /_nueva_inspeccion_industria [POST]
Traceback (most recent call last):
  File "/home/cuartazona/redes/envRedes/lib/python3.8/site-packages/flask/app.py", line 2070, in wsgi_app
    response = self.full_dispatch_request()
  File "/home/cuartazona/redes/envRedes/lib/python3.8/site-packages/flask/app.py", line 1515, in full_dispatch_request
    rv = self.handle_user_exception(e)
  File "/home/cuartazona/redes/envRedes/lib/python3.8/site-packages/flask/app.py", line 1513, in full_dispatch_request
    rv = self.dispatch_request()
  File "/home/cuartazona/redes/envRedes/lib/python3.8/site-packages/flask/app.py", line 1499, in dispatch_request
    return self.ensure_sync(self.view_functions[rule.endpoint])(**req.view_args)
  File "/home/cuartazona/redes/app/auxiliar.py", line 125, in wrap
    return func(*args, **kwargs)
  File "/home/cuartazona/redes/app/auxiliar.py", line 138, in wrap
    return fn(*args, **kwargs)
  File "/home/cuartazona/redes/app/censo.py", line 966, in _nueva_inspeccion_ind
    cod_inspeccion = fecha_iso + "_" + sistema + "_" + cod_industria
TypeError: can only concatenate str (not "NoneType") to str
ERROR:app:Exception on /ficha_industria-1653 [GET]
Traceback (most recent call last):
  File "/home/cuartazona/redes/envRedes/lib/python3.8/site-packages/flask/app.py", line 2070, in wsgi_app
    response = self.full_dispatch_request()
  File "/home/cuartazona/redes/envRedes/lib/python3.8/site-packages/flask/app.py", line 1515, in full_dispatch_request
    rv = self.handle_user_exception(e)
  File "/home/cuartazona/redes/envRedes/lib/python3.8/site-packages/flask/app.py", line 1513, in full_dispatch_request
    rv = self.dispatch_request()
  File "/home/cuartazona/redes/envRedes/lib/python3.8/site-packages/flask/app.py", line 1499, in dispatch_request
    return self.ensure_sync(self.view_functions[rule.endpoint])(**req.view_args)
  File "/home/cuartazona/redes/app/auxiliar.py", line 113, in wrap
    return f(*args, **kwargs)
  File "/home/cuartazona/redes/app/censo.py", line 232, in ficha_industria_imprimir
    coordenadas['PV'] = utm.from_latlon(industria['latitud_PV'], industria['longitud_PV'])
  File "/home/cuartazona/redes/envRedes/lib/python3.8/site-packages/utm/conversion.py", line 228, in from_latlon
    if not in_bounds(latitude, -80.0, 84.0):
  File "/home/cuartazona/redes/envRedes/lib/python3.8/site-packages/utm/conversion.py", line 50, in in_bounds
    return lower <= x <= upper
TypeError: '<=' not supported between instances of 'float' and 'NoneType'
ERROR:app:Exception on /ficha_industria-9751 [GET]
Traceback (most recent call last):
  File "/home/cuartazona/redes/envRedes/lib/python3.8/site-packages/flask/app.py", line 2070, in wsgi_app
    response = self.full_dispatch_request()
  File "/home/cuartazona/redes/envRedes/lib/python3.8/site-packages/flask/app.py", line 1515, in full_dispatch_request
    rv = self.handle_user_exception(e)
  File "/home/cuartazona/redes/envRedes/lib/python3.8/site-packages/flask/app.py", line 1513, in full_dispatch_request
    rv = self.dispatch_request()
  File "/home/cuartazona/redes/envRedes/lib/python3.8/site-packages/flask/app.py", line 1499, in dispatch_request
    return self.ensure_sync(self.view_functions[rule.endpoint])(**req.view_args)
  File "/home/cuartazona/redes/app/auxiliar.py", line 113, in wrap
    return f(*args, **kwargs)
  File "/home/cuartazona/redes/app/censo.py", line 232, in ficha_industria_imprimir
    coordenadas['PV'] = utm.from_latlon(industria['latitud_PV'], industria['longitud_PV'])
  File "/home/cuartazona/redes/envRedes/lib/python3.8/site-packages/utm/conversion.py", line 228, in from_latlon
    if not in_bounds(latitude, -80.0, 84.0):
  File "/home/cuartazona/redes/envRedes/lib/python3.8/site-packages/utm/conversion.py", line 50, in in_bounds
    return lower <= x <= upper
TypeError: '<=' not supported between instances of 'float' and 'NoneType'
ERROR:app:Exception on /censo-MON_ALI [GET]
Traceback (most recent call last):
  File "/home/cuartazona/redes/envRedes/lib/python3.8/site-packages/flask/app.py", line 2070, in wsgi_app
    response = self.full_dispatch_request()
  File "/home/cuartazona/redes/envRedes/lib/python3.8/site-packages/flask/app.py", line 1515, in full_dispatch_request
    rv = self.handle_user_exception(e)
  File "/home/cuartazona/redes/envRedes/lib/python3.8/site-packages/flask/app.py", line 1513, in full_dispatch_request
    rv = self.dispatch_request()
  File "/home/cuartazona/redes/envRedes/lib/python3.8/site-packages/flask/app.py", line 1499, in dispatch_request
    return self.ensure_sync(self.view_functions[rule.endpoint])(**req.view_args)
  File "/home/cuartazona/redes/app/auxiliar.py", line 113, in wrap
    return f(*args, **kwargs)
  File "/home/cuartazona/redes/app/censo.py", line 65, in redirige_censo
    id_industria, latitud, longitud = cur.fetchone()
TypeError: cannot unpack non-iterable NoneType object
ERROR:app:Exception on /censo-RIAN_MIR+ [GET]
Traceback (most recent call last):
  File "/home/cuartazona/redes/envRedes/lib/python3.8/site-packages/flask/app.py", line 2070, in wsgi_app
    response = self.full_dispatch_request()
  File "/home/cuartazona/redes/envRedes/lib/python3.8/site-packages/flask/app.py", line 1515, in full_dispatch_request
    rv = self.handle_user_exception(e)
  File "/home/cuartazona/redes/envRedes/lib/python3.8/site-packages/flask/app.py", line 1513, in full_dispatch_request
    rv = self.dispatch_request()
  File "/home/cuartazona/redes/envRedes/lib/python3.8/site-packages/flask/app.py", line 1499, in dispatch_request
    return self.ensure_sync(self.view_functions[rule.endpoint])(**req.view_args)
  File "/home/cuartazona/redes/app/auxiliar.py", line 113, in wrap
    return f(*args, **kwargs)
  File "/home/cuartazona/redes/app/censo.py", line 65, in redirige_censo
    id_industria, latitud, longitud = cur.fetchone()
TypeError: cannot unpack non-iterable NoneType object
ERROR:app:Exception on /censo-DODR_FESB [GET]
Traceback (most recent call last):
  File "/home/cuartazona/redes/envRedes/lib/python3.8/site-packages/flask/app.py", line 2070, in wsgi_app
    response = self.full_dispatch_request()
  File "/home/cuartazona/redes/envRedes/lib/python3.8/site-packages/flask/app.py", line 1515, in full_dispatch_request
    rv = self.handle_user_exception(e)
  File "/home/cuartazona/redes/envRedes/lib/python3.8/site-packages/flask/app.py", line 1513, in full_dispatch_request
    rv = self.dispatch_request()
  File "/home/cuartazona/redes/envRedes/lib/python3.8/site-packages/flask/app.py", line 1499, in dispatch_request
    return self.ensure_sync(self.view_functions[rule.endpoint])(**req.view_args)
  File "/home/cuartazona/redes/app/auxiliar.py", line 113, in wrap
    return f(*args, **kwargs)
  File "/home/cuartazona/redes/app/censo.py", line 65, in redirige_censo
    id_industria, latitud, longitud = cur.fetchone()
TypeError: cannot unpack non-iterable NoneType object
WARNING:werkzeug: * Running on all addresses.
   WARNING: This is a development server. Do not use it in a production deployment.
INFO:werkzeug: * Running on http://46.101.189.182:8080/ (Press CTRL+C to quit)
INFO:werkzeug: * Restarting with stat
WARNING:werkzeug: * Debugger is active!
INFO:werkzeug: * Debugger PIN: 860-453-498
ERROR:app:Exception on /_obtener_geoJSON [GET]
Traceback (most recent call last):
  File "/home/cuartazona/redes/envRedes/lib/python3.8/site-packages/flask/app.py", line 2070, in wsgi_app
    response = self.full_dispatch_request()
  File "/home/cuartazona/redes/envRedes/lib/python3.8/site-packages/flask/app.py", line 1515, in full_dispatch_request
    rv = self.handle_user_exception(e)
  File "/home/cuartazona/redes/envRedes/lib/python3.8/site-packages/flask/app.py", line 1513, in full_dispatch_request
    rv = self.dispatch_request()
  File "/home/cuartazona/redes/envRedes/lib/python3.8/site-packages/flask/app.py", line 1499, in dispatch_request
    return self.ensure_sync(self.view_functions[rule.endpoint])(**req.view_args)
  File "/home/cuartazona/redes/app/auxiliar.py", line 221, in obtener_geoJSON
    usuario = session['username']
  File "/home/cuartazona/redes/envRedes/lib/python3.8/site-packages/flask/sessions.py", line 79, in __getitem__
    return super().__getitem__(key)
KeyError: 'username'
DEBUG:urllib3.connectionpool:Starting new HTTPS connection (1): servizos.meteogalicia.gal:443
DEBUG:urllib3.connectionpool:https://servizos.meteogalicia.gal:443 "GET /apiv4/getTidesInfo?coords=-8.680974871850715,42.4067220219467&startTime=2023-09-19T12:08:45&endTime=2023-09-19T12:08:45&API_KEY=GTTp4hc9KfIWz1aSCg55H64kT98aHi3Ni97nLwD9j8zPwgzQ1min0Bugr7syiGCA%20 HTTP/1.1" 200 3577
DEBUG:urllib3.connectionpool:Starting new HTTPS connection (1): servizos.meteogalicia.gal:443
DEBUG:urllib3.connectionpool:https://servizos.meteogalicia.gal:443 "GET /apiv4/getTidesInfo?coords=-8.680974871850715,42.4067220219467&startTime=2023-09-19T12:08:52&endTime=2023-09-19T12:08:52&API_KEY=GTTp4hc9KfIWz1aSCg55H64kT98aHi3Ni97nLwD9j8zPwgzQ1min0Bugr7syiGCA%20 HTTP/1.1" 200 3577
DEBUG:urllib3.connectionpool:Starting new HTTPS connection (1): servizos.meteogalicia.gal:443
DEBUG:urllib3.connectionpool:https://servizos.meteogalicia.gal:443 "GET /apiv4/getTidesInfo?coords=-8.821008307501847,42.64512244527745&startTime=2023-09-19T12:09:06&endTime=2023-09-19T12:09:06&API_KEY=GTTp4hc9KfIWz1aSCg55H64kT98aHi3Ni97nLwD9j8zPwgzQ1min0Bugr7syiGCA%20 HTTP/1.1" 200 3581
ERROR:app:Exception on /_actualiza_verificacion [POST]
Traceback (most recent call last):
  File "/home/cuartazona/redes/envRedes/lib/python3.11/site-packages/flask/app.py", line 2190, in wsgi_app
    response = self.full_dispatch_request()
               ^^^^^^^^^^^^^^^^^^^^^^^^^^^^
  File "/home/cuartazona/redes/envRedes/lib/python3.11/site-packages/flask/app.py", line 1486, in full_dispatch_request
    rv = self.handle_user_exception(e)
         ^^^^^^^^^^^^^^^^^^^^^^^^^^^^^
  File "/home/cuartazona/redes/envRedes/lib/python3.11/site-packages/flask/app.py", line 1484, in full_dispatch_request
    rv = self.dispatch_request()
         ^^^^^^^^^^^^^^^^^^^^^^^
  File "/home/cuartazona/redes/envRedes/lib/python3.11/site-packages/flask/app.py", line 1469, in dispatch_request
    return self.ensure_sync(self.view_functions[rule.endpoint])(**view_args)
           ^^^^^^^^^^^^^^^^^^^^^^^^^^^^^^^^^^^^^^^^^^^^^^^^^^^^^^^^^^^^^^^^^
  File "/home/cuartazona/redes/app/auxiliar.py", line 125, in wrap
    return func(*args, **kwargs)
           ^^^^^^^^^^^^^^^^^^^^^
  File "/home/cuartazona/redes/app/verificacion.py", line 395, in _actualiza_verificacion
    f = open("app/static_p/verificaciones/" + fecha[:8] + "_" + datos_sonda['codigo'] + "_" + tablas[es_ajuste][0][0:1] + str(id_verificacion) +".html", "w", encoding='utf8')
        ^^^^^^^^^^^^^^^^^^^^^^^^^^^^^^^^^^^^^^^^^^^^^^^^^^^^^^^^^^^^^^^^^^^^^^^^^^^^^^^^^^^^^^^^^^^^^^^^^^^^^^^^^^^^^^^^^^^^^^^^^^^^^^^^^^^^^^^^^^^^^^^^^^^^^^^^^^^^^^^^^^^^^^
FileNotFoundError: [Errno 2] No such file or directory: 'app/static_p/verificaciones/20230928_S05_a54.html'
ERROR:app:Exception on /_actualiza_verificacion [POST]
Traceback (most recent call last):
  File "/home/cuartazona/redes/envRedes/lib/python3.11/site-packages/flask/app.py", line 2190, in wsgi_app
    response = self.full_dispatch_request()
               ^^^^^^^^^^^^^^^^^^^^^^^^^^^^
  File "/home/cuartazona/redes/envRedes/lib/python3.11/site-packages/flask/app.py", line 1486, in full_dispatch_request
    rv = self.handle_user_exception(e)
         ^^^^^^^^^^^^^^^^^^^^^^^^^^^^^
  File "/home/cuartazona/redes/envRedes/lib/python3.11/site-packages/flask/app.py", line 1484, in full_dispatch_request
    rv = self.dispatch_request()
         ^^^^^^^^^^^^^^^^^^^^^^^
  File "/home/cuartazona/redes/envRedes/lib/python3.11/site-packages/flask/app.py", line 1469, in dispatch_request
    return self.ensure_sync(self.view_functions[rule.endpoint])(**view_args)
           ^^^^^^^^^^^^^^^^^^^^^^^^^^^^^^^^^^^^^^^^^^^^^^^^^^^^^^^^^^^^^^^^^
  File "/home/cuartazona/redes/app/auxiliar.py", line 125, in wrap
    return func(*args, **kwargs)
           ^^^^^^^^^^^^^^^^^^^^^
  File "/home/cuartazona/redes/app/verificacion.py", line 395, in _actualiza_verificacion
    f = open("app/static_p/verificaciones/" + fecha[:8] + "_" + datos_sonda['codigo'] + "_" + tablas[es_ajuste][0][0:1] + str(id_verificacion) +".html", "w", encoding='utf8')
        ^^^^^^^^^^^^^^^^^^^^^^^^^^^^^^^^^^^^^^^^^^^^^^^^^^^^^^^^^^^^^^^^^^^^^^^^^^^^^^^^^^^^^^^^^^^^^^^^^^^^^^^^^^^^^^^^^^^^^^^^^^^^^^^^^^^^^^^^^^^^^^^^^^^^^^^^^^^^^^^^^^^^^^
FileNotFoundError: [Errno 2] No such file or directory: 'app/static_p/verificaciones/20230928_S05_a54.html'
ERROR:app:Exception on /_actualiza_verificacion [POST]
Traceback (most recent call last):
  File "/home/cuartazona/redes/envRedes/lib/python3.11/site-packages/flask/app.py", line 2190, in wsgi_app
    response = self.full_dispatch_request()
               ^^^^^^^^^^^^^^^^^^^^^^^^^^^^
  File "/home/cuartazona/redes/envRedes/lib/python3.11/site-packages/flask/app.py", line 1486, in full_dispatch_request
    rv = self.handle_user_exception(e)
         ^^^^^^^^^^^^^^^^^^^^^^^^^^^^^
  File "/home/cuartazona/redes/envRedes/lib/python3.11/site-packages/flask/app.py", line 1484, in full_dispatch_request
    rv = self.dispatch_request()
         ^^^^^^^^^^^^^^^^^^^^^^^
  File "/home/cuartazona/redes/envRedes/lib/python3.11/site-packages/flask/app.py", line 1469, in dispatch_request
    return self.ensure_sync(self.view_functions[rule.endpoint])(**view_args)
           ^^^^^^^^^^^^^^^^^^^^^^^^^^^^^^^^^^^^^^^^^^^^^^^^^^^^^^^^^^^^^^^^^
  File "/home/cuartazona/redes/app/auxiliar.py", line 125, in wrap
    return func(*args, **kwargs)
           ^^^^^^^^^^^^^^^^^^^^^
  File "/home/cuartazona/redes/app/verificacion.py", line 395, in _actualiza_verificacion
    f = open("app/static_p/verificaciones/" + fecha[:8] + "_" + datos_sonda['codigo'] + "_" + tablas[es_ajuste][0][0:1] + str(id_verificacion) +".html", "w", encoding='utf8')
        ^^^^^^^^^^^^^^^^^^^^^^^^^^^^^^^^^^^^^^^^^^^^^^^^^^^^^^^^^^^^^^^^^^^^^^^^^^^^^^^^^^^^^^^^^^^^^^^^^^^^^^^^^^^^^^^^^^^^^^^^^^^^^^^^^^^^^^^^^^^^^^^^^^^^^^^^^^^^^^^^^^^^^^
FileNotFoundError: [Errno 2] No such file or directory: 'app/static_p/verificaciones/20230928_S05_a54.html'
ERROR:app:Exception on /_actualiza_verificacion [POST]
Traceback (most recent call last):
  File "/home/cuartazona/redes/envRedes/lib/python3.11/site-packages/flask/app.py", line 2190, in wsgi_app
    response = self.full_dispatch_request()
               ^^^^^^^^^^^^^^^^^^^^^^^^^^^^
  File "/home/cuartazona/redes/envRedes/lib/python3.11/site-packages/flask/app.py", line 1486, in full_dispatch_request
    rv = self.handle_user_exception(e)
         ^^^^^^^^^^^^^^^^^^^^^^^^^^^^^
  File "/home/cuartazona/redes/envRedes/lib/python3.11/site-packages/flask/app.py", line 1484, in full_dispatch_request
    rv = self.dispatch_request()
         ^^^^^^^^^^^^^^^^^^^^^^^
  File "/home/cuartazona/redes/envRedes/lib/python3.11/site-packages/flask/app.py", line 1469, in dispatch_request
    return self.ensure_sync(self.view_functions[rule.endpoint])(**view_args)
           ^^^^^^^^^^^^^^^^^^^^^^^^^^^^^^^^^^^^^^^^^^^^^^^^^^^^^^^^^^^^^^^^^
  File "/home/cuartazona/redes/app/auxiliar.py", line 125, in wrap
    return func(*args, **kwargs)
           ^^^^^^^^^^^^^^^^^^^^^
  File "/home/cuartazona/redes/app/verificacion.py", line 395, in _actualiza_verificacion
    f = open("app/static_p/verificaciones/" + fecha[:8] + "_" + datos_sonda['codigo'] + "_" + tablas[es_ajuste][0][0:1] + str(id_verificacion) +".html", "w", encoding='utf8')
        ^^^^^^^^^^^^^^^^^^^^^^^^^^^^^^^^^^^^^^^^^^^^^^^^^^^^^^^^^^^^^^^^^^^^^^^^^^^^^^^^^^^^^^^^^^^^^^^^^^^^^^^^^^^^^^^^^^^^^^^^^^^^^^^^^^^^^^^^^^^^^^^^^^^^^^^^^^^^^^^^^^^^^^
FileNotFoundError: [Errno 2] No such file or directory: 'app/static_p/verificaciones/20230928_S05_a54.html'
ERROR:app:Exception on /_actualiza_verificacion [POST]
Traceback (most recent call last):
  File "/home/cuartazona/redes/envRedes/lib/python3.11/site-packages/flask/app.py", line 2190, in wsgi_app
    response = self.full_dispatch_request()
               ^^^^^^^^^^^^^^^^^^^^^^^^^^^^
  File "/home/cuartazona/redes/envRedes/lib/python3.11/site-packages/flask/app.py", line 1486, in full_dispatch_request
    rv = self.handle_user_exception(e)
         ^^^^^^^^^^^^^^^^^^^^^^^^^^^^^
  File "/home/cuartazona/redes/envRedes/lib/python3.11/site-packages/flask/app.py", line 1484, in full_dispatch_request
    rv = self.dispatch_request()
         ^^^^^^^^^^^^^^^^^^^^^^^
  File "/home/cuartazona/redes/envRedes/lib/python3.11/site-packages/flask/app.py", line 1469, in dispatch_request
    return self.ensure_sync(self.view_functions[rule.endpoint])(**view_args)
           ^^^^^^^^^^^^^^^^^^^^^^^^^^^^^^^^^^^^^^^^^^^^^^^^^^^^^^^^^^^^^^^^^
  File "/home/cuartazona/redes/app/auxiliar.py", line 125, in wrap
    return func(*args, **kwargs)
           ^^^^^^^^^^^^^^^^^^^^^
  File "/home/cuartazona/redes/app/verificacion.py", line 395, in _actualiza_verificacion
    f = open("app/static_p/verificaciones/" + fecha[:8] + "_" + datos_sonda['codigo'] + "_" + tablas[es_ajuste][0][0:1] + str(id_verificacion) +".html", "w", encoding='utf8')
        ^^^^^^^^^^^^^^^^^^^^^^^^^^^^^^^^^^^^^^^^^^^^^^^^^^^^^^^^^^^^^^^^^^^^^^^^^^^^^^^^^^^^^^^^^^^^^^^^^^^^^^^^^^^^^^^^^^^^^^^^^^^^^^^^^^^^^^^^^^^^^^^^^^^^^^^^^^^^^^^^^^^^^^
FileNotFoundError: [Errno 2] No such file or directory: 'app/static_p/verificaciones/20230928_S05_v99.html'
ERROR:app:Exception on /_actualiza_verificacion [POST]
Traceback (most recent call last):
  File "/home/cuartazona/redes/envRedes/lib/python3.11/site-packages/flask/app.py", line 2190, in wsgi_app
    response = self.full_dispatch_request()
               ^^^^^^^^^^^^^^^^^^^^^^^^^^^^
  File "/home/cuartazona/redes/envRedes/lib/python3.11/site-packages/flask/app.py", line 1486, in full_dispatch_request
    rv = self.handle_user_exception(e)
         ^^^^^^^^^^^^^^^^^^^^^^^^^^^^^
  File "/home/cuartazona/redes/envRedes/lib/python3.11/site-packages/flask/app.py", line 1484, in full_dispatch_request
    rv = self.dispatch_request()
         ^^^^^^^^^^^^^^^^^^^^^^^
  File "/home/cuartazona/redes/envRedes/lib/python3.11/site-packages/flask/app.py", line 1469, in dispatch_request
    return self.ensure_sync(self.view_functions[rule.endpoint])(**view_args)
           ^^^^^^^^^^^^^^^^^^^^^^^^^^^^^^^^^^^^^^^^^^^^^^^^^^^^^^^^^^^^^^^^^
  File "/home/cuartazona/redes/app/auxiliar.py", line 125, in wrap
    return func(*args, **kwargs)
           ^^^^^^^^^^^^^^^^^^^^^
  File "/home/cuartazona/redes/app/verificacion.py", line 395, in _actualiza_verificacion
    f = open("app/static_p/verificaciones/" + fecha[:8] + "_" + datos_sonda['codigo'] + "_" + tablas[es_ajuste][0][0:1] + str(id_verificacion) +".html", "w", encoding='utf8')
        ^^^^^^^^^^^^^^^^^^^^^^^^^^^^^^^^^^^^^^^^^^^^^^^^^^^^^^^^^^^^^^^^^^^^^^^^^^^^^^^^^^^^^^^^^^^^^^^^^^^^^^^^^^^^^^^^^^^^^^^^^^^^^^^^^^^^^^^^^^^^^^^^^^^^^^^^^^^^^^^^^^^^^^
FileNotFoundError: [Errno 2] No such file or directory: 'app/static_p/verificaciones/20230928_S01_a55.html'
ERROR:app:Exception on /_actualiza_verificacion [POST]
Traceback (most recent call last):
  File "/home/cuartazona/redes/envRedes/lib/python3.11/site-packages/flask/app.py", line 2190, in wsgi_app
    response = self.full_dispatch_request()
               ^^^^^^^^^^^^^^^^^^^^^^^^^^^^
  File "/home/cuartazona/redes/envRedes/lib/python3.11/site-packages/flask/app.py", line 1486, in full_dispatch_request
    rv = self.handle_user_exception(e)
         ^^^^^^^^^^^^^^^^^^^^^^^^^^^^^
  File "/home/cuartazona/redes/envRedes/lib/python3.11/site-packages/flask/app.py", line 1484, in full_dispatch_request
    rv = self.dispatch_request()
         ^^^^^^^^^^^^^^^^^^^^^^^
  File "/home/cuartazona/redes/envRedes/lib/python3.11/site-packages/flask/app.py", line 1469, in dispatch_request
    return self.ensure_sync(self.view_functions[rule.endpoint])(**view_args)
           ^^^^^^^^^^^^^^^^^^^^^^^^^^^^^^^^^^^^^^^^^^^^^^^^^^^^^^^^^^^^^^^^^
  File "/home/cuartazona/redes/app/auxiliar.py", line 125, in wrap
    return func(*args, **kwargs)
           ^^^^^^^^^^^^^^^^^^^^^
  File "/home/cuartazona/redes/app/verificacion.py", line 395, in _actualiza_verificacion
    f = open("app/static_p/verificaciones/" + fecha[:8] + "_" + datos_sonda['codigo'] + "_" + tablas[es_ajuste][0][0:1] + str(id_verificacion) +".html", "w", encoding='utf8')
        ^^^^^^^^^^^^^^^^^^^^^^^^^^^^^^^^^^^^^^^^^^^^^^^^^^^^^^^^^^^^^^^^^^^^^^^^^^^^^^^^^^^^^^^^^^^^^^^^^^^^^^^^^^^^^^^^^^^^^^^^^^^^^^^^^^^^^^^^^^^^^^^^^^^^^^^^^^^^^^^^^^^^^^
FileNotFoundError: [Errno 2] No such file or directory: 'app/static_p/verificaciones/20230928_S01_v100.html'
ERROR:app:Exception on /descargar_axuste-55 [GET]
Traceback (most recent call last):
  File "/home/cuartazona/redes/envRedes/lib/python3.11/site-packages/flask/app.py", line 2190, in wsgi_app
    response = self.full_dispatch_request()
               ^^^^^^^^^^^^^^^^^^^^^^^^^^^^
  File "/home/cuartazona/redes/envRedes/lib/python3.11/site-packages/flask/app.py", line 1486, in full_dispatch_request
    rv = self.handle_user_exception(e)
         ^^^^^^^^^^^^^^^^^^^^^^^^^^^^^
  File "/home/cuartazona/redes/envRedes/lib/python3.11/site-packages/flask/app.py", line 1484, in full_dispatch_request
    rv = self.dispatch_request()
         ^^^^^^^^^^^^^^^^^^^^^^^
  File "/home/cuartazona/redes/envRedes/lib/python3.11/site-packages/flask/app.py", line 1469, in dispatch_request
    return self.ensure_sync(self.view_functions[rule.endpoint])(**view_args)
           ^^^^^^^^^^^^^^^^^^^^^^^^^^^^^^^^^^^^^^^^^^^^^^^^^^^^^^^^^^^^^^^^^
  File "/home/cuartazona/redes/app/auxiliar.py", line 125, in wrap
    return func(*args, **kwargs)
           ^^^^^^^^^^^^^^^^^^^^^
  File "/home/cuartazona/redes/app/verificacion.py", line 81, in descargar_ajuste
    return send_file("static_p/verificaciones/" + archivo)
           ^^^^^^^^^^^^^^^^^^^^^^^^^^^^^^^^^^^^^^^^^^^^^^^
  File "/home/cuartazona/redes/envRedes/lib/python3.11/site-packages/flask/helpers.py", line 504, in send_file
    return werkzeug.utils.send_file(  # type: ignore[return-value]
           ^^^^^^^^^^^^^^^^^^^^^^^^^^^^^^^^^^^^^^^^^^^^^^^^^^^^^^^
  File "/home/cuartazona/redes/envRedes/lib/python3.11/site-packages/werkzeug/utils.py", line 427, in send_file
    stat = os.stat(path)
           ^^^^^^^^^^^^^
FileNotFoundError: [Errno 2] No such file or directory: '/home/cuartazona/redes/app/static_p/verificaciones/20230928_S01_a55.html'
ERROR:app:Exception on /descargar_axuste-55 [GET]
Traceback (most recent call last):
  File "/home/cuartazona/redes/envRedes/lib/python3.11/site-packages/flask/app.py", line 2190, in wsgi_app
    response = self.full_dispatch_request()
               ^^^^^^^^^^^^^^^^^^^^^^^^^^^^
  File "/home/cuartazona/redes/envRedes/lib/python3.11/site-packages/flask/app.py", line 1486, in full_dispatch_request
    rv = self.handle_user_exception(e)
         ^^^^^^^^^^^^^^^^^^^^^^^^^^^^^
  File "/home/cuartazona/redes/envRedes/lib/python3.11/site-packages/flask/app.py", line 1484, in full_dispatch_request
    rv = self.dispatch_request()
         ^^^^^^^^^^^^^^^^^^^^^^^
  File "/home/cuartazona/redes/envRedes/lib/python3.11/site-packages/flask/app.py", line 1469, in dispatch_request
    return self.ensure_sync(self.view_functions[rule.endpoint])(**view_args)
           ^^^^^^^^^^^^^^^^^^^^^^^^^^^^^^^^^^^^^^^^^^^^^^^^^^^^^^^^^^^^^^^^^
  File "/home/cuartazona/redes/app/auxiliar.py", line 125, in wrap
    return func(*args, **kwargs)
           ^^^^^^^^^^^^^^^^^^^^^
  File "/home/cuartazona/redes/app/verificacion.py", line 81, in descargar_ajuste
    return send_file("static_p/verificaciones/" + archivo)
           ^^^^^^^^^^^^^^^^^^^^^^^^^^^^^^^^^^^^^^^^^^^^^^^
  File "/home/cuartazona/redes/envRedes/lib/python3.11/site-packages/flask/helpers.py", line 504, in send_file
    return werkzeug.utils.send_file(  # type: ignore[return-value]
           ^^^^^^^^^^^^^^^^^^^^^^^^^^^^^^^^^^^^^^^^^^^^^^^^^^^^^^^
  File "/home/cuartazona/redes/envRedes/lib/python3.11/site-packages/werkzeug/utils.py", line 427, in send_file
    stat = os.stat(path)
           ^^^^^^^^^^^^^
FileNotFoundError: [Errno 2] No such file or directory: '/home/cuartazona/redes/app/static_p/verificaciones/20230928_S01_a55.html'
DEBUG:urllib3.connectionpool:Starting new HTTPS connection (1): servizos.meteogalicia.gal:443
DEBUG:urllib3.connectionpool:https://servizos.meteogalicia.gal:443 "GET /apiv4/getTidesInfo?coords=-8.821008307501847,42.64512244527745&startTime=2023-09-28T09:47:46&endTime=2023-09-28T09:47:46&API_KEY=GTTp4hc9KfIWz1aSCg55H64kT98aHi3Ni97nLwD9j8zPwgzQ1min0Bugr7syiGCA%20 HTTP/1.1" 200 3580
ERROR:app:Exception on /_actualiza_verificacion [POST]
Traceback (most recent call last):
  File "/home/cuartazona/redes/envRedes/lib/python3.11/site-packages/flask/app.py", line 2190, in wsgi_app
    response = self.full_dispatch_request()
               ^^^^^^^^^^^^^^^^^^^^^^^^^^^^
  File "/home/cuartazona/redes/envRedes/lib/python3.11/site-packages/flask/app.py", line 1486, in full_dispatch_request
    rv = self.handle_user_exception(e)
         ^^^^^^^^^^^^^^^^^^^^^^^^^^^^^
  File "/home/cuartazona/redes/envRedes/lib/python3.11/site-packages/flask/app.py", line 1484, in full_dispatch_request
    rv = self.dispatch_request()
         ^^^^^^^^^^^^^^^^^^^^^^^
  File "/home/cuartazona/redes/envRedes/lib/python3.11/site-packages/flask/app.py", line 1469, in dispatch_request
    return self.ensure_sync(self.view_functions[rule.endpoint])(**view_args)
           ^^^^^^^^^^^^^^^^^^^^^^^^^^^^^^^^^^^^^^^^^^^^^^^^^^^^^^^^^^^^^^^^^
  File "/home/cuartazona/redes/app/auxiliar.py", line 125, in wrap
    return func(*args, **kwargs)
           ^^^^^^^^^^^^^^^^^^^^^
  File "/home/cuartazona/redes/app/verificacion.py", line 395, in _actualiza_verificacion
    f = open("app/static_p/verificaciones/" + fecha[:8] + "_" + datos_sonda['codigo'] + "_" + tablas[es_ajuste][0][0:1] + str(id_verificacion) +".html", "w", encoding='utf8')
        ^^^^^^^^^^^^^^^^^^^^^^^^^^^^^^^^^^^^^^^^^^^^^^^^^^^^^^^^^^^^^^^^^^^^^^^^^^^^^^^^^^^^^^^^^^^^^^^^^^^^^^^^^^^^^^^^^^^^^^^^^^^^^^^^^^^^^^^^^^^^^^^^^^^^^^^^^^^^^^^^^^^^^^
FileNotFoundError: [Errno 2] No such file or directory: 'app/static_p/verificaciones/20230928_S01_v101.html'
ERROR:app:Exception on /_actualiza_verificacion [POST]
Traceback (most recent call last):
  File "/home/cuartazona/redes/envRedes/lib/python3.11/site-packages/flask/app.py", line 2190, in wsgi_app
    response = self.full_dispatch_request()
               ^^^^^^^^^^^^^^^^^^^^^^^^^^^^
  File "/home/cuartazona/redes/envRedes/lib/python3.11/site-packages/flask/app.py", line 1486, in full_dispatch_request
    rv = self.handle_user_exception(e)
         ^^^^^^^^^^^^^^^^^^^^^^^^^^^^^
  File "/home/cuartazona/redes/envRedes/lib/python3.11/site-packages/flask/app.py", line 1484, in full_dispatch_request
    rv = self.dispatch_request()
         ^^^^^^^^^^^^^^^^^^^^^^^
  File "/home/cuartazona/redes/envRedes/lib/python3.11/site-packages/flask/app.py", line 1469, in dispatch_request
    return self.ensure_sync(self.view_functions[rule.endpoint])(**view_args)
           ^^^^^^^^^^^^^^^^^^^^^^^^^^^^^^^^^^^^^^^^^^^^^^^^^^^^^^^^^^^^^^^^^
  File "/home/cuartazona/redes/app/auxiliar.py", line 125, in wrap
    return func(*args, **kwargs)
           ^^^^^^^^^^^^^^^^^^^^^
  File "/home/cuartazona/redes/app/verificacion.py", line 395, in _actualiza_verificacion
    f = open("app/static_p/verificaciones/" + fecha[:8] + "_" + datos_sonda['codigo'] + "_" + tablas[es_ajuste][0][0:1] + str(id_verificacion) +".html", "w", encoding='utf8')
        ^^^^^^^^^^^^^^^^^^^^^^^^^^^^^^^^^^^^^^^^^^^^^^^^^^^^^^^^^^^^^^^^^^^^^^^^^^^^^^^^^^^^^^^^^^^^^^^^^^^^^^^^^^^^^^^^^^^^^^^^^^^^^^^^^^^^^^^^^^^^^^^^^^^^^^^^^^^^^^^^^^^^^^
FileNotFoundError: [Errno 2] No such file or directory: 'app/static_p/verificaciones/20230928_S05_v102.html'
ERROR:app:Exception on /descargar_verificacion-102 [GET]
Traceback (most recent call last):
  File "/home/cuartazona/redes/envRedes/lib/python3.11/site-packages/flask/app.py", line 2190, in wsgi_app
    response = self.full_dispatch_request()
               ^^^^^^^^^^^^^^^^^^^^^^^^^^^^
  File "/home/cuartazona/redes/envRedes/lib/python3.11/site-packages/flask/app.py", line 1486, in full_dispatch_request
    rv = self.handle_user_exception(e)
         ^^^^^^^^^^^^^^^^^^^^^^^^^^^^^
  File "/home/cuartazona/redes/envRedes/lib/python3.11/site-packages/flask/app.py", line 1484, in full_dispatch_request
    rv = self.dispatch_request()
         ^^^^^^^^^^^^^^^^^^^^^^^
  File "/home/cuartazona/redes/envRedes/lib/python3.11/site-packages/flask/app.py", line 1469, in dispatch_request
    return self.ensure_sync(self.view_functions[rule.endpoint])(**view_args)
           ^^^^^^^^^^^^^^^^^^^^^^^^^^^^^^^^^^^^^^^^^^^^^^^^^^^^^^^^^^^^^^^^^
  File "/home/cuartazona/redes/app/auxiliar.py", line 125, in wrap
    return func(*args, **kwargs)
           ^^^^^^^^^^^^^^^^^^^^^
  File "/home/cuartazona/redes/app/verificacion.py", line 64, in descargar_verificacion
    return send_file("static_p/verificaciones/" + archivo)
           ^^^^^^^^^^^^^^^^^^^^^^^^^^^^^^^^^^^^^^^^^^^^^^^
  File "/home/cuartazona/redes/envRedes/lib/python3.11/site-packages/flask/helpers.py", line 504, in send_file
    return werkzeug.utils.send_file(  # type: ignore[return-value]
           ^^^^^^^^^^^^^^^^^^^^^^^^^^^^^^^^^^^^^^^^^^^^^^^^^^^^^^^
  File "/home/cuartazona/redes/envRedes/lib/python3.11/site-packages/werkzeug/utils.py", line 427, in send_file
    stat = os.stat(path)
           ^^^^^^^^^^^^^
FileNotFoundError: [Errno 2] No such file or directory: '/home/cuartazona/redes/app/static_p/verificaciones/20230928_S05_v102.html'
ERROR:app:Exception on /verificacion-103 [GET]
Traceback (most recent call last):
  File "/home/cuartazona/redes/envRedes/lib/python3.11/site-packages/flask/app.py", line 2190, in wsgi_app
    response = self.full_dispatch_request()
               ^^^^^^^^^^^^^^^^^^^^^^^^^^^^
  File "/home/cuartazona/redes/envRedes/lib/python3.11/site-packages/flask/app.py", line 1486, in full_dispatch_request
    rv = self.handle_user_exception(e)
         ^^^^^^^^^^^^^^^^^^^^^^^^^^^^^
  File "/home/cuartazona/redes/envRedes/lib/python3.11/site-packages/flask/app.py", line 1484, in full_dispatch_request
    rv = self.dispatch_request()
         ^^^^^^^^^^^^^^^^^^^^^^^
  File "/home/cuartazona/redes/envRedes/lib/python3.11/site-packages/flask/app.py", line 1469, in dispatch_request
    return self.ensure_sync(self.view_functions[rule.endpoint])(**view_args)
           ^^^^^^^^^^^^^^^^^^^^^^^^^^^^^^^^^^^^^^^^^^^^^^^^^^^^^^^^^^^^^^^^^
  File "/home/cuartazona/redes/app/auxiliar.py", line 113, in wrap
    return f(*args, **kwargs)
           ^^^^^^^^^^^^^^^^^^
  File "/home/cuartazona/redes/app/verificacion.py", line 103, in pag_verificacion
    if verificacion['fecha_fin']:
       ~~~~~~~~~~~~^^^^^^^^^^^^^
TypeError: 'NoneType' object is not subscriptable
ERROR:app:Exception on /descargar_axuste-51 [GET]
Traceback (most recent call last):
  File "/home/cuartazona/redes/envRedes/lib/python3.11/site-packages/flask/app.py", line 2190, in wsgi_app
    response = self.full_dispatch_request()
               ^^^^^^^^^^^^^^^^^^^^^^^^^^^^
  File "/home/cuartazona/redes/envRedes/lib/python3.11/site-packages/flask/app.py", line 1486, in full_dispatch_request
    rv = self.handle_user_exception(e)
         ^^^^^^^^^^^^^^^^^^^^^^^^^^^^^
  File "/home/cuartazona/redes/envRedes/lib/python3.11/site-packages/flask/app.py", line 1484, in full_dispatch_request
    rv = self.dispatch_request()
         ^^^^^^^^^^^^^^^^^^^^^^^
  File "/home/cuartazona/redes/envRedes/lib/python3.11/site-packages/flask/app.py", line 1469, in dispatch_request
    return self.ensure_sync(self.view_functions[rule.endpoint])(**view_args)
           ^^^^^^^^^^^^^^^^^^^^^^^^^^^^^^^^^^^^^^^^^^^^^^^^^^^^^^^^^^^^^^^^^
  File "/home/cuartazona/redes/app/auxiliar.py", line 125, in wrap
    return func(*args, **kwargs)
           ^^^^^^^^^^^^^^^^^^^^^
  File "/home/cuartazona/redes/app/verificacion.py", line 81, in descargar_ajuste
    return send_file("static_p/verificaciones/" + archivo)
           ^^^^^^^^^^^^^^^^^^^^^^^^^^^^^^^^^^^^^^^^^^^^^^^
  File "/home/cuartazona/redes/envRedes/lib/python3.11/site-packages/flask/helpers.py", line 504, in send_file
    return werkzeug.utils.send_file(  # type: ignore[return-value]
           ^^^^^^^^^^^^^^^^^^^^^^^^^^^^^^^^^^^^^^^^^^^^^^^^^^^^^^^
  File "/home/cuartazona/redes/envRedes/lib/python3.11/site-packages/werkzeug/utils.py", line 427, in send_file
    stat = os.stat(path)
           ^^^^^^^^^^^^^
FileNotFoundError: [Errno 2] No such file or directory: '/home/cuartazona/redes/app/static_p/verificaciones/20221027_S05_a51.html'
DEBUG:urllib3.connectionpool:Starting new HTTPS connection (1): servizos.meteogalicia.gal:443
DEBUG:urllib3.connectionpool:https://servizos.meteogalicia.gal:443 "GET /apiv4/getTidesInfo?coords=-8.821791548102341,42.45155300706253&startTime=2023-09-29T06:45:55&endTime=2023-09-29T06:45:55&API_KEY=GTTp4hc9KfIWz1aSCg55H64kT98aHi3Ni97nLwD9j8zPwgzQ1min0Bugr7syiGCA%20 HTTP/1.1" 200 3572
DEBUG:urllib3.connectionpool:Starting new HTTPS connection (1): servizos.meteogalicia.gal:443
DEBUG:urllib3.connectionpool:https://servizos.meteogalicia.gal:443 "GET /apiv4/getTidesInfo?coords=-8.821008307501847,42.64512244527745&startTime=2023-09-29T06:46:27&endTime=2023-09-29T06:46:27&API_KEY=GTTp4hc9KfIWz1aSCg55H64kT98aHi3Ni97nLwD9j8zPwgzQ1min0Bugr7syiGCA%20 HTTP/1.1" 200 3582
DEBUG:urllib3.connectionpool:Starting new HTTPS connection (1): servizos.meteogalicia.gal:443
DEBUG:urllib3.connectionpool:https://servizos.meteogalicia.gal:443 "GET /apiv4/getTidesInfo?coords=-8.821791548102341,42.45155300706253&startTime=2023-09-29T06:48:06&endTime=2023-09-29T06:48:06&API_KEY=GTTp4hc9KfIWz1aSCg55H64kT98aHi3Ni97nLwD9j8zPwgzQ1min0Bugr7syiGCA%20 HTTP/1.1" 200 3572
DEBUG:urllib3.connectionpool:Starting new HTTPS connection (1): servizos.meteogalicia.gal:443
DEBUG:urllib3.connectionpool:https://servizos.meteogalicia.gal:443 "GET /apiv4/getTidesInfo?coords=-8.821791548102341,42.45155300706253&startTime=2023-09-29T07:16:26&endTime=2023-09-29T07:16:26&API_KEY=GTTp4hc9KfIWz1aSCg55H64kT98aHi3Ni97nLwD9j8zPwgzQ1min0Bugr7syiGCA%20 HTTP/1.1" 200 3572
DEBUG:urllib3.connectionpool:Starting new HTTPS connection (1): servizos.meteogalicia.gal:443
DEBUG:urllib3.connectionpool:https://servizos.meteogalicia.gal:443 "GET /apiv4/getTidesInfo?coords=-8.525473679510286,42.8321608059451&startTime=2023-09-29T07:21:59&endTime=2023-09-29T07:21:59&API_KEY=GTTp4hc9KfIWz1aSCg55H64kT98aHi3Ni97nLwD9j8zPwgzQ1min0Bugr7syiGCA%20 HTTP/1.1" 200 3582
DEBUG:urllib3.connectionpool:Starting new HTTPS connection (1): servizos.meteogalicia.gal:443
DEBUG:urllib3.connectionpool:https://servizos.meteogalicia.gal:443 "GET /apiv4/getTidesInfo?coords=-8.680974871850715,42.4067220219467&startTime=2023-09-29T08:52:37&endTime=2023-09-29T08:52:37&API_KEY=GTTp4hc9KfIWz1aSCg55H64kT98aHi3Ni97nLwD9j8zPwgzQ1min0Bugr7syiGCA%20 HTTP/1.1" 200 3572
DEBUG:urllib3.connectionpool:Starting new HTTPS connection (1): servizos.meteogalicia.gal:443
DEBUG:urllib3.connectionpool:https://servizos.meteogalicia.gal:443 "GET /apiv4/getTidesInfo?coords=-7.8588919020725925,43.68516150108164&startTime=2023-10-03T05:52:04&endTime=2023-10-03T05:52:04&API_KEY=GTTp4hc9KfIWz1aSCg55H64kT98aHi3Ni97nLwD9j8zPwgzQ1min0Bugr7syiGCA%20 HTTP/1.1" 200 3569
DEBUG:urllib3.connectionpool:Starting new HTTPS connection (1): servizos.meteogalicia.gal:443
DEBUG:urllib3.connectionpool:https://servizos.meteogalicia.gal:443 "GET /apiv4/getTidesInfo?coords=-8.680974871850715,42.4067220219467&startTime=2023-10-03T11:53:11&endTime=2023-10-03T11:53:11&API_KEY=GTTp4hc9KfIWz1aSCg55H64kT98aHi3Ni97nLwD9j8zPwgzQ1min0Bugr7syiGCA%20 HTTP/1.1" 200 3571
DEBUG:urllib3.connectionpool:Starting new HTTPS connection (1): servizos.meteogalicia.gal:443
DEBUG:urllib3.connectionpool:Starting new HTTPS connection (1): servizos.meteogalicia.gal:443
DEBUG:urllib3.connectionpool:https://servizos.meteogalicia.gal:443 "GET /apiv4/getTidesInfo?coords=-8.680974871850715,42.4067220219467&startTime=2023-10-03T11:53:48&endTime=2023-10-03T11:53:48&API_KEY=GTTp4hc9KfIWz1aSCg55H64kT98aHi3Ni97nLwD9j8zPwgzQ1min0Bugr7syiGCA%20 HTTP/1.1" 200 3571
DEBUG:urllib3.connectionpool:https://servizos.meteogalicia.gal:443 "GET /apiv4/getTidesInfo?coords=-8.680974871850715,42.4067220219467&startTime=2023-10-03T11:53:48&endTime=2023-10-03T11:53:48&API_KEY=GTTp4hc9KfIWz1aSCg55H64kT98aHi3Ni97nLwD9j8zPwgzQ1min0Bugr7syiGCA%20 HTTP/1.1" 200 3571
DEBUG:urllib3.connectionpool:Starting new HTTPS connection (1): servizos.meteogalicia.gal:443
DEBUG:urllib3.connectionpool:https://servizos.meteogalicia.gal:443 "GET /apiv4/getTidesInfo?coords=-8.680974871850715,42.4067220219467&startTime=2023-10-03T11:55:20&endTime=2023-10-03T11:55:20&API_KEY=GTTp4hc9KfIWz1aSCg55H64kT98aHi3Ni97nLwD9j8zPwgzQ1min0Bugr7syiGCA%20 HTTP/1.1" 200 3571
DEBUG:urllib3.connectionpool:Starting new HTTPS connection (1): servizos.meteogalicia.gal:443
DEBUG:urllib3.connectionpool:https://servizos.meteogalicia.gal:443 "GET /apiv4/getTidesInfo?coords=-8.774237002,42.50721256&startTime=2023-10-05T12:15:05&endTime=2023-10-05T12:15:05&API_KEY=GTTp4hc9KfIWz1aSCg55H64kT98aHi3Ni97nLwD9j8zPwgzQ1min0Bugr7syiGCA%20 HTTP/1.1" 200 3581
DEBUG:urllib3.connectionpool:Starting new HTTPS connection (1): servizos.meteogalicia.gal:443
DEBUG:urllib3.connectionpool:https://servizos.meteogalicia.gal:443 "GET /apiv4/getTidesInfo?coords=-8.680974871850715,42.4067220219467&startTime=2023-10-10T12:44:20&endTime=2023-10-10T12:44:20&API_KEY=GTTp4hc9KfIWz1aSCg55H64kT98aHi3Ni97nLwD9j8zPwgzQ1min0Bugr7syiGCA%20 HTTP/1.1" 200 3573
DEBUG:urllib3.connectionpool:Starting new HTTPS connection (1): servizos.meteogalicia.gal:443
DEBUG:urllib3.connectionpool:https://servizos.meteogalicia.gal:443 "GET /apiv4/getTidesInfo?coords=-8.680974871850715,42.4067220219467&startTime=2023-10-11T07:59:23&endTime=2023-10-11T07:59:23&API_KEY=GTTp4hc9KfIWz1aSCg55H64kT98aHi3Ni97nLwD9j8zPwgzQ1min0Bugr7syiGCA%20 HTTP/1.1" 200 3575
DEBUG:urllib3.connectionpool:Starting new HTTPS connection (1): servizos.meteogalicia.gal:443
DEBUG:urllib3.connectionpool:https://servizos.meteogalicia.gal:443 "GET /apiv4/getTidesInfo?coords=-8.680974871850715,42.4067220219467&startTime=2023-10-11T08:00:14&endTime=2023-10-11T08:00:14&API_KEY=GTTp4hc9KfIWz1aSCg55H64kT98aHi3Ni97nLwD9j8zPwgzQ1min0Bugr7syiGCA%20 HTTP/1.1" 200 3575
DEBUG:urllib3.connectionpool:Starting new HTTPS connection (1): servizos.meteogalicia.gal:443
DEBUG:urllib3.connectionpool:https://servizos.meteogalicia.gal:443 "GET /apiv4/getTidesInfo?coords=-8.680974871850715,42.4067220219467&startTime=2023-10-11T12:28:25&endTime=2023-10-11T12:28:25&API_KEY=GTTp4hc9KfIWz1aSCg55H64kT98aHi3Ni97nLwD9j8zPwgzQ1min0Bugr7syiGCA%20 HTTP/1.1" 200 3575
ERROR:app:Exception on /verificacion-109 [GET]
Traceback (most recent call last):
  File "/home/cuartazona/redes/envRedes/lib/python3.11/site-packages/flask/app.py", line 2190, in wsgi_app
    response = self.full_dispatch_request()
               ^^^^^^^^^^^^^^^^^^^^^^^^^^^^
  File "/home/cuartazona/redes/envRedes/lib/python3.11/site-packages/flask/app.py", line 1486, in full_dispatch_request
    rv = self.handle_user_exception(e)
         ^^^^^^^^^^^^^^^^^^^^^^^^^^^^^
  File "/home/cuartazona/redes/envRedes/lib/python3.11/site-packages/flask/app.py", line 1484, in full_dispatch_request
    rv = self.dispatch_request()
         ^^^^^^^^^^^^^^^^^^^^^^^
  File "/home/cuartazona/redes/envRedes/lib/python3.11/site-packages/flask/app.py", line 1469, in dispatch_request
    return self.ensure_sync(self.view_functions[rule.endpoint])(**view_args)
           ^^^^^^^^^^^^^^^^^^^^^^^^^^^^^^^^^^^^^^^^^^^^^^^^^^^^^^^^^^^^^^^^^
  File "/home/cuartazona/redes/app/auxiliar.py", line 113, in wrap
    return f(*args, **kwargs)
           ^^^^^^^^^^^^^^^^^^
  File "/home/cuartazona/redes/app/verificacion.py", line 103, in pag_verificacion
    if verificacion['fecha_fin']:
       ~~~~~~~~~~~~^^^^^^^^^^^^^
TypeError: 'NoneType' object is not subscriptable
DEBUG:urllib3.connectionpool:Starting new HTTPS connection (1): servizos.meteogalicia.gal:443
DEBUG:urllib3.connectionpool:https://servizos.meteogalicia.gal:443 "GET /apiv4/getTidesInfo?coords=-8.680974871850715,42.4067220219467&startTime=2023-10-17T08:53:01&endTime=2023-10-17T08:53:01&API_KEY=GTTp4hc9KfIWz1aSCg55H64kT98aHi3Ni97nLwD9j8zPwgzQ1min0Bugr7syiGCA%20 HTTP/1.1" 200 3487
DEBUG:urllib3.connectionpool:Starting new HTTPS connection (1): servizos.meteogalicia.gal:443
DEBUG:urllib3.connectionpool:https://servizos.meteogalicia.gal:443 "GET /apiv4/getTidesInfo?coords=-7.508881771649296,43.146160629657594&startTime=2023-10-18T07:32:51&endTime=2023-10-18T07:32:51&API_KEY=GTTp4hc9KfIWz1aSCg55H64kT98aHi3Ni97nLwD9j8zPwgzQ1min0Bugr7syiGCA%20 HTTP/1.1" 200 103
DEBUG:urllib3.connectionpool:Starting new HTTPS connection (1): servizos.meteogalicia.gal:443
DEBUG:urllib3.connectionpool:https://servizos.meteogalicia.gal:443 "GET /apiv4/getTidesInfo?coords=-7.508881771649296,43.146160629657594&startTime=2023-10-18T07:37:40&endTime=2023-10-18T07:37:40&API_KEY=GTTp4hc9KfIWz1aSCg55H64kT98aHi3Ni97nLwD9j8zPwgzQ1min0Bugr7syiGCA%20 HTTP/1.1" 200 103
ERROR:app:Exception on /_muestra_ficha_inspeccion [GET]
Traceback (most recent call last):
  File "/home/cuartazona/redes/envRedes/lib/python3.11/site-packages/flask/app.py", line 2190, in wsgi_app
    response = self.full_dispatch_request()
               ^^^^^^^^^^^^^^^^^^^^^^^^^^^^
  File "/home/cuartazona/redes/envRedes/lib/python3.11/site-packages/flask/app.py", line 1486, in full_dispatch_request
    rv = self.handle_user_exception(e)
         ^^^^^^^^^^^^^^^^^^^^^^^^^^^^^
  File "/home/cuartazona/redes/envRedes/lib/python3.11/site-packages/flask/app.py", line 1484, in full_dispatch_request
    rv = self.dispatch_request()
         ^^^^^^^^^^^^^^^^^^^^^^^
  File "/home/cuartazona/redes/envRedes/lib/python3.11/site-packages/flask/app.py", line 1469, in dispatch_request
    return self.ensure_sync(self.view_functions[rule.endpoint])(**view_args)
           ^^^^^^^^^^^^^^^^^^^^^^^^^^^^^^^^^^^^^^^^^^^^^^^^^^^^^^^^^^^^^^^^^
  File "/home/cuartazona/redes/app/auxiliar.py", line 125, in wrap
    return func(*args, **kwargs)
           ^^^^^^^^^^^^^^^^^^^^^
  File "/home/cuartazona/redes/app/auxiliar.py", line 138, in wrap
    return fn(*args, **kwargs)
           ^^^^^^^^^^^^^^^^^^^
  File "/home/cuartazona/redes/app/rede.py", line 167, in _muestra_ficha_inspeccion
    if not verificarPermiso(session, inspecciones[0]['cod_edar'], 0):
                                     ~~~~~~~~~~~~^^^
IndexError: list index out of range
DEBUG:urllib3.connectionpool:Starting new HTTPS connection (1): servizos.meteogalicia.gal:443
DEBUG:urllib3.connectionpool:https://servizos.meteogalicia.gal:443 "GET /apiv4/getTidesInfo?coords=-7.508881771649296,43.146160629657594&startTime=2023-10-18T08:16:19&endTime=2023-10-18T08:16:19&API_KEY=GTTp4hc9KfIWz1aSCg55H64kT98aHi3Ni97nLwD9j8zPwgzQ1min0Bugr7syiGCA%20 HTTP/1.1" 200 103
DEBUG:urllib3.connectionpool:Starting new HTTPS connection (1): servizos.meteogalicia.gal:443
DEBUG:urllib3.connectionpool:https://servizos.meteogalicia.gal:443 "GET /apiv4/getTidesInfo?coords=-7.807440836888082,42.186304284049754&startTime=2023-10-19T10:41:14&endTime=2023-10-19T10:41:14&API_KEY=GTTp4hc9KfIWz1aSCg55H64kT98aHi3Ni97nLwD9j8zPwgzQ1min0Bugr7syiGCA%20 HTTP/1.1" 200 103
DEBUG:urllib3.connectionpool:Starting new HTTPS connection (1): servizos.meteogalicia.gal:443
DEBUG:urllib3.connectionpool:https://servizos.meteogalicia.gal:443 "GET /apiv4/getTidesInfo?coords=-8.680974871850715,42.4067220219467&startTime=2023-10-23T15:43:36&endTime=2023-10-23T15:43:36&API_KEY=GTTp4hc9KfIWz1aSCg55H64kT98aHi3Ni97nLwD9j8zPwgzQ1min0Bugr7syiGCA%20 HTTP/1.1" 200 3491
DEBUG:urllib3.connectionpool:Starting new HTTPS connection (1): servizos.meteogalicia.gal:443
DEBUG:urllib3.connectionpool:https://servizos.meteogalicia.gal:443 "GET /apiv4/getTidesInfo?coords=-8.5739951132201,42.344151576254156&startTime=2023-10-30T09:46:33&endTime=2023-10-30T09:46:33&API_KEY=GTTp4hc9KfIWz1aSCg55H64kT98aHi3Ni97nLwD9j8zPwgzQ1min0Bugr7syiGCA%20 HTTP/1.1" 200 3577
DEBUG:urllib3.connectionpool:Starting new HTTPS connection (1): servizos.meteogalicia.gal:443
DEBUG:urllib3.connectionpool:https://servizos.meteogalicia.gal:443 "GET /apiv4/getTidesInfo?coords=-8.5739951132201,42.344151576254156&startTime=2023-10-30T09:46:44&endTime=2023-10-30T09:46:44&API_KEY=GTTp4hc9KfIWz1aSCg55H64kT98aHi3Ni97nLwD9j8zPwgzQ1min0Bugr7syiGCA%20 HTTP/1.1" 200 3577
DEBUG:urllib3.connectionpool:Starting new HTTPS connection (1): servizos.meteogalicia.gal:443
DEBUG:urllib3.connectionpool:https://servizos.meteogalicia.gal:443 "GET /apiv4/getTidesInfo?coords=-8.5739951132201,42.344151576254156&startTime=2023-10-30T09:47:04&endTime=2023-10-30T09:47:04&API_KEY=GTTp4hc9KfIWz1aSCg55H64kT98aHi3Ni97nLwD9j8zPwgzQ1min0Bugr7syiGCA%20 HTTP/1.1" 200 3577
DEBUG:urllib3.connectionpool:Starting new HTTPS connection (1): servizos.meteogalicia.gal:443
DEBUG:urllib3.connectionpool:https://servizos.meteogalicia.gal:443 "GET /apiv4/getTidesInfo?coords=-8.5739951132201,42.344151576254156&startTime=2023-10-30T09:47:18&endTime=2023-10-30T09:47:18&API_KEY=GTTp4hc9KfIWz1aSCg55H64kT98aHi3Ni97nLwD9j8zPwgzQ1min0Bugr7syiGCA%20 HTTP/1.1" 200 3577
DEBUG:urllib3.connectionpool:Starting new HTTPS connection (1): servizos.meteogalicia.gal:443
DEBUG:urllib3.connectionpool:https://servizos.meteogalicia.gal:443 "GET /apiv4/getTidesInfo?coords=-8.5739951132201,42.344151576254156&startTime=2023-10-30T10:02:00&endTime=2023-10-30T10:02:00&API_KEY=GTTp4hc9KfIWz1aSCg55H64kT98aHi3Ni97nLwD9j8zPwgzQ1min0Bugr7syiGCA%20 HTTP/1.1" 200 3577
DEBUG:urllib3.connectionpool:Starting new HTTPS connection (1): servizos.meteogalicia.gal:443
DEBUG:urllib3.connectionpool:https://servizos.meteogalicia.gal:443 "GET /apiv4/getTidesInfo?coords=-8.5739951132201,42.344151576254156&startTime=2023-10-30T10:02:07&endTime=2023-10-30T10:02:07&API_KEY=GTTp4hc9KfIWz1aSCg55H64kT98aHi3Ni97nLwD9j8zPwgzQ1min0Bugr7syiGCA%20 HTTP/1.1" 200 3577
DEBUG:urllib3.connectionpool:Starting new HTTPS connection (1): servizos.meteogalicia.gal:443
DEBUG:urllib3.connectionpool:https://servizos.meteogalicia.gal:443 "GET /apiv4/getTidesInfo?coords=-8.5739951132201,42.344151576254156&startTime=2023-10-30T12:12:06&endTime=2023-10-30T12:12:06&API_KEY=GTTp4hc9KfIWz1aSCg55H64kT98aHi3Ni97nLwD9j8zPwgzQ1min0Bugr7syiGCA%20 HTTP/1.1" 200 3577
DEBUG:urllib3.connectionpool:Starting new HTTPS connection (1): servizos.meteogalicia.gal:443
DEBUG:urllib3.connectionpool:https://servizos.meteogalicia.gal:443 "GET /apiv4/getTidesInfo?coords=-8.5739951132201,42.344151576254156&startTime=2023-10-31T08:00:03&endTime=2023-10-31T08:00:03&API_KEY=GTTp4hc9KfIWz1aSCg55H64kT98aHi3Ni97nLwD9j8zPwgzQ1min0Bugr7syiGCA%20 HTTP/1.1" 200 88
DEBUG:urllib3.connectionpool:Starting new HTTPS connection (1): servizos.meteogalicia.gal:443
DEBUG:urllib3.connectionpool:https://servizos.meteogalicia.gal:443 "GET /apiv4/getTidesInfo?coords=-8.5739951132201,42.344151576254156&startTime=2023-11-06T11:53:45&endTime=2023-11-06T11:53:45&API_KEY=GTTp4hc9KfIWz1aSCg55H64kT98aHi3Ni97nLwD9j8zPwgzQ1min0Bugr7syiGCA%20 HTTP/1.1" 200 3574
DEBUG:urllib3.connectionpool:Starting new HTTPS connection (1): servizos.meteogalicia.gal:443
DEBUG:urllib3.connectionpool:https://servizos.meteogalicia.gal:443 "GET /apiv4/getTidesInfo?coords=-8.82625052314219,42.52339988367172&startTime=2023-11-06T11:54:02&endTime=2023-11-06T11:54:02&API_KEY=GTTp4hc9KfIWz1aSCg55H64kT98aHi3Ni97nLwD9j8zPwgzQ1min0Bugr7syiGCA%20 HTTP/1.1" 200 3578
DEBUG:urllib3.connectionpool:Starting new HTTPS connection (1): servizos.meteogalicia.gal:443
DEBUG:urllib3.connectionpool:https://servizos.meteogalicia.gal:443 "GET /apiv4/getTidesInfo?coords=-8.82625052314219,42.52339988367172&startTime=2023-11-08T13:03:15&endTime=2023-11-08T13:03:15&API_KEY=GTTp4hc9KfIWz1aSCg55H64kT98aHi3Ni97nLwD9j8zPwgzQ1min0Bugr7syiGCA%20 HTTP/1.1" 200 3580
DEBUG:urllib3.connectionpool:Starting new HTTPS connection (1): servizos.meteogalicia.gal:443
DEBUG:urllib3.connectionpool:https://servizos.meteogalicia.gal:443 "GET /apiv4/getTidesInfo?coords=-8.82625052314219,42.52339988367172&startTime=2023-11-08T13:20:27&endTime=2023-11-08T13:20:27&API_KEY=GTTp4hc9KfIWz1aSCg55H64kT98aHi3Ni97nLwD9j8zPwgzQ1min0Bugr7syiGCA%20 HTTP/1.1" 200 3580
DEBUG:urllib3.connectionpool:Starting new HTTPS connection (1): servizos.meteogalicia.gal:443
DEBUG:urllib3.connectionpool:https://servizos.meteogalicia.gal:443 "GET /apiv4/getTidesInfo?coords=-8.82625052314219,42.52339988367172&startTime=2023-11-08T13:30:51&endTime=2023-11-08T13:30:51&API_KEY=GTTp4hc9KfIWz1aSCg55H64kT98aHi3Ni97nLwD9j8zPwgzQ1min0Bugr7syiGCA%20 HTTP/1.1" 200 3580
DEBUG:urllib3.connectionpool:Starting new HTTPS connection (1): servizos.meteogalicia.gal:443
DEBUG:urllib3.connectionpool:https://servizos.meteogalicia.gal:443 "GET /apiv4/getTidesInfo?coords=-8.82625052314219,42.52339988367172&startTime=2023-11-17T13:30:47&endTime=2023-11-17T13:30:47&API_KEY=GTTp4hc9KfIWz1aSCg55H64kT98aHi3Ni97nLwD9j8zPwgzQ1min0Bugr7syiGCA%20 HTTP/1.1" 200 3500
DEBUG:urllib3.connectionpool:Starting new HTTPS connection (1): servizos.meteogalicia.gal:443
DEBUG:urllib3.connectionpool:https://servizos.meteogalicia.gal:443 "GET /apiv4/getTidesInfo?coords=-8.648803947085197,42.84342990494973&startTime=2023-11-28T19:56:40&endTime=2023-11-28T19:56:40&API_KEY=GTTp4hc9KfIWz1aSCg55H64kT98aHi3Ni97nLwD9j8zPwgzQ1min0Bugr7syiGCA%20 HTTP/1.1" 200 3580
DEBUG:urllib3.connectionpool:Starting new HTTPS connection (1): servizos.meteogalicia.gal:443
DEBUG:urllib3.connectionpool:https://servizos.meteogalicia.gal:443 "GET /apiv4/getTidesInfo?coords=-8.673112512077182,42.71007741180597&startTime=2023-12-05T12:22:20&endTime=2023-12-05T12:22:20&API_KEY=GTTp4hc9KfIWz1aSCg55H64kT98aHi3Ni97nLwD9j8zPwgzQ1min0Bugr7syiGCA%20 HTTP/1.1" 200 3583
DEBUG:urllib3.connectionpool:Starting new HTTPS connection (1): servizos.meteogalicia.gal:443
DEBUG:urllib3.connectionpool:https://servizos.meteogalicia.gal:443 "GET /apiv4/getTidesInfo?coords=-8.673112512077182,42.71007741180597&startTime=2023-12-05T13:41:31&endTime=2023-12-05T13:41:31&API_KEY=GTTp4hc9KfIWz1aSCg55H64kT98aHi3Ni97nLwD9j8zPwgzQ1min0Bugr7syiGCA%20 HTTP/1.1" 200 3583
DEBUG:urllib3.connectionpool:Starting new HTTPS connection (1): servizos.meteogalicia.gal:443
DEBUG:urllib3.connectionpool:https://servizos.meteogalicia.gal:443 "GET /apiv4/getTidesInfo?coords=-8.673112512077182,42.71007741180597&startTime=2023-12-05T18:44:44&endTime=2023-12-05T18:44:44&API_KEY=GTTp4hc9KfIWz1aSCg55H64kT98aHi3Ni97nLwD9j8zPwgzQ1min0Bugr7syiGCA%20 HTTP/1.1" 200 3583
DEBUG:urllib3.connectionpool:Starting new HTTPS connection (1): servizos.meteogalicia.gal:443
DEBUG:urllib3.connectionpool:https://servizos.meteogalicia.gal:443 "GET /apiv4/getTidesInfo?coords=-8.648803947085197,42.84342990494973&startTime=2023-12-05T18:44:48&endTime=2023-12-05T18:44:48&API_KEY=GTTp4hc9KfIWz1aSCg55H64kT98aHi3Ni97nLwD9j8zPwgzQ1min0Bugr7syiGCA%20 HTTP/1.1" 200 3582
DEBUG:urllib3.connectionpool:Starting new HTTPS connection (1): servizos.meteogalicia.gal:443
DEBUG:urllib3.connectionpool:https://servizos.meteogalicia.gal:443 "GET /apiv4/getTidesInfo?coords=-9.059175570538624,42.7604280951277&startTime=2023-12-05T19:23:16&endTime=2023-12-05T19:23:16&API_KEY=GTTp4hc9KfIWz1aSCg55H64kT98aHi3Ni97nLwD9j8zPwgzQ1min0Bugr7syiGCA%20 HTTP/1.1" 200 3575
DEBUG:urllib3.connectionpool:Starting new HTTPS connection (1): servizos.meteogalicia.gal:443
DEBUG:urllib3.connectionpool:https://servizos.meteogalicia.gal:443 "GET /apiv4/getTidesInfo?coords=-8.648803947085197,42.84342990494973&startTime=2023-12-06T13:16:23&endTime=2023-12-06T13:16:23&API_KEY=GTTp4hc9KfIWz1aSCg55H64kT98aHi3Ni97nLwD9j8zPwgzQ1min0Bugr7syiGCA%20 HTTP/1.1" 200 3580
DEBUG:urllib3.connectionpool:Starting new HTTPS connection (1): servizos.meteogalicia.gal:443
DEBUG:urllib3.connectionpool:https://servizos.meteogalicia.gal:443 "GET /apiv4/getTidesInfo?coords=-8.648803947085197,42.84342990494973&startTime=2023-12-06T13:16:56&endTime=2023-12-06T13:16:56&API_KEY=GTTp4hc9KfIWz1aSCg55H64kT98aHi3Ni97nLwD9j8zPwgzQ1min0Bugr7syiGCA%20 HTTP/1.1" 200 3580
DEBUG:urllib3.connectionpool:Starting new HTTPS connection (1): servizos.meteogalicia.gal:443
DEBUG:urllib3.connectionpool:https://servizos.meteogalicia.gal:443 "GET /apiv4/getTidesInfo?coords=-9.03701193,42.52730985&startTime=2023-12-13T09:51:42&endTime=2023-12-13T09:51:42&API_KEY=GTTp4hc9KfIWz1aSCg55H64kT98aHi3Ni97nLwD9j8zPwgzQ1min0Bugr7syiGCA%20 HTTP/1.1" 200 3566
DEBUG:urllib3.connectionpool:Starting new HTTPS connection (1): servizos.meteogalicia.gal:443
DEBUG:urllib3.connectionpool:https://servizos.meteogalicia.gal:443 "GET /apiv4/getTidesInfo?coords=-9.059175570538624,42.7604280951277&startTime=2023-12-13T09:51:53&endTime=2023-12-13T09:51:53&API_KEY=GTTp4hc9KfIWz1aSCg55H64kT98aHi3Ni97nLwD9j8zPwgzQ1min0Bugr7syiGCA%20 HTTP/1.1" 200 3564
DEBUG:urllib3.connectionpool:Starting new HTTPS connection (1): servizos.meteogalicia.gal:443
DEBUG:urllib3.connectionpool:https://servizos.meteogalicia.gal:443 "GET /apiv4/getTidesInfo?coords=-8.680974871850715,42.4067220219467&startTime=2023-12-13T09:52:08&endTime=2023-12-13T09:52:08&API_KEY=GTTp4hc9KfIWz1aSCg55H64kT98aHi3Ni97nLwD9j8zPwgzQ1min0Bugr7syiGCA%20 HTTP/1.1" 200 3577
DEBUG:urllib3.connectionpool:Starting new HTTPS connection (1): servizos.meteogalicia.gal:443
DEBUG:urllib3.connectionpool:https://servizos.meteogalicia.gal:443 "GET /apiv4/getTidesInfo?coords=-8.897874626405246,42.79270037109131&startTime=2023-12-13T09:56:09&endTime=2023-12-13T09:56:09&API_KEY=GTTp4hc9KfIWz1aSCg55H64kT98aHi3Ni97nLwD9j8zPwgzQ1min0Bugr7syiGCA%20 HTTP/1.1" 200 3563
DEBUG:urllib3.connectionpool:Starting new HTTPS connection (1): servizos.meteogalicia.gal:443
DEBUG:urllib3.connectionpool:https://servizos.meteogalicia.gal:443 "GET /apiv4/getTidesInfo?coords=-8.82625052314219,42.52339988367172&startTime=2023-12-13T10:15:35&endTime=2023-12-13T10:15:35&API_KEY=GTTp4hc9KfIWz1aSCg55H64kT98aHi3Ni97nLwD9j8zPwgzQ1min0Bugr7syiGCA%20 HTTP/1.1" 200 3571
DEBUG:urllib3.connectionpool:Starting new HTTPS connection (1): servizos.meteogalicia.gal:443
DEBUG:urllib3.connectionpool:https://servizos.meteogalicia.gal:443 "GET /apiv4/getTidesInfo?coords=-7.5934215705592925,43.674180194481394&startTime=2023-12-13T10:16:24&endTime=2023-12-13T10:16:24&API_KEY=GTTp4hc9KfIWz1aSCg55H64kT98aHi3Ni97nLwD9j8zPwgzQ1min0Bugr7syiGCA%20 HTTP/1.1" 200 3573
DEBUG:urllib3.connectionpool:Starting new HTTPS connection (1): servizos.meteogalicia.gal:443
DEBUG:urllib3.connectionpool:https://servizos.meteogalicia.gal:443 "GET /apiv4/getTidesInfo?coords=-7.5934215705592925,43.674180194481394&startTime=2023-12-13T10:32:03&endTime=2023-12-13T10:32:03&API_KEY=GTTp4hc9KfIWz1aSCg55H64kT98aHi3Ni97nLwD9j8zPwgzQ1min0Bugr7syiGCA%20 HTTP/1.1" 200 3573
DEBUG:urllib3.connectionpool:Starting new HTTPS connection (1): servizos.meteogalicia.gal:443
DEBUG:urllib3.connectionpool:https://servizos.meteogalicia.gal:443 "GET /apiv4/getTidesInfo?coords=-8.82625052314219,42.52339988367172&startTime=2023-12-13T12:15:02&endTime=2023-12-13T12:15:02&API_KEY=GTTp4hc9KfIWz1aSCg55H64kT98aHi3Ni97nLwD9j8zPwgzQ1min0Bugr7syiGCA%20 HTTP/1.1" 200 3571
DEBUG:urllib3.connectionpool:Starting new HTTPS connection (1): servizos.meteogalicia.gal:443
DEBUG:urllib3.connectionpool:https://servizos.meteogalicia.gal:443 "GET /apiv4/getTidesInfo?coords=-8.673112512077182,42.71007741180597&startTime=2023-12-14T12:39:21&endTime=2023-12-14T12:39:21&API_KEY=GTTp4hc9KfIWz1aSCg55H64kT98aHi3Ni97nLwD9j8zPwgzQ1min0Bugr7syiGCA%20 HTTP/1.1" 200 3576
ERROR:app:Exception on /_actualiza_elem [POST]
Traceback (most recent call last):
  File "/home/cuartazona/redes/envRedes/lib/python3.11/site-packages/flask/app.py", line 2190, in wsgi_app
    response = self.full_dispatch_request()
               ^^^^^^^^^^^^^^^^^^^^^^^^^^^^
  File "/home/cuartazona/redes/envRedes/lib/python3.11/site-packages/flask/app.py", line 1486, in full_dispatch_request
    rv = self.handle_user_exception(e)
         ^^^^^^^^^^^^^^^^^^^^^^^^^^^^^
  File "/home/cuartazona/redes/envRedes/lib/python3.11/site-packages/flask/app.py", line 1484, in full_dispatch_request
    rv = self.dispatch_request()
         ^^^^^^^^^^^^^^^^^^^^^^^
  File "/home/cuartazona/redes/envRedes/lib/python3.11/site-packages/flask/app.py", line 1469, in dispatch_request
    return self.ensure_sync(self.view_functions[rule.endpoint])(**view_args)
           ^^^^^^^^^^^^^^^^^^^^^^^^^^^^^^^^^^^^^^^^^^^^^^^^^^^^^^^^^^^^^^^^^
  File "/home/cuartazona/redes/app/auxiliar.py", line 125, in wrap
    return func(*args, **kwargs)
           ^^^^^^^^^^^^^^^^^^^^^
  File "/home/cuartazona/redes/app/auxiliar.py", line 138, in wrap
    return fn(*args, **kwargs)
           ^^^^^^^^^^^^^^^^^^^
  File "/home/cuartazona/redes/app/rede.py", line 206, in _actualiza_elem
    clave, valor = par.split("=")
    ^^^^^^^^^^^^
ValueError: not enough values to unpack (expected 2, got 1)
ERROR:app:Exception on /_actualiza_elem [POST]
Traceback (most recent call last):
  File "/home/cuartazona/redes/envRedes/lib/python3.11/site-packages/flask/app.py", line 2190, in wsgi_app
    response = self.full_dispatch_request()
               ^^^^^^^^^^^^^^^^^^^^^^^^^^^^
  File "/home/cuartazona/redes/envRedes/lib/python3.11/site-packages/flask/app.py", line 1486, in full_dispatch_request
    rv = self.handle_user_exception(e)
         ^^^^^^^^^^^^^^^^^^^^^^^^^^^^^
  File "/home/cuartazona/redes/envRedes/lib/python3.11/site-packages/flask/app.py", line 1484, in full_dispatch_request
    rv = self.dispatch_request()
         ^^^^^^^^^^^^^^^^^^^^^^^
  File "/home/cuartazona/redes/envRedes/lib/python3.11/site-packages/flask/app.py", line 1469, in dispatch_request
    return self.ensure_sync(self.view_functions[rule.endpoint])(**view_args)
           ^^^^^^^^^^^^^^^^^^^^^^^^^^^^^^^^^^^^^^^^^^^^^^^^^^^^^^^^^^^^^^^^^
  File "/home/cuartazona/redes/app/auxiliar.py", line 125, in wrap
    return func(*args, **kwargs)
           ^^^^^^^^^^^^^^^^^^^^^
  File "/home/cuartazona/redes/app/auxiliar.py", line 138, in wrap
    return fn(*args, **kwargs)
           ^^^^^^^^^^^^^^^^^^^
  File "/home/cuartazona/redes/app/rede.py", line 283, in _actualiza_elem
    cur.execute(SQL_string, tuple(lista_valores))
sqlite3.OperationalError: near "SE": syntax error
ERROR:app:Exception on /_filtra_censo-1 [GET]
Traceback (most recent call last):
  File "/home/cuartazona/redes/envRedes/lib/python3.11/site-packages/flask/app.py", line 2190, in wsgi_app
    response = self.full_dispatch_request()
               ^^^^^^^^^^^^^^^^^^^^^^^^^^^^
  File "/home/cuartazona/redes/envRedes/lib/python3.11/site-packages/flask/app.py", line 1486, in full_dispatch_request
    rv = self.handle_user_exception(e)
         ^^^^^^^^^^^^^^^^^^^^^^^^^^^^^
  File "/home/cuartazona/redes/envRedes/lib/python3.11/site-packages/flask/app.py", line 1484, in full_dispatch_request
    rv = self.dispatch_request()
         ^^^^^^^^^^^^^^^^^^^^^^^
  File "/home/cuartazona/redes/envRedes/lib/python3.11/site-packages/flask/app.py", line 1469, in dispatch_request
    return self.ensure_sync(self.view_functions[rule.endpoint])(**view_args)
           ^^^^^^^^^^^^^^^^^^^^^^^^^^^^^^^^^^^^^^^^^^^^^^^^^^^^^^^^^^^^^^^^^
  File "/home/cuartazona/redes/app/auxiliar.py", line 125, in wrap
    return func(*args, **kwargs)
           ^^^^^^^^^^^^^^^^^^^^^
  File "/home/cuartazona/redes/app/censo.py", line 1243, in _filtra_censo
    genera_CSV(industrias_encontradas, sistema)
  File "/home/cuartazona/redes/app/censo.py", line 1250, in genera_CSV
    f = open(Configuracion.ruta_app + "static_p/CSV/" +  session['username'] + ".csv", "w")
        ^^^^^^^^^^^^^^^^^^^^^^^^^^^^^^^^^^^^^^^^^^^^^^^^^^^^^^^^^^^^^^^^^^^^^^^^^^^^^^^^^^^
FileNotFoundError: [Errno 2] No such file or directory: 'app/static_p/CSV/MARCOS.csv'
ERROR:app:Exception on /_filtra_censo-1 [GET]
Traceback (most recent call last):
  File "/home/cuartazona/redes/envRedes/lib/python3.11/site-packages/flask/app.py", line 2190, in wsgi_app
    response = self.full_dispatch_request()
               ^^^^^^^^^^^^^^^^^^^^^^^^^^^^
  File "/home/cuartazona/redes/envRedes/lib/python3.11/site-packages/flask/app.py", line 1486, in full_dispatch_request
    rv = self.handle_user_exception(e)
         ^^^^^^^^^^^^^^^^^^^^^^^^^^^^^
  File "/home/cuartazona/redes/envRedes/lib/python3.11/site-packages/flask/app.py", line 1484, in full_dispatch_request
    rv = self.dispatch_request()
         ^^^^^^^^^^^^^^^^^^^^^^^
  File "/home/cuartazona/redes/envRedes/lib/python3.11/site-packages/flask/app.py", line 1469, in dispatch_request
    return self.ensure_sync(self.view_functions[rule.endpoint])(**view_args)
           ^^^^^^^^^^^^^^^^^^^^^^^^^^^^^^^^^^^^^^^^^^^^^^^^^^^^^^^^^^^^^^^^^
  File "/home/cuartazona/redes/app/auxiliar.py", line 125, in wrap
    return func(*args, **kwargs)
           ^^^^^^^^^^^^^^^^^^^^^
  File "/home/cuartazona/redes/app/censo.py", line 1243, in _filtra_censo
    genera_CSV(industrias_encontradas, sistema)
  File "/home/cuartazona/redes/app/censo.py", line 1250, in genera_CSV
    f = open(Configuracion.ruta_app + "static_p/CSV/" +  session['username'] + ".csv", "w")
        ^^^^^^^^^^^^^^^^^^^^^^^^^^^^^^^^^^^^^^^^^^^^^^^^^^^^^^^^^^^^^^^^^^^^^^^^^^^^^^^^^^^
FileNotFoundError: [Errno 2] No such file or directory: 'app/static_p/CSV/MARCOS.csv'
DEBUG:urllib3.connectionpool:Starting new HTTPS connection (1): servizos.meteogalicia.gal:443
DEBUG:urllib3.connectionpool:https://servizos.meteogalicia.gal:443 "GET /apiv4/getTidesInfo?coords=-8.648803947085197,42.84342990494973&startTime=2024-02-08T13:31:06&endTime=2024-02-08T13:31:06&API_KEY=GTTp4hc9KfIWz1aSCg55H64kT98aHi3Ni97nLwD9j8zPwgzQ1min0Bugr7syiGCA%20 HTTP/1.1" 200 3577
DEBUG:urllib3.connectionpool:Starting new HTTPS connection (1): servizos.meteogalicia.gal:443
DEBUG:urllib3.connectionpool:https://servizos.meteogalicia.gal:443 "GET /apiv4/getTidesInfo?coords=-8.648803947085197,42.84342990494973&startTime=2024-02-08T13:33:04&endTime=2024-02-08T13:33:04&API_KEY=GTTp4hc9KfIWz1aSCg55H64kT98aHi3Ni97nLwD9j8zPwgzQ1min0Bugr7syiGCA%20 HTTP/1.1" 200 3577
DEBUG:urllib3.connectionpool:Starting new HTTPS connection (1): servizos.meteogalicia.gal:443
DEBUG:urllib3.connectionpool:https://servizos.meteogalicia.gal:443 "GET /apiv4/getTidesInfo?coords=-8.648803947085197,42.84342990494973&startTime=2024-02-08T13:41:43&endTime=2024-02-08T13:41:43&API_KEY=GTTp4hc9KfIWz1aSCg55H64kT98aHi3Ni97nLwD9j8zPwgzQ1min0Bugr7syiGCA%20 HTTP/1.1" 200 3577
DEBUG:urllib3.connectionpool:Starting new HTTPS connection (1): servizos.meteogalicia.gal:443
DEBUG:urllib3.connectionpool:https://servizos.meteogalicia.gal:443 "GET /apiv4/getTidesInfo?coords=-8.648803947085197,42.84342990494973&startTime=2024-02-08T13:41:51&endTime=2024-02-08T13:41:51&API_KEY=GTTp4hc9KfIWz1aSCg55H64kT98aHi3Ni97nLwD9j8zPwgzQ1min0Bugr7syiGCA%20 HTTP/1.1" 200 3577
DEBUG:urllib3.connectionpool:Starting new HTTPS connection (1): servizos.meteogalicia.gal:443
DEBUG:urllib3.connectionpool:https://servizos.meteogalicia.gal:443 "GET /apiv4/getTidesInfo?coords=-8.502189289518773,42.38361507025267&startTime=2024-02-12T11:12:32&endTime=2024-02-12T11:12:32&API_KEY=GTTp4hc9KfIWz1aSCg55H64kT98aHi3Ni97nLwD9j8zPwgzQ1min0Bugr7syiGCA%20 HTTP/1.1" 200 3575
DEBUG:urllib3.connectionpool:Starting new HTTPS connection (1): servizos.meteogalicia.gal:443
DEBUG:urllib3.connectionpool:https://servizos.meteogalicia.gal:443 "GET /apiv4/getTidesInfo?coords=-8.5739951132201,42.344151576254156&startTime=2024-02-12T14:12:06&endTime=2024-02-12T14:12:06&API_KEY=GTTp4hc9KfIWz1aSCg55H64kT98aHi3Ni97nLwD9j8zPwgzQ1min0Bugr7syiGCA%20 HTTP/1.1" 200 3573
DEBUG:urllib3.connectionpool:Starting new HTTPS connection (1): servizos.meteogalicia.gal:443
DEBUG:urllib3.connectionpool:https://servizos.meteogalicia.gal:443 "GET /apiv4/getTidesInfo?coords=-8.935249936497238,42.597369738438985&startTime=2024-02-13T08:26:29&endTime=2024-02-13T08:26:29&API_KEY=GTTp4hc9KfIWz1aSCg55H64kT98aHi3Ni97nLwD9j8zPwgzQ1min0Bugr7syiGCA%20 HTTP/1.1" 200 3575
DEBUG:urllib3.connectionpool:Starting new HTTPS connection (1): servizos.meteogalicia.gal:443
DEBUG:urllib3.connectionpool:https://servizos.meteogalicia.gal:443 "GET /apiv4/getTidesInfo?coords=-8.783785403459493,42.59359975046283&startTime=2024-02-13T09:12:50&endTime=2024-02-13T09:12:50&API_KEY=GTTp4hc9KfIWz1aSCg55H64kT98aHi3Ni97nLwD9j8zPwgzQ1min0Bugr7syiGCA%20 HTTP/1.1" 200 3497
DEBUG:urllib3.connectionpool:Starting new HTTPS connection (1): servizos.meteogalicia.gal:443
DEBUG:urllib3.connectionpool:https://servizos.meteogalicia.gal:443 "GET /apiv4/getTidesInfo?coords=-8.648803947085197,42.84342990494973&startTime=2024-02-20T10:14:49&endTime=2024-02-20T10:14:49&API_KEY=GTTp4hc9KfIWz1aSCg55H64kT98aHi3Ni97nLwD9j8zPwgzQ1min0Bugr7syiGCA%20 HTTP/1.1" 200 3581
ERROR:app:Exception on /ficha_industria-2200 [GET]
Traceback (most recent call last):
  File "/home/cuartazona/redes/envRedes/lib/python3.11/site-packages/flask/app.py", line 2190, in wsgi_app
    response = self.full_dispatch_request()
               ^^^^^^^^^^^^^^^^^^^^^^^^^^^^
  File "/home/cuartazona/redes/envRedes/lib/python3.11/site-packages/flask/app.py", line 1486, in full_dispatch_request
    rv = self.handle_user_exception(e)
         ^^^^^^^^^^^^^^^^^^^^^^^^^^^^^
  File "/home/cuartazona/redes/envRedes/lib/python3.11/site-packages/flask/app.py", line 1484, in full_dispatch_request
    rv = self.dispatch_request()
         ^^^^^^^^^^^^^^^^^^^^^^^
  File "/home/cuartazona/redes/envRedes/lib/python3.11/site-packages/flask/app.py", line 1469, in dispatch_request
    return self.ensure_sync(self.view_functions[rule.endpoint])(**view_args)
           ^^^^^^^^^^^^^^^^^^^^^^^^^^^^^^^^^^^^^^^^^^^^^^^^^^^^^^^^^^^^^^^^^
  File "/home/cuartazona/redes/app/auxiliar.py", line 113, in wrap
    return f(*args, **kwargs)
           ^^^^^^^^^^^^^^^^^^
  File "/home/cuartazona/redes/app/censo.py", line 206, in ficha_industria_imprimir
    cur.execute("SELECT * FROM muestras WHERE id_inspecciones_ind in {}".format(tuple(id_inspecciones)))
sqlite3.OperationalError: near ")": syntax error
ERROR:app:Exception on /axuste-84 [GET]
Traceback (most recent call last):
  File "/home/cuartazona/redes/envRedes/lib/python3.11/site-packages/flask/app.py", line 2190, in wsgi_app
    response = self.full_dispatch_request()
               ^^^^^^^^^^^^^^^^^^^^^^^^^^^^
  File "/home/cuartazona/redes/envRedes/lib/python3.11/site-packages/flask/app.py", line 1486, in full_dispatch_request
    rv = self.handle_user_exception(e)
         ^^^^^^^^^^^^^^^^^^^^^^^^^^^^^
  File "/home/cuartazona/redes/envRedes/lib/python3.11/site-packages/flask/app.py", line 1484, in full_dispatch_request
    rv = self.dispatch_request()
         ^^^^^^^^^^^^^^^^^^^^^^^
  File "/home/cuartazona/redes/envRedes/lib/python3.11/site-packages/flask/app.py", line 1469, in dispatch_request
    return self.ensure_sync(self.view_functions[rule.endpoint])(**view_args)
           ^^^^^^^^^^^^^^^^^^^^^^^^^^^^^^^^^^^^^^^^^^^^^^^^^^^^^^^^^^^^^^^^^
  File "/home/cuartazona/redes/app/auxiliar.py", line 113, in wrap
    return f(*args, **kwargs)
           ^^^^^^^^^^^^^^^^^^
  File "/home/cuartazona/redes/app/verificacion.py", line 152, in pag_ajuste
    ajuste, sondas = prepara_ajuste(ajuste, patrones, sondas)
                     ^^^^^^^^^^^^^^^^^^^^^^^^^^^^^^^^^^^^^^^^
  File "/home/cuartazona/redes/app/verificacion.py", line 216, in prepara_ajuste
    sonda['requisitos_ajuste'] = json.loads(sonda['requisitos_ajuste'])
                                 ^^^^^^^^^^^^^^^^^^^^^^^^^^^^^^^^^^^^^^
  File "/usr/lib/python3.11/json/__init__.py", line 346, in loads
    return _default_decoder.decode(s)
           ^^^^^^^^^^^^^^^^^^^^^^^^^^
  File "/usr/lib/python3.11/json/decoder.py", line 337, in decode
    obj, end = self.raw_decode(s, idx=_w(s, 0).end())
               ^^^^^^^^^^^^^^^^^^^^^^^^^^^^^^^^^^^^^^
  File "/usr/lib/python3.11/json/decoder.py", line 353, in raw_decode
    obj, end = self.scan_once(s, idx)
               ^^^^^^^^^^^^^^^^^^^^^^
json.decoder.JSONDecodeError: Expecting property name enclosed in double quotes: line 1 column 2 (char 1)
ERROR:app:Exception on /axuste-84 [GET]
Traceback (most recent call last):
  File "/home/cuartazona/redes/envRedes/lib/python3.11/site-packages/flask/app.py", line 2190, in wsgi_app
    response = self.full_dispatch_request()
               ^^^^^^^^^^^^^^^^^^^^^^^^^^^^
  File "/home/cuartazona/redes/envRedes/lib/python3.11/site-packages/flask/app.py", line 1486, in full_dispatch_request
    rv = self.handle_user_exception(e)
         ^^^^^^^^^^^^^^^^^^^^^^^^^^^^^
  File "/home/cuartazona/redes/envRedes/lib/python3.11/site-packages/flask/app.py", line 1484, in full_dispatch_request
    rv = self.dispatch_request()
         ^^^^^^^^^^^^^^^^^^^^^^^
  File "/home/cuartazona/redes/envRedes/lib/python3.11/site-packages/flask/app.py", line 1469, in dispatch_request
    return self.ensure_sync(self.view_functions[rule.endpoint])(**view_args)
           ^^^^^^^^^^^^^^^^^^^^^^^^^^^^^^^^^^^^^^^^^^^^^^^^^^^^^^^^^^^^^^^^^
  File "/home/cuartazona/redes/app/auxiliar.py", line 113, in wrap
    return f(*args, **kwargs)
           ^^^^^^^^^^^^^^^^^^
  File "/home/cuartazona/redes/app/verificacion.py", line 152, in pag_ajuste
    ajuste, sondas = prepara_ajuste(ajuste, patrones, sondas)
                     ^^^^^^^^^^^^^^^^^^^^^^^^^^^^^^^^^^^^^^^^
  File "/home/cuartazona/redes/app/verificacion.py", line 216, in prepara_ajuste
    sonda['requisitos_ajuste'] = json.loads(sonda['requisitos_ajuste'])
                                 ^^^^^^^^^^^^^^^^^^^^^^^^^^^^^^^^^^^^^^
  File "/usr/lib/python3.11/json/__init__.py", line 346, in loads
    return _default_decoder.decode(s)
           ^^^^^^^^^^^^^^^^^^^^^^^^^^
  File "/usr/lib/python3.11/json/decoder.py", line 337, in decode
    obj, end = self.raw_decode(s, idx=_w(s, 0).end())
               ^^^^^^^^^^^^^^^^^^^^^^^^^^^^^^^^^^^^^^
  File "/usr/lib/python3.11/json/decoder.py", line 353, in raw_decode
    obj, end = self.scan_once(s, idx)
               ^^^^^^^^^^^^^^^^^^^^^^
json.decoder.JSONDecodeError: Expecting property name enclosed in double quotes: line 1 column 2 (char 1)
ERROR:app:Exception on /axuste-84 [GET]
Traceback (most recent call last):
  File "/home/cuartazona/redes/envRedes/lib/python3.11/site-packages/flask/app.py", line 2190, in wsgi_app
    response = self.full_dispatch_request()
               ^^^^^^^^^^^^^^^^^^^^^^^^^^^^
  File "/home/cuartazona/redes/envRedes/lib/python3.11/site-packages/flask/app.py", line 1486, in full_dispatch_request
    rv = self.handle_user_exception(e)
         ^^^^^^^^^^^^^^^^^^^^^^^^^^^^^
  File "/home/cuartazona/redes/envRedes/lib/python3.11/site-packages/flask/app.py", line 1484, in full_dispatch_request
    rv = self.dispatch_request()
         ^^^^^^^^^^^^^^^^^^^^^^^
  File "/home/cuartazona/redes/envRedes/lib/python3.11/site-packages/flask/app.py", line 1469, in dispatch_request
    return self.ensure_sync(self.view_functions[rule.endpoint])(**view_args)
           ^^^^^^^^^^^^^^^^^^^^^^^^^^^^^^^^^^^^^^^^^^^^^^^^^^^^^^^^^^^^^^^^^
  File "/home/cuartazona/redes/app/auxiliar.py", line 113, in wrap
    return f(*args, **kwargs)
           ^^^^^^^^^^^^^^^^^^
  File "/home/cuartazona/redes/app/verificacion.py", line 152, in pag_ajuste
    ajuste, sondas = prepara_ajuste(ajuste, patrones, sondas)
                     ^^^^^^^^^^^^^^^^^^^^^^^^^^^^^^^^^^^^^^^^
  File "/home/cuartazona/redes/app/verificacion.py", line 216, in prepara_ajuste
    sonda['requisitos_ajuste'] = json.loads(sonda['requisitos_ajuste'])
                                 ^^^^^^^^^^^^^^^^^^^^^^^^^^^^^^^^^^^^^^
  File "/usr/lib/python3.11/json/__init__.py", line 346, in loads
    return _default_decoder.decode(s)
           ^^^^^^^^^^^^^^^^^^^^^^^^^^
  File "/usr/lib/python3.11/json/decoder.py", line 337, in decode
    obj, end = self.raw_decode(s, idx=_w(s, 0).end())
               ^^^^^^^^^^^^^^^^^^^^^^^^^^^^^^^^^^^^^^
  File "/usr/lib/python3.11/json/decoder.py", line 353, in raw_decode
    obj, end = self.scan_once(s, idx)
               ^^^^^^^^^^^^^^^^^^^^^^
json.decoder.JSONDecodeError: Expecting property name enclosed in double quotes: line 1 column 2 (char 1)
ERROR:app:Exception on /axuste-84 [GET]
Traceback (most recent call last):
  File "/home/cuartazona/redes/envRedes/lib/python3.11/site-packages/flask/app.py", line 2190, in wsgi_app
    response = self.full_dispatch_request()
               ^^^^^^^^^^^^^^^^^^^^^^^^^^^^
  File "/home/cuartazona/redes/envRedes/lib/python3.11/site-packages/flask/app.py", line 1486, in full_dispatch_request
    rv = self.handle_user_exception(e)
         ^^^^^^^^^^^^^^^^^^^^^^^^^^^^^
  File "/home/cuartazona/redes/envRedes/lib/python3.11/site-packages/flask/app.py", line 1484, in full_dispatch_request
    rv = self.dispatch_request()
         ^^^^^^^^^^^^^^^^^^^^^^^
  File "/home/cuartazona/redes/envRedes/lib/python3.11/site-packages/flask/app.py", line 1469, in dispatch_request
    return self.ensure_sync(self.view_functions[rule.endpoint])(**view_args)
           ^^^^^^^^^^^^^^^^^^^^^^^^^^^^^^^^^^^^^^^^^^^^^^^^^^^^^^^^^^^^^^^^^
  File "/home/cuartazona/redes/app/auxiliar.py", line 113, in wrap
    return f(*args, **kwargs)
           ^^^^^^^^^^^^^^^^^^
  File "/home/cuartazona/redes/app/verificacion.py", line 152, in pag_ajuste
    ajuste, sondas = prepara_ajuste(ajuste, patrones, sondas)
                     ^^^^^^^^^^^^^^^^^^^^^^^^^^^^^^^^^^^^^^^^
  File "/home/cuartazona/redes/app/verificacion.py", line 216, in prepara_ajuste
    sonda['requisitos_ajuste'] = json.loads(sonda['requisitos_ajuste'])
                                 ^^^^^^^^^^^^^^^^^^^^^^^^^^^^^^^^^^^^^^
  File "/usr/lib/python3.11/json/__init__.py", line 346, in loads
    return _default_decoder.decode(s)
           ^^^^^^^^^^^^^^^^^^^^^^^^^^
  File "/usr/lib/python3.11/json/decoder.py", line 337, in decode
    obj, end = self.raw_decode(s, idx=_w(s, 0).end())
               ^^^^^^^^^^^^^^^^^^^^^^^^^^^^^^^^^^^^^^
  File "/usr/lib/python3.11/json/decoder.py", line 353, in raw_decode
    obj, end = self.scan_once(s, idx)
               ^^^^^^^^^^^^^^^^^^^^^^
json.decoder.JSONDecodeError: Expecting property name enclosed in double quotes: line 1 column 2 (char 1)
ERROR:app:Exception on /axuste-84 [GET]
Traceback (most recent call last):
  File "/home/cuartazona/redes/envRedes/lib/python3.11/site-packages/flask/app.py", line 2190, in wsgi_app
    response = self.full_dispatch_request()
               ^^^^^^^^^^^^^^^^^^^^^^^^^^^^
  File "/home/cuartazona/redes/envRedes/lib/python3.11/site-packages/flask/app.py", line 1486, in full_dispatch_request
    rv = self.handle_user_exception(e)
         ^^^^^^^^^^^^^^^^^^^^^^^^^^^^^
  File "/home/cuartazona/redes/envRedes/lib/python3.11/site-packages/flask/app.py", line 1484, in full_dispatch_request
    rv = self.dispatch_request()
         ^^^^^^^^^^^^^^^^^^^^^^^
  File "/home/cuartazona/redes/envRedes/lib/python3.11/site-packages/flask/app.py", line 1469, in dispatch_request
    return self.ensure_sync(self.view_functions[rule.endpoint])(**view_args)
           ^^^^^^^^^^^^^^^^^^^^^^^^^^^^^^^^^^^^^^^^^^^^^^^^^^^^^^^^^^^^^^^^^
  File "/home/cuartazona/redes/app/auxiliar.py", line 113, in wrap
    return f(*args, **kwargs)
           ^^^^^^^^^^^^^^^^^^
  File "/home/cuartazona/redes/app/verificacion.py", line 152, in pag_ajuste
    ajuste, sondas = prepara_ajuste(ajuste, patrones, sondas)
                     ^^^^^^^^^^^^^^^^^^^^^^^^^^^^^^^^^^^^^^^^
  File "/home/cuartazona/redes/app/verificacion.py", line 216, in prepara_ajuste
    sonda['requisitos_ajuste'] = json.loads(sonda['requisitos_ajuste'])
                                 ^^^^^^^^^^^^^^^^^^^^^^^^^^^^^^^^^^^^^^
  File "/usr/lib/python3.11/json/__init__.py", line 346, in loads
    return _default_decoder.decode(s)
           ^^^^^^^^^^^^^^^^^^^^^^^^^^
  File "/usr/lib/python3.11/json/decoder.py", line 337, in decode
    obj, end = self.raw_decode(s, idx=_w(s, 0).end())
               ^^^^^^^^^^^^^^^^^^^^^^^^^^^^^^^^^^^^^^
  File "/usr/lib/python3.11/json/decoder.py", line 353, in raw_decode
    obj, end = self.scan_once(s, idx)
               ^^^^^^^^^^^^^^^^^^^^^^
json.decoder.JSONDecodeError: Expecting property name enclosed in double quotes: line 1 column 2 (char 1)
ERROR:app:Exception on /axuste-84 [GET]
Traceback (most recent call last):
  File "/home/cuartazona/redes/envRedes/lib/python3.11/site-packages/flask/app.py", line 2190, in wsgi_app
    response = self.full_dispatch_request()
               ^^^^^^^^^^^^^^^^^^^^^^^^^^^^
  File "/home/cuartazona/redes/envRedes/lib/python3.11/site-packages/flask/app.py", line 1486, in full_dispatch_request
    rv = self.handle_user_exception(e)
         ^^^^^^^^^^^^^^^^^^^^^^^^^^^^^
  File "/home/cuartazona/redes/envRedes/lib/python3.11/site-packages/flask/app.py", line 1484, in full_dispatch_request
    rv = self.dispatch_request()
         ^^^^^^^^^^^^^^^^^^^^^^^
  File "/home/cuartazona/redes/envRedes/lib/python3.11/site-packages/flask/app.py", line 1469, in dispatch_request
    return self.ensure_sync(self.view_functions[rule.endpoint])(**view_args)
           ^^^^^^^^^^^^^^^^^^^^^^^^^^^^^^^^^^^^^^^^^^^^^^^^^^^^^^^^^^^^^^^^^
  File "/home/cuartazona/redes/app/auxiliar.py", line 113, in wrap
    return f(*args, **kwargs)
           ^^^^^^^^^^^^^^^^^^
  File "/home/cuartazona/redes/app/verificacion.py", line 152, in pag_ajuste
    ajuste, sondas = prepara_ajuste(ajuste, patrones, sondas)
                     ^^^^^^^^^^^^^^^^^^^^^^^^^^^^^^^^^^^^^^^^
  File "/home/cuartazona/redes/app/verificacion.py", line 216, in prepara_ajuste
    sonda['requisitos_ajuste'] = json.loads(sonda['requisitos_ajuste'])
                                 ^^^^^^^^^^^^^^^^^^^^^^^^^^^^^^^^^^^^^^
  File "/usr/lib/python3.11/json/__init__.py", line 346, in loads
    return _default_decoder.decode(s)
           ^^^^^^^^^^^^^^^^^^^^^^^^^^
  File "/usr/lib/python3.11/json/decoder.py", line 337, in decode
    obj, end = self.raw_decode(s, idx=_w(s, 0).end())
               ^^^^^^^^^^^^^^^^^^^^^^^^^^^^^^^^^^^^^^
  File "/usr/lib/python3.11/json/decoder.py", line 353, in raw_decode
    obj, end = self.scan_once(s, idx)
               ^^^^^^^^^^^^^^^^^^^^^^
json.decoder.JSONDecodeError: Expecting property name enclosed in double quotes: line 1 column 2 (char 1)
ERROR:app:Exception on /axuste-85 [GET]
Traceback (most recent call last):
  File "/home/cuartazona/redes/envRedes/lib/python3.11/site-packages/flask/app.py", line 2190, in wsgi_app
    response = self.full_dispatch_request()
               ^^^^^^^^^^^^^^^^^^^^^^^^^^^^
  File "/home/cuartazona/redes/envRedes/lib/python3.11/site-packages/flask/app.py", line 1486, in full_dispatch_request
    rv = self.handle_user_exception(e)
         ^^^^^^^^^^^^^^^^^^^^^^^^^^^^^
  File "/home/cuartazona/redes/envRedes/lib/python3.11/site-packages/flask/app.py", line 1484, in full_dispatch_request
    rv = self.dispatch_request()
         ^^^^^^^^^^^^^^^^^^^^^^^
  File "/home/cuartazona/redes/envRedes/lib/python3.11/site-packages/flask/app.py", line 1469, in dispatch_request
    return self.ensure_sync(self.view_functions[rule.endpoint])(**view_args)
           ^^^^^^^^^^^^^^^^^^^^^^^^^^^^^^^^^^^^^^^^^^^^^^^^^^^^^^^^^^^^^^^^^
  File "/home/cuartazona/redes/app/auxiliar.py", line 113, in wrap
    return f(*args, **kwargs)
           ^^^^^^^^^^^^^^^^^^
  File "/home/cuartazona/redes/app/verificacion.py", line 152, in pag_ajuste
    ajuste, sondas = prepara_ajuste(ajuste, patrones, sondas)
                     ^^^^^^^^^^^^^^^^^^^^^^^^^^^^^^^^^^^^^^^^
  File "/home/cuartazona/redes/app/verificacion.py", line 216, in prepara_ajuste
    sonda['requisitos_ajuste'] = json.loads(sonda['requisitos_ajuste'])
                                 ^^^^^^^^^^^^^^^^^^^^^^^^^^^^^^^^^^^^^^
  File "/usr/lib/python3.11/json/__init__.py", line 346, in loads
    return _default_decoder.decode(s)
           ^^^^^^^^^^^^^^^^^^^^^^^^^^
  File "/usr/lib/python3.11/json/decoder.py", line 337, in decode
    obj, end = self.raw_decode(s, idx=_w(s, 0).end())
               ^^^^^^^^^^^^^^^^^^^^^^^^^^^^^^^^^^^^^^
  File "/usr/lib/python3.11/json/decoder.py", line 353, in raw_decode
    obj, end = self.scan_once(s, idx)
               ^^^^^^^^^^^^^^^^^^^^^^
json.decoder.JSONDecodeError: Expecting property name enclosed in double quotes: line 1 column 2 (char 1)
ERROR:app:Exception on /axuste-84 [GET]
Traceback (most recent call last):
  File "/home/cuartazona/redes/envRedes/lib/python3.11/site-packages/flask/app.py", line 2190, in wsgi_app
    response = self.full_dispatch_request()
               ^^^^^^^^^^^^^^^^^^^^^^^^^^^^
  File "/home/cuartazona/redes/envRedes/lib/python3.11/site-packages/flask/app.py", line 1486, in full_dispatch_request
    rv = self.handle_user_exception(e)
         ^^^^^^^^^^^^^^^^^^^^^^^^^^^^^
  File "/home/cuartazona/redes/envRedes/lib/python3.11/site-packages/flask/app.py", line 1484, in full_dispatch_request
    rv = self.dispatch_request()
         ^^^^^^^^^^^^^^^^^^^^^^^
  File "/home/cuartazona/redes/envRedes/lib/python3.11/site-packages/flask/app.py", line 1469, in dispatch_request
    return self.ensure_sync(self.view_functions[rule.endpoint])(**view_args)
           ^^^^^^^^^^^^^^^^^^^^^^^^^^^^^^^^^^^^^^^^^^^^^^^^^^^^^^^^^^^^^^^^^
  File "/home/cuartazona/redes/app/auxiliar.py", line 113, in wrap
    return f(*args, **kwargs)
           ^^^^^^^^^^^^^^^^^^
  File "/home/cuartazona/redes/app/verificacion.py", line 152, in pag_ajuste
    ajuste, sondas = prepara_ajuste(ajuste, patrones, sondas)
                     ^^^^^^^^^^^^^^^^^^^^^^^^^^^^^^^^^^^^^^^^
  File "/home/cuartazona/redes/app/verificacion.py", line 216, in prepara_ajuste
    sonda['requisitos_ajuste'] = json.loads(sonda['requisitos_ajuste'])
                                 ^^^^^^^^^^^^^^^^^^^^^^^^^^^^^^^^^^^^^^
  File "/usr/lib/python3.11/json/__init__.py", line 346, in loads
    return _default_decoder.decode(s)
           ^^^^^^^^^^^^^^^^^^^^^^^^^^
  File "/usr/lib/python3.11/json/decoder.py", line 337, in decode
    obj, end = self.raw_decode(s, idx=_w(s, 0).end())
               ^^^^^^^^^^^^^^^^^^^^^^^^^^^^^^^^^^^^^^
  File "/usr/lib/python3.11/json/decoder.py", line 353, in raw_decode
    obj, end = self.scan_once(s, idx)
               ^^^^^^^^^^^^^^^^^^^^^^
json.decoder.JSONDecodeError: Expecting property name enclosed in double quotes: line 1 column 2 (char 1)
ERROR:app:Exception on /ficha_industria-384 [GET]
Traceback (most recent call last):
  File "/home/cuartazona/redes/envRedes/lib/python3.11/site-packages/flask/app.py", line 2190, in wsgi_app
    response = self.full_dispatch_request()
               ^^^^^^^^^^^^^^^^^^^^^^^^^^^^
  File "/home/cuartazona/redes/envRedes/lib/python3.11/site-packages/flask/app.py", line 1486, in full_dispatch_request
    rv = self.handle_user_exception(e)
         ^^^^^^^^^^^^^^^^^^^^^^^^^^^^^
  File "/home/cuartazona/redes/envRedes/lib/python3.11/site-packages/flask/app.py", line 1484, in full_dispatch_request
    rv = self.dispatch_request()
         ^^^^^^^^^^^^^^^^^^^^^^^
  File "/home/cuartazona/redes/envRedes/lib/python3.11/site-packages/flask/app.py", line 1469, in dispatch_request
    return self.ensure_sync(self.view_functions[rule.endpoint])(**view_args)
           ^^^^^^^^^^^^^^^^^^^^^^^^^^^^^^^^^^^^^^^^^^^^^^^^^^^^^^^^^^^^^^^^^
  File "/home/cuartazona/redes/app/auxiliar.py", line 113, in wrap
    return f(*args, **kwargs)
           ^^^^^^^^^^^^^^^^^^
  File "/home/cuartazona/redes/app/censo.py", line 216, in ficha_industria_imprimir
    cumplimiento = evalua_cumplimiento(analiticas, doc_normativos_parametros)
                   ^^^^^^^^^^^^^^^^^^^^^^^^^^^^^^^^^^^^^^^^^^^^^^^^^^^^^^^^^^
  File "/home/cuartazona/redes/app/censo.py", line 325, in evalua_cumplimiento
    elif (analitica['valor'] * (1 - analitica['incertidumbre'])) > float(parametroDN['valor_limite']):
          ~~~~~~~~~~~~~~~~~~~^~~~~~~~~~~~~~~~~~~~~~~~~~~~~~~~~~
TypeError: can't multiply sequence by non-int of type 'float'
ERROR:app:Exception on /ficha_industria-384 [GET]
Traceback (most recent call last):
  File "/home/cuartazona/redes/envRedes/lib/python3.11/site-packages/flask/app.py", line 2190, in wsgi_app
    response = self.full_dispatch_request()
               ^^^^^^^^^^^^^^^^^^^^^^^^^^^^
  File "/home/cuartazona/redes/envRedes/lib/python3.11/site-packages/flask/app.py", line 1486, in full_dispatch_request
    rv = self.handle_user_exception(e)
         ^^^^^^^^^^^^^^^^^^^^^^^^^^^^^
  File "/home/cuartazona/redes/envRedes/lib/python3.11/site-packages/flask/app.py", line 1484, in full_dispatch_request
    rv = self.dispatch_request()
         ^^^^^^^^^^^^^^^^^^^^^^^
  File "/home/cuartazona/redes/envRedes/lib/python3.11/site-packages/flask/app.py", line 1469, in dispatch_request
    return self.ensure_sync(self.view_functions[rule.endpoint])(**view_args)
           ^^^^^^^^^^^^^^^^^^^^^^^^^^^^^^^^^^^^^^^^^^^^^^^^^^^^^^^^^^^^^^^^^
  File "/home/cuartazona/redes/app/auxiliar.py", line 113, in wrap
    return f(*args, **kwargs)
           ^^^^^^^^^^^^^^^^^^
  File "/home/cuartazona/redes/app/censo.py", line 216, in ficha_industria_imprimir
    cumplimiento = evalua_cumplimiento(analiticas, doc_normativos_parametros)
                   ^^^^^^^^^^^^^^^^^^^^^^^^^^^^^^^^^^^^^^^^^^^^^^^^^^^^^^^^^^
  File "/home/cuartazona/redes/app/censo.py", line 325, in evalua_cumplimiento
    elif (analitica['valor'] * (1 - analitica['incertidumbre'])) > float(parametroDN['valor_limite']):
          ~~~~~~~~~~~~~~~~~~~^~~~~~~~~~~~~~~~~~~~~~~~~~~~~~~~~~
TypeError: can't multiply sequence by non-int of type 'float'
ERROR:app:Exception on /ficha_industria-384 [GET]
Traceback (most recent call last):
  File "/home/cuartazona/redes/envRedes/lib/python3.11/site-packages/flask/app.py", line 2190, in wsgi_app
    response = self.full_dispatch_request()
               ^^^^^^^^^^^^^^^^^^^^^^^^^^^^
  File "/home/cuartazona/redes/envRedes/lib/python3.11/site-packages/flask/app.py", line 1486, in full_dispatch_request
    rv = self.handle_user_exception(e)
         ^^^^^^^^^^^^^^^^^^^^^^^^^^^^^
  File "/home/cuartazona/redes/envRedes/lib/python3.11/site-packages/flask/app.py", line 1484, in full_dispatch_request
    rv = self.dispatch_request()
         ^^^^^^^^^^^^^^^^^^^^^^^
  File "/home/cuartazona/redes/envRedes/lib/python3.11/site-packages/flask/app.py", line 1469, in dispatch_request
    return self.ensure_sync(self.view_functions[rule.endpoint])(**view_args)
           ^^^^^^^^^^^^^^^^^^^^^^^^^^^^^^^^^^^^^^^^^^^^^^^^^^^^^^^^^^^^^^^^^
  File "/home/cuartazona/redes/app/auxiliar.py", line 113, in wrap
    return f(*args, **kwargs)
           ^^^^^^^^^^^^^^^^^^
  File "/home/cuartazona/redes/app/censo.py", line 216, in ficha_industria_imprimir
    cumplimiento = evalua_cumplimiento(analiticas, doc_normativos_parametros)
                   ^^^^^^^^^^^^^^^^^^^^^^^^^^^^^^^^^^^^^^^^^^^^^^^^^^^^^^^^^^
  File "/home/cuartazona/redes/app/censo.py", line 325, in evalua_cumplimiento
    elif (analitica['valor'] * (1 - analitica['incertidumbre'])) > float(parametroDN['valor_limite']):
          ~~~~~~~~~~~~~~~~~~~^~~~~~~~~~~~~~~~~~~~~~~~~~~~~~~~~~
TypeError: can't multiply sequence by non-int of type 'float'
ERROR:app:Exception on /ficha_industria-384 [GET]
Traceback (most recent call last):
  File "/home/cuartazona/redes/envRedes/lib/python3.11/site-packages/flask/app.py", line 2190, in wsgi_app
    response = self.full_dispatch_request()
               ^^^^^^^^^^^^^^^^^^^^^^^^^^^^
  File "/home/cuartazona/redes/envRedes/lib/python3.11/site-packages/flask/app.py", line 1486, in full_dispatch_request
    rv = self.handle_user_exception(e)
         ^^^^^^^^^^^^^^^^^^^^^^^^^^^^^
  File "/home/cuartazona/redes/envRedes/lib/python3.11/site-packages/flask/app.py", line 1484, in full_dispatch_request
    rv = self.dispatch_request()
         ^^^^^^^^^^^^^^^^^^^^^^^
  File "/home/cuartazona/redes/envRedes/lib/python3.11/site-packages/flask/app.py", line 1469, in dispatch_request
    return self.ensure_sync(self.view_functions[rule.endpoint])(**view_args)
           ^^^^^^^^^^^^^^^^^^^^^^^^^^^^^^^^^^^^^^^^^^^^^^^^^^^^^^^^^^^^^^^^^
  File "/home/cuartazona/redes/app/auxiliar.py", line 113, in wrap
    return f(*args, **kwargs)
           ^^^^^^^^^^^^^^^^^^
  File "/home/cuartazona/redes/app/censo.py", line 216, in ficha_industria_imprimir
    cumplimiento = evalua_cumplimiento(analiticas, doc_normativos_parametros)
                   ^^^^^^^^^^^^^^^^^^^^^^^^^^^^^^^^^^^^^^^^^^^^^^^^^^^^^^^^^^
  File "/home/cuartazona/redes/app/censo.py", line 325, in evalua_cumplimiento
    elif (analitica['valor'] * (1 - analitica['incertidumbre'])) > float(parametroDN['valor_limite']):
          ~~~~~~~~~~~~~~~~~~~^~~~~~~~~~~~~~~~~~~~~~~~~~~~~~~~~~
TypeError: can't multiply sequence by non-int of type 'float'
ERROR:app:Exception on /ficha_industria-384 [GET]
Traceback (most recent call last):
  File "/home/cuartazona/redes/envRedes/lib/python3.11/site-packages/flask/app.py", line 2190, in wsgi_app
    response = self.full_dispatch_request()
               ^^^^^^^^^^^^^^^^^^^^^^^^^^^^
  File "/home/cuartazona/redes/envRedes/lib/python3.11/site-packages/flask/app.py", line 1486, in full_dispatch_request
    rv = self.handle_user_exception(e)
         ^^^^^^^^^^^^^^^^^^^^^^^^^^^^^
  File "/home/cuartazona/redes/envRedes/lib/python3.11/site-packages/flask/app.py", line 1484, in full_dispatch_request
    rv = self.dispatch_request()
         ^^^^^^^^^^^^^^^^^^^^^^^
  File "/home/cuartazona/redes/envRedes/lib/python3.11/site-packages/flask/app.py", line 1469, in dispatch_request
    return self.ensure_sync(self.view_functions[rule.endpoint])(**view_args)
           ^^^^^^^^^^^^^^^^^^^^^^^^^^^^^^^^^^^^^^^^^^^^^^^^^^^^^^^^^^^^^^^^^
  File "/home/cuartazona/redes/app/auxiliar.py", line 113, in wrap
    return f(*args, **kwargs)
           ^^^^^^^^^^^^^^^^^^
  File "/home/cuartazona/redes/app/censo.py", line 216, in ficha_industria_imprimir
    cumplimiento = evalua_cumplimiento(analiticas, doc_normativos_parametros)
                   ^^^^^^^^^^^^^^^^^^^^^^^^^^^^^^^^^^^^^^^^^^^^^^^^^^^^^^^^^^
  File "/home/cuartazona/redes/app/censo.py", line 325, in evalua_cumplimiento
    elif (analitica['valor'] * (1 - analitica['incertidumbre'])) > float(parametroDN['valor_limite']):
          ~~~~~~~~~~~~~~~~~~~^~~~~~~~~~~~~~~~~~~~~~~~~~~~~~~~~~
TypeError: can't multiply sequence by non-int of type 'float'
ERROR:app:Exception on /ficha_industria-394 [GET]
Traceback (most recent call last):
  File "/home/cuartazona/redes/envRedes/lib/python3.11/site-packages/flask/app.py", line 2190, in wsgi_app
    response = self.full_dispatch_request()
               ^^^^^^^^^^^^^^^^^^^^^^^^^^^^
  File "/home/cuartazona/redes/envRedes/lib/python3.11/site-packages/flask/app.py", line 1486, in full_dispatch_request
    rv = self.handle_user_exception(e)
         ^^^^^^^^^^^^^^^^^^^^^^^^^^^^^
  File "/home/cuartazona/redes/envRedes/lib/python3.11/site-packages/flask/app.py", line 1484, in full_dispatch_request
    rv = self.dispatch_request()
         ^^^^^^^^^^^^^^^^^^^^^^^
  File "/home/cuartazona/redes/envRedes/lib/python3.11/site-packages/flask/app.py", line 1469, in dispatch_request
    return self.ensure_sync(self.view_functions[rule.endpoint])(**view_args)
           ^^^^^^^^^^^^^^^^^^^^^^^^^^^^^^^^^^^^^^^^^^^^^^^^^^^^^^^^^^^^^^^^^
  File "/home/cuartazona/redes/app/auxiliar.py", line 113, in wrap
    return f(*args, **kwargs)
           ^^^^^^^^^^^^^^^^^^
  File "/home/cuartazona/redes/app/censo.py", line 232, in ficha_industria_imprimir
    coordenadas['PV'] = utm.from_latlon(industria['latitud_PV'], industria['longitud_PV'])
                        ^^^^^^^^^^^^^^^^^^^^^^^^^^^^^^^^^^^^^^^^^^^^^^^^^^^^^^^^^^^^^^^^^^
  File "/home/cuartazona/redes/envRedes/lib/python3.11/site-packages/utm/conversion.py", line 228, in from_latlon
    if not in_bounds(latitude, -80.0, 84.0):
           ^^^^^^^^^^^^^^^^^^^^^^^^^^^^^^^^
  File "/home/cuartazona/redes/envRedes/lib/python3.11/site-packages/utm/conversion.py", line 49, in in_bounds
    return lower <= mathlib.min(x) and mathlib.max(x) <= upper
           ^^^^^^^^^^^^^^^^^^^^^^^
TypeError: '<=' not supported between instances of 'float' and 'NoneType'
ERROR:app:Exception on /ficha_industria-369 [GET]
Traceback (most recent call last):
  File "/home/cuartazona/redes/envRedes/lib/python3.11/site-packages/flask/app.py", line 2190, in wsgi_app
    response = self.full_dispatch_request()
               ^^^^^^^^^^^^^^^^^^^^^^^^^^^^
  File "/home/cuartazona/redes/envRedes/lib/python3.11/site-packages/flask/app.py", line 1486, in full_dispatch_request
    rv = self.handle_user_exception(e)
         ^^^^^^^^^^^^^^^^^^^^^^^^^^^^^
  File "/home/cuartazona/redes/envRedes/lib/python3.11/site-packages/flask/app.py", line 1484, in full_dispatch_request
    rv = self.dispatch_request()
         ^^^^^^^^^^^^^^^^^^^^^^^
  File "/home/cuartazona/redes/envRedes/lib/python3.11/site-packages/flask/app.py", line 1469, in dispatch_request
    return self.ensure_sync(self.view_functions[rule.endpoint])(**view_args)
           ^^^^^^^^^^^^^^^^^^^^^^^^^^^^^^^^^^^^^^^^^^^^^^^^^^^^^^^^^^^^^^^^^
  File "/home/cuartazona/redes/app/auxiliar.py", line 113, in wrap
    return f(*args, **kwargs)
           ^^^^^^^^^^^^^^^^^^
  File "/home/cuartazona/redes/app/censo.py", line 232, in ficha_industria_imprimir
    coordenadas['PV'] = utm.from_latlon(industria['latitud_PV'], industria['longitud_PV'])
                        ^^^^^^^^^^^^^^^^^^^^^^^^^^^^^^^^^^^^^^^^^^^^^^^^^^^^^^^^^^^^^^^^^^
  File "/home/cuartazona/redes/envRedes/lib/python3.11/site-packages/utm/conversion.py", line 228, in from_latlon
    if not in_bounds(latitude, -80.0, 84.0):
           ^^^^^^^^^^^^^^^^^^^^^^^^^^^^^^^^
  File "/home/cuartazona/redes/envRedes/lib/python3.11/site-packages/utm/conversion.py", line 49, in in_bounds
    return lower <= mathlib.min(x) and mathlib.max(x) <= upper
           ^^^^^^^^^^^^^^^^^^^^^^^
TypeError: '<=' not supported between instances of 'float' and 'NoneType'
ERROR:app:Exception on /ficha_industria-384 [GET]
Traceback (most recent call last):
  File "/home/cuartazona/redes/envRedes/lib/python3.11/site-packages/flask/app.py", line 2190, in wsgi_app
    response = self.full_dispatch_request()
               ^^^^^^^^^^^^^^^^^^^^^^^^^^^^
  File "/home/cuartazona/redes/envRedes/lib/python3.11/site-packages/flask/app.py", line 1486, in full_dispatch_request
    rv = self.handle_user_exception(e)
         ^^^^^^^^^^^^^^^^^^^^^^^^^^^^^
  File "/home/cuartazona/redes/envRedes/lib/python3.11/site-packages/flask/app.py", line 1484, in full_dispatch_request
    rv = self.dispatch_request()
         ^^^^^^^^^^^^^^^^^^^^^^^
  File "/home/cuartazona/redes/envRedes/lib/python3.11/site-packages/flask/app.py", line 1469, in dispatch_request
    return self.ensure_sync(self.view_functions[rule.endpoint])(**view_args)
           ^^^^^^^^^^^^^^^^^^^^^^^^^^^^^^^^^^^^^^^^^^^^^^^^^^^^^^^^^^^^^^^^^
  File "/home/cuartazona/redes/app/auxiliar.py", line 113, in wrap
    return f(*args, **kwargs)
           ^^^^^^^^^^^^^^^^^^
  File "/home/cuartazona/redes/app/censo.py", line 216, in ficha_industria_imprimir
    cumplimiento = evalua_cumplimiento(analiticas, doc_normativos_parametros)
                   ^^^^^^^^^^^^^^^^^^^^^^^^^^^^^^^^^^^^^^^^^^^^^^^^^^^^^^^^^^
  File "/home/cuartazona/redes/app/censo.py", line 325, in evalua_cumplimiento
    elif (analitica['valor'] * (1 - analitica['incertidumbre'])) > float(parametroDN['valor_limite']):
          ~~~~~~~~~~~~~~~~~~~^~~~~~~~~~~~~~~~~~~~~~~~~~~~~~~~~~
TypeError: can't multiply sequence by non-int of type 'float'
ERROR:app:Exception on /ficha_industria-384 [GET]
Traceback (most recent call last):
  File "/home/cuartazona/redes/envRedes/lib/python3.11/site-packages/flask/app.py", line 2190, in wsgi_app
    response = self.full_dispatch_request()
               ^^^^^^^^^^^^^^^^^^^^^^^^^^^^
  File "/home/cuartazona/redes/envRedes/lib/python3.11/site-packages/flask/app.py", line 1486, in full_dispatch_request
    rv = self.handle_user_exception(e)
         ^^^^^^^^^^^^^^^^^^^^^^^^^^^^^
  File "/home/cuartazona/redes/envRedes/lib/python3.11/site-packages/flask/app.py", line 1484, in full_dispatch_request
    rv = self.dispatch_request()
         ^^^^^^^^^^^^^^^^^^^^^^^
  File "/home/cuartazona/redes/envRedes/lib/python3.11/site-packages/flask/app.py", line 1469, in dispatch_request
    return self.ensure_sync(self.view_functions[rule.endpoint])(**view_args)
           ^^^^^^^^^^^^^^^^^^^^^^^^^^^^^^^^^^^^^^^^^^^^^^^^^^^^^^^^^^^^^^^^^
  File "/home/cuartazona/redes/app/auxiliar.py", line 113, in wrap
    return f(*args, **kwargs)
           ^^^^^^^^^^^^^^^^^^
  File "/home/cuartazona/redes/app/censo.py", line 216, in ficha_industria_imprimir
    cumplimiento = evalua_cumplimiento(analiticas, doc_normativos_parametros)
                   ^^^^^^^^^^^^^^^^^^^^^^^^^^^^^^^^^^^^^^^^^^^^^^^^^^^^^^^^^^
  File "/home/cuartazona/redes/app/censo.py", line 325, in evalua_cumplimiento
    elif (analitica['valor'] * (1 - analitica['incertidumbre'])) > float(parametroDN['valor_limite']):
          ~~~~~~~~~~~~~~~~~~~^~~~~~~~~~~~~~~~~~~~~~~~~~~~~~~~~~
TypeError: can't multiply sequence by non-int of type 'float'
ERROR:app:Exception on /ficha_industria-10137 [GET]
Traceback (most recent call last):
  File "/home/cuartazona/redes/envRedes/lib/python3.11/site-packages/flask/app.py", line 2190, in wsgi_app
    response = self.full_dispatch_request()
               ^^^^^^^^^^^^^^^^^^^^^^^^^^^^
  File "/home/cuartazona/redes/envRedes/lib/python3.11/site-packages/flask/app.py", line 1486, in full_dispatch_request
    rv = self.handle_user_exception(e)
         ^^^^^^^^^^^^^^^^^^^^^^^^^^^^^
  File "/home/cuartazona/redes/envRedes/lib/python3.11/site-packages/flask/app.py", line 1484, in full_dispatch_request
    rv = self.dispatch_request()
         ^^^^^^^^^^^^^^^^^^^^^^^
  File "/home/cuartazona/redes/envRedes/lib/python3.11/site-packages/flask/app.py", line 1469, in dispatch_request
    return self.ensure_sync(self.view_functions[rule.endpoint])(**view_args)
           ^^^^^^^^^^^^^^^^^^^^^^^^^^^^^^^^^^^^^^^^^^^^^^^^^^^^^^^^^^^^^^^^^
  File "/home/cuartazona/redes/app/auxiliar.py", line 113, in wrap
    return f(*args, **kwargs)
           ^^^^^^^^^^^^^^^^^^
  File "/home/cuartazona/redes/app/censo.py", line 210, in ficha_industria_imprimir
    cur.execute("SELECT * FROM analiticas WHERE id_muestra in {}".format(tuple(id_muestras)))
sqlite3.OperationalError: near ")": syntax error
ERROR:app:Exception on /ficha_industria-10137 [GET]
Traceback (most recent call last):
  File "/home/cuartazona/redes/envRedes/lib/python3.11/site-packages/flask/app.py", line 2190, in wsgi_app
    response = self.full_dispatch_request()
               ^^^^^^^^^^^^^^^^^^^^^^^^^^^^
  File "/home/cuartazona/redes/envRedes/lib/python3.11/site-packages/flask/app.py", line 1486, in full_dispatch_request
    rv = self.handle_user_exception(e)
         ^^^^^^^^^^^^^^^^^^^^^^^^^^^^^
  File "/home/cuartazona/redes/envRedes/lib/python3.11/site-packages/flask/app.py", line 1484, in full_dispatch_request
    rv = self.dispatch_request()
         ^^^^^^^^^^^^^^^^^^^^^^^
  File "/home/cuartazona/redes/envRedes/lib/python3.11/site-packages/flask/app.py", line 1469, in dispatch_request
    return self.ensure_sync(self.view_functions[rule.endpoint])(**view_args)
           ^^^^^^^^^^^^^^^^^^^^^^^^^^^^^^^^^^^^^^^^^^^^^^^^^^^^^^^^^^^^^^^^^
  File "/home/cuartazona/redes/app/auxiliar.py", line 113, in wrap
    return f(*args, **kwargs)
           ^^^^^^^^^^^^^^^^^^
  File "/home/cuartazona/redes/app/censo.py", line 210, in ficha_industria_imprimir
    cur.execute("SELECT * FROM analiticas WHERE id_muestra in {}".format(tuple(id_muestras)))
sqlite3.OperationalError: near ")": syntax error
ERROR:app:Exception on /ficha_industria-10137 [GET]
Traceback (most recent call last):
  File "/home/cuartazona/redes/envRedes/lib/python3.11/site-packages/flask/app.py", line 2190, in wsgi_app
    response = self.full_dispatch_request()
               ^^^^^^^^^^^^^^^^^^^^^^^^^^^^
  File "/home/cuartazona/redes/envRedes/lib/python3.11/site-packages/flask/app.py", line 1486, in full_dispatch_request
    rv = self.handle_user_exception(e)
         ^^^^^^^^^^^^^^^^^^^^^^^^^^^^^
  File "/home/cuartazona/redes/envRedes/lib/python3.11/site-packages/flask/app.py", line 1484, in full_dispatch_request
    rv = self.dispatch_request()
         ^^^^^^^^^^^^^^^^^^^^^^^
  File "/home/cuartazona/redes/envRedes/lib/python3.11/site-packages/flask/app.py", line 1469, in dispatch_request
    return self.ensure_sync(self.view_functions[rule.endpoint])(**view_args)
           ^^^^^^^^^^^^^^^^^^^^^^^^^^^^^^^^^^^^^^^^^^^^^^^^^^^^^^^^^^^^^^^^^
  File "/home/cuartazona/redes/app/auxiliar.py", line 113, in wrap
    return f(*args, **kwargs)
           ^^^^^^^^^^^^^^^^^^
  File "/home/cuartazona/redes/app/censo.py", line 210, in ficha_industria_imprimir
    cur.execute("SELECT * FROM analiticas WHERE id_muestra in {}".format(tuple(id_muestras)))
sqlite3.OperationalError: near ")": syntax error
ERROR:app:Exception on /ficha_industria-10137 [GET]
Traceback (most recent call last):
  File "/home/cuartazona/redes/envRedes/lib/python3.11/site-packages/flask/app.py", line 2190, in wsgi_app
    response = self.full_dispatch_request()
               ^^^^^^^^^^^^^^^^^^^^^^^^^^^^
  File "/home/cuartazona/redes/envRedes/lib/python3.11/site-packages/flask/app.py", line 1486, in full_dispatch_request
    rv = self.handle_user_exception(e)
         ^^^^^^^^^^^^^^^^^^^^^^^^^^^^^
  File "/home/cuartazona/redes/envRedes/lib/python3.11/site-packages/flask/app.py", line 1484, in full_dispatch_request
    rv = self.dispatch_request()
         ^^^^^^^^^^^^^^^^^^^^^^^
  File "/home/cuartazona/redes/envRedes/lib/python3.11/site-packages/flask/app.py", line 1469, in dispatch_request
    return self.ensure_sync(self.view_functions[rule.endpoint])(**view_args)
           ^^^^^^^^^^^^^^^^^^^^^^^^^^^^^^^^^^^^^^^^^^^^^^^^^^^^^^^^^^^^^^^^^
  File "/home/cuartazona/redes/app/auxiliar.py", line 113, in wrap
    return f(*args, **kwargs)
           ^^^^^^^^^^^^^^^^^^
  File "/home/cuartazona/redes/app/censo.py", line 210, in ficha_industria_imprimir
    cur.execute("SELECT * FROM analiticas WHERE id_muestra in {}".format(tuple(id_muestras)))
sqlite3.OperationalError: near ")": syntax error
DEBUG:urllib3.connectionpool:Starting new HTTPS connection (1): servizos.meteogalicia.gal:443
DEBUG:urllib3.connectionpool:https://servizos.meteogalicia.gal:443 "GET /apiv4/getTidesInfo?coords=-8.680974871850715,42.4067220219467&startTime=2024-02-26T15:10:46&endTime=2024-02-26T15:10:46&API_KEY=GTTp4hc9KfIWz1aSCg55H64kT98aHi3Ni97nLwD9j8zPwgzQ1min0Bugr7syiGCA%20 HTTP/1.1" 200 3574
DEBUG:urllib3.connectionpool:Starting new HTTPS connection (1): servizos.meteogalicia.gal:443
DEBUG:urllib3.connectionpool:https://servizos.meteogalicia.gal:443 "GET /apiv4/getTidesInfo?coords=-8.525473679510286,42.8321608059451&startTime=2024-02-26T15:15:37&endTime=2024-02-26T15:15:37&API_KEY=GTTp4hc9KfIWz1aSCg55H64kT98aHi3Ni97nLwD9j8zPwgzQ1min0Bugr7syiGCA%20 HTTP/1.1" 200 3578
ERROR:app:Exception on /ficha_industria-10137 [GET]
Traceback (most recent call last):
  File "/home/cuartazona/redes/envRedes/lib/python3.11/site-packages/flask/app.py", line 2190, in wsgi_app
    response = self.full_dispatch_request()
               ^^^^^^^^^^^^^^^^^^^^^^^^^^^^
  File "/home/cuartazona/redes/envRedes/lib/python3.11/site-packages/flask/app.py", line 1486, in full_dispatch_request
    rv = self.handle_user_exception(e)
         ^^^^^^^^^^^^^^^^^^^^^^^^^^^^^
  File "/home/cuartazona/redes/envRedes/lib/python3.11/site-packages/flask/app.py", line 1484, in full_dispatch_request
    rv = self.dispatch_request()
         ^^^^^^^^^^^^^^^^^^^^^^^
  File "/home/cuartazona/redes/envRedes/lib/python3.11/site-packages/flask/app.py", line 1469, in dispatch_request
    return self.ensure_sync(self.view_functions[rule.endpoint])(**view_args)
           ^^^^^^^^^^^^^^^^^^^^^^^^^^^^^^^^^^^^^^^^^^^^^^^^^^^^^^^^^^^^^^^^^
  File "/home/cuartazona/redes/app/auxiliar.py", line 113, in wrap
    return f(*args, **kwargs)
           ^^^^^^^^^^^^^^^^^^
  File "/home/cuartazona/redes/app/censo.py", line 210, in ficha_industria_imprimir
    cur.execute("SELECT * FROM analiticas WHERE id_muestra in {}".format(tuple(id_muestras)))
sqlite3.OperationalError: near ")": syntax error
DEBUG:urllib3.connectionpool:Starting new HTTPS connection (1): servizos.meteogalicia.gal:443
DEBUG:urllib3.connectionpool:https://servizos.meteogalicia.gal:443 "GET /apiv4/getTidesInfo?coords=-8.783785403459493,42.59359975046283&startTime=2024-02-27T09:36:55&endTime=2024-02-27T09:36:55&API_KEY=GTTp4hc9KfIWz1aSCg55H64kT98aHi3Ni97nLwD9j8zPwgzQ1min0Bugr7syiGCA%20 HTTP/1.1" 200 3578
DEBUG:urllib3.connectionpool:Starting new HTTPS connection (1): servizos.meteogalicia.gal:443
DEBUG:urllib3.connectionpool:https://servizos.meteogalicia.gal:443 "GET /apiv4/getTidesInfo?coords=-8.598873768074311,42.87000260855577&startTime=2024-03-05T10:24:53&endTime=2024-03-05T10:24:53&API_KEY=GTTp4hc9KfIWz1aSCg55H64kT98aHi3Ni97nLwD9j8zPwgzQ1min0Bugr7syiGCA%20 HTTP/1.1" 200 3491
DEBUG:urllib3.connectionpool:Starting new HTTPS connection (1): servizos.meteogalicia.gal:443
DEBUG:urllib3.connectionpool:https://servizos.meteogalicia.gal:443 "GET /apiv4/getTidesInfo?coords=-8.525473679510286,42.8321608059451&startTime=2024-03-05T10:25:02&endTime=2024-03-05T10:25:02&API_KEY=GTTp4hc9KfIWz1aSCg55H64kT98aHi3Ni97nLwD9j8zPwgzQ1min0Bugr7syiGCA%20 HTTP/1.1" 200 3494
DEBUG:urllib3.connectionpool:Starting new HTTPS connection (1): servizos.meteogalicia.gal:443
DEBUG:urllib3.connectionpool:https://servizos.meteogalicia.gal:443 "GET /apiv4/getTidesInfo?coords=-8.525473679510286,42.8321608059451&startTime=2024-03-05T12:09:05&endTime=2024-03-05T12:09:05&API_KEY=GTTp4hc9KfIWz1aSCg55H64kT98aHi3Ni97nLwD9j8zPwgzQ1min0Bugr7syiGCA%20 HTTP/1.1" 200 3494
DEBUG:urllib3.connectionpool:Starting new HTTPS connection (1): servizos.meteogalicia.gal:443
DEBUG:urllib3.connectionpool:https://servizos.meteogalicia.gal:443 "GET /apiv4/getTidesInfo?coords=-8.680974871850715,42.4067220219467&startTime=2024-03-06T09:42:35&endTime=2024-03-06T09:42:35&API_KEY=GTTp4hc9KfIWz1aSCg55H64kT98aHi3Ni97nLwD9j8zPwgzQ1min0Bugr7syiGCA%20 HTTP/1.1" 200 3574
DEBUG:urllib3.connectionpool:Starting new HTTPS connection (1): servizos.meteogalicia.gal:443
DEBUG:urllib3.connectionpool:https://servizos.meteogalicia.gal:443 "GET /apiv4/getTidesInfo?coords=-8.680974871850715,42.4067220219467&startTime=2024-03-06T18:12:08&endTime=2024-03-06T18:12:08&API_KEY=GTTp4hc9KfIWz1aSCg55H64kT98aHi3Ni97nLwD9j8zPwgzQ1min0Bugr7syiGCA%20 HTTP/1.1" 200 3574
DEBUG:urllib3.connectionpool:Starting new HTTPS connection (1): servizos.meteogalicia.gal:443
DEBUG:urllib3.connectionpool:https://servizos.meteogalicia.gal:443 "GET /apiv4/getTidesInfo?coords=-8.525473679510286,42.8321608059451&startTime=2024-03-06T18:12:19&endTime=2024-03-06T18:12:19&API_KEY=GTTp4hc9KfIWz1aSCg55H64kT98aHi3Ni97nLwD9j8zPwgzQ1min0Bugr7syiGCA%20 HTTP/1.1" 200 3580
DEBUG:urllib3.connectionpool:Starting new HTTPS connection (1): servizos.meteogalicia.gal:443
DEBUG:urllib3.connectionpool:https://servizos.meteogalicia.gal:443 "GET /apiv4/getTidesInfo?coords=-8.559359011241597,42.75382319661101&startTime=2024-03-12T13:58:29&endTime=2024-03-12T13:58:29&API_KEY=GTTp4hc9KfIWz1aSCg55H64kT98aHi3Ni97nLwD9j8zPwgzQ1min0Bugr7syiGCA%20 HTTP/1.1" 200 3582
DEBUG:urllib3.connectionpool:Starting new HTTPS connection (1): servizos.meteogalicia.gal:443
DEBUG:urllib3.connectionpool:https://servizos.meteogalicia.gal:443 "GET /apiv4/getTidesInfo?coords=-9.03701193,42.52730985&startTime=2024-03-18T12:43:11&endTime=2024-03-18T12:43:11&API_KEY=GTTp4hc9KfIWz1aSCg55H64kT98aHi3Ni97nLwD9j8zPwgzQ1min0Bugr7syiGCA%20 HTTP/1.1" 200 3577
DEBUG:urllib3.connectionpool:Starting new HTTPS connection (1): servizos.meteogalicia.gal:443
DEBUG:urllib3.connectionpool:https://servizos.meteogalicia.gal:443 "GET /apiv4/getTidesInfo?coords=-9.03701193,42.52730985&startTime=2024-03-19T09:11:17&endTime=2024-03-19T09:11:17&API_KEY=GTTp4hc9KfIWz1aSCg55H64kT98aHi3Ni97nLwD9j8zPwgzQ1min0Bugr7syiGCA%20 HTTP/1.1" 200 3489
ERROR:app:Exception on /ficha_industria-2134 [GET]
Traceback (most recent call last):
  File "/home/cuartazona/redes/envRedes/lib/python3.11/site-packages/flask/app.py", line 2190, in wsgi_app
    response = self.full_dispatch_request()
               ^^^^^^^^^^^^^^^^^^^^^^^^^^^^
  File "/home/cuartazona/redes/envRedes/lib/python3.11/site-packages/flask/app.py", line 1486, in full_dispatch_request
    rv = self.handle_user_exception(e)
         ^^^^^^^^^^^^^^^^^^^^^^^^^^^^^
  File "/home/cuartazona/redes/envRedes/lib/python3.11/site-packages/flask/app.py", line 1484, in full_dispatch_request
    rv = self.dispatch_request()
         ^^^^^^^^^^^^^^^^^^^^^^^
  File "/home/cuartazona/redes/envRedes/lib/python3.11/site-packages/flask/app.py", line 1469, in dispatch_request
    return self.ensure_sync(self.view_functions[rule.endpoint])(**view_args)
           ^^^^^^^^^^^^^^^^^^^^^^^^^^^^^^^^^^^^^^^^^^^^^^^^^^^^^^^^^^^^^^^^^
  File "/home/cuartazona/redes/app/auxiliar.py", line 113, in wrap
    return f(*args, **kwargs)
           ^^^^^^^^^^^^^^^^^^
  File "/home/cuartazona/redes/app/censo.py", line 218, in ficha_industria_imprimir
    analitica['valor_sin_incertidumbre'] = analitica['valor'] - (analitica['valor'] * analitica['incertidumbre'])
                                                                 ~~~~~~~~~~~~~~~~~~~^~~~~~~~~~~~~~~~~~~~~~~~~~~~
TypeError: can't multiply sequence by non-int of type 'float'
ERROR:app:Exception on /ficha_industria-2134 [GET]
Traceback (most recent call last):
  File "/home/cuartazona/redes/envRedes/lib/python3.11/site-packages/flask/app.py", line 2190, in wsgi_app
    response = self.full_dispatch_request()
               ^^^^^^^^^^^^^^^^^^^^^^^^^^^^
  File "/home/cuartazona/redes/envRedes/lib/python3.11/site-packages/flask/app.py", line 1486, in full_dispatch_request
    rv = self.handle_user_exception(e)
         ^^^^^^^^^^^^^^^^^^^^^^^^^^^^^
  File "/home/cuartazona/redes/envRedes/lib/python3.11/site-packages/flask/app.py", line 1484, in full_dispatch_request
    rv = self.dispatch_request()
         ^^^^^^^^^^^^^^^^^^^^^^^
  File "/home/cuartazona/redes/envRedes/lib/python3.11/site-packages/flask/app.py", line 1469, in dispatch_request
    return self.ensure_sync(self.view_functions[rule.endpoint])(**view_args)
           ^^^^^^^^^^^^^^^^^^^^^^^^^^^^^^^^^^^^^^^^^^^^^^^^^^^^^^^^^^^^^^^^^
  File "/home/cuartazona/redes/app/auxiliar.py", line 113, in wrap
    return f(*args, **kwargs)
           ^^^^^^^^^^^^^^^^^^
  File "/home/cuartazona/redes/app/censo.py", line 218, in ficha_industria_imprimir
    analitica['valor_sin_incertidumbre'] = analitica['valor'] - (analitica['valor'] * analitica['incertidumbre'])
                                                                 ~~~~~~~~~~~~~~~~~~~^~~~~~~~~~~~~~~~~~~~~~~~~~~~
TypeError: can't multiply sequence by non-int of type 'float'
DEBUG:urllib3.connectionpool:Starting new HTTPS connection (1): servizos.meteogalicia.gal:443
DEBUG:urllib3.connectionpool:https://servizos.meteogalicia.gal:443 "GET /apiv4/getTidesInfo?coords=-8.821008307501847,42.64512244527745&startTime=2024-03-20T12:40:00&endTime=2024-03-20T12:40:00&API_KEY=GTTp4hc9KfIWz1aSCg55H64kT98aHi3Ni97nLwD9j8zPwgzQ1min0Bugr7syiGCA%20 HTTP/1.1" 200 3574
ERROR:app:Exception on /_nueva_inspeccion_industria [POST]
Traceback (most recent call last):
  File "/home/cuartazona/redes/envRedes/lib/python3.11/site-packages/flask/app.py", line 2190, in wsgi_app
    response = self.full_dispatch_request()
               ^^^^^^^^^^^^^^^^^^^^^^^^^^^^
  File "/home/cuartazona/redes/envRedes/lib/python3.11/site-packages/flask/app.py", line 1486, in full_dispatch_request
    rv = self.handle_user_exception(e)
         ^^^^^^^^^^^^^^^^^^^^^^^^^^^^^
  File "/home/cuartazona/redes/envRedes/lib/python3.11/site-packages/flask/app.py", line 1484, in full_dispatch_request
    rv = self.dispatch_request()
         ^^^^^^^^^^^^^^^^^^^^^^^
  File "/home/cuartazona/redes/envRedes/lib/python3.11/site-packages/flask/app.py", line 1469, in dispatch_request
    return self.ensure_sync(self.view_functions[rule.endpoint])(**view_args)
           ^^^^^^^^^^^^^^^^^^^^^^^^^^^^^^^^^^^^^^^^^^^^^^^^^^^^^^^^^^^^^^^^^
  File "/home/cuartazona/redes/app/auxiliar.py", line 125, in wrap
    return func(*args, **kwargs)
           ^^^^^^^^^^^^^^^^^^^^^
  File "/home/cuartazona/redes/app/auxiliar.py", line 138, in wrap
    return fn(*args, **kwargs)
           ^^^^^^^^^^^^^^^^^^^
  File "/home/cuartazona/redes/app/censo.py", line 981, in _nueva_inspeccion_ind
    cod_inspeccion = fecha_iso + "_" + sistema + "_" + cod_industria
                     ~~~~~~~~~~~~~~~~~~~~~~~~~~~~~~~~^~~~~~~~~~~~~~~
TypeError: can only concatenate str (not "NoneType") to str
ERROR:app:Exception on /_nueva_inspeccion_industria [POST]
Traceback (most recent call last):
  File "/home/cuartazona/redes/envRedes/lib/python3.11/site-packages/flask/app.py", line 2190, in wsgi_app
    response = self.full_dispatch_request()
               ^^^^^^^^^^^^^^^^^^^^^^^^^^^^
  File "/home/cuartazona/redes/envRedes/lib/python3.11/site-packages/flask/app.py", line 1486, in full_dispatch_request
    rv = self.handle_user_exception(e)
         ^^^^^^^^^^^^^^^^^^^^^^^^^^^^^
  File "/home/cuartazona/redes/envRedes/lib/python3.11/site-packages/flask/app.py", line 1484, in full_dispatch_request
    rv = self.dispatch_request()
         ^^^^^^^^^^^^^^^^^^^^^^^
  File "/home/cuartazona/redes/envRedes/lib/python3.11/site-packages/flask/app.py", line 1469, in dispatch_request
    return self.ensure_sync(self.view_functions[rule.endpoint])(**view_args)
           ^^^^^^^^^^^^^^^^^^^^^^^^^^^^^^^^^^^^^^^^^^^^^^^^^^^^^^^^^^^^^^^^^
  File "/home/cuartazona/redes/app/auxiliar.py", line 125, in wrap
    return func(*args, **kwargs)
           ^^^^^^^^^^^^^^^^^^^^^
  File "/home/cuartazona/redes/app/auxiliar.py", line 138, in wrap
    return fn(*args, **kwargs)
           ^^^^^^^^^^^^^^^^^^^
  File "/home/cuartazona/redes/app/censo.py", line 981, in _nueva_inspeccion_ind
    cod_inspeccion = fecha_iso + "_" + sistema + "_" + cod_industria
                     ~~~~~~~~~~~~~~~~~~~~~~~~~~~~~~~~^~~~~~~~~~~~~~~
TypeError: can only concatenate str (not "NoneType") to str
ERROR:app:Exception on /_nueva_inspeccion_industria [POST]
Traceback (most recent call last):
  File "/home/cuartazona/redes/envRedes/lib/python3.11/site-packages/flask/app.py", line 2190, in wsgi_app
    response = self.full_dispatch_request()
               ^^^^^^^^^^^^^^^^^^^^^^^^^^^^
  File "/home/cuartazona/redes/envRedes/lib/python3.11/site-packages/flask/app.py", line 1486, in full_dispatch_request
    rv = self.handle_user_exception(e)
         ^^^^^^^^^^^^^^^^^^^^^^^^^^^^^
  File "/home/cuartazona/redes/envRedes/lib/python3.11/site-packages/flask/app.py", line 1484, in full_dispatch_request
    rv = self.dispatch_request()
         ^^^^^^^^^^^^^^^^^^^^^^^
  File "/home/cuartazona/redes/envRedes/lib/python3.11/site-packages/flask/app.py", line 1469, in dispatch_request
    return self.ensure_sync(self.view_functions[rule.endpoint])(**view_args)
           ^^^^^^^^^^^^^^^^^^^^^^^^^^^^^^^^^^^^^^^^^^^^^^^^^^^^^^^^^^^^^^^^^
  File "/home/cuartazona/redes/app/auxiliar.py", line 125, in wrap
    return func(*args, **kwargs)
           ^^^^^^^^^^^^^^^^^^^^^
  File "/home/cuartazona/redes/app/auxiliar.py", line 138, in wrap
    return fn(*args, **kwargs)
           ^^^^^^^^^^^^^^^^^^^
  File "/home/cuartazona/redes/app/censo.py", line 981, in _nueva_inspeccion_ind
    cod_inspeccion = fecha_iso + "_" + sistema + "_" + cod_industria
                     ~~~~~~~~~~~~~~~~~~~~~~~~~~~~~~~~^~~~~~~~~~~~~~~
TypeError: can only concatenate str (not "NoneType") to str
ERROR:app:Exception on /ficha_industria-1515 [GET]
Traceback (most recent call last):
  File "/home/cuartazona/redes/envRedes/lib/python3.11/site-packages/flask/app.py", line 2190, in wsgi_app
    response = self.full_dispatch_request()
               ^^^^^^^^^^^^^^^^^^^^^^^^^^^^
  File "/home/cuartazona/redes/envRedes/lib/python3.11/site-packages/flask/app.py", line 1486, in full_dispatch_request
    rv = self.handle_user_exception(e)
         ^^^^^^^^^^^^^^^^^^^^^^^^^^^^^
  File "/home/cuartazona/redes/envRedes/lib/python3.11/site-packages/flask/app.py", line 1484, in full_dispatch_request
    rv = self.dispatch_request()
         ^^^^^^^^^^^^^^^^^^^^^^^
  File "/home/cuartazona/redes/envRedes/lib/python3.11/site-packages/flask/app.py", line 1469, in dispatch_request
    return self.ensure_sync(self.view_functions[rule.endpoint])(**view_args)
           ^^^^^^^^^^^^^^^^^^^^^^^^^^^^^^^^^^^^^^^^^^^^^^^^^^^^^^^^^^^^^^^^^
  File "/home/cuartazona/redes/app/auxiliar.py", line 113, in wrap
    return f(*args, **kwargs)
           ^^^^^^^^^^^^^^^^^^
  File "/home/cuartazona/redes/app/censo.py", line 241, in ficha_industria_imprimir
    coordenadas['PV'] = utm.from_latlon(industria['latitud_PV'], industria['longitud_PV'])
                        ^^^^^^^^^^^^^^^^^^^^^^^^^^^^^^^^^^^^^^^^^^^^^^^^^^^^^^^^^^^^^^^^^^
  File "/home/cuartazona/redes/envRedes/lib/python3.11/site-packages/utm/conversion.py", line 228, in from_latlon
    if not in_bounds(latitude, -80.0, 84.0):
           ^^^^^^^^^^^^^^^^^^^^^^^^^^^^^^^^
  File "/home/cuartazona/redes/envRedes/lib/python3.11/site-packages/utm/conversion.py", line 49, in in_bounds
    return lower <= mathlib.min(x) and mathlib.max(x) <= upper
           ^^^^^^^^^^^^^^^^^^^^^^^
TypeError: '<=' not supported between instances of 'float' and 'NoneType'
ERROR:app:Exception on /ficha_industria-1515 [GET]
Traceback (most recent call last):
  File "/home/cuartazona/redes/envRedes/lib/python3.11/site-packages/flask/app.py", line 2190, in wsgi_app
    response = self.full_dispatch_request()
               ^^^^^^^^^^^^^^^^^^^^^^^^^^^^
  File "/home/cuartazona/redes/envRedes/lib/python3.11/site-packages/flask/app.py", line 1486, in full_dispatch_request
    rv = self.handle_user_exception(e)
         ^^^^^^^^^^^^^^^^^^^^^^^^^^^^^
  File "/home/cuartazona/redes/envRedes/lib/python3.11/site-packages/flask/app.py", line 1484, in full_dispatch_request
    rv = self.dispatch_request()
         ^^^^^^^^^^^^^^^^^^^^^^^
  File "/home/cuartazona/redes/envRedes/lib/python3.11/site-packages/flask/app.py", line 1469, in dispatch_request
    return self.ensure_sync(self.view_functions[rule.endpoint])(**view_args)
           ^^^^^^^^^^^^^^^^^^^^^^^^^^^^^^^^^^^^^^^^^^^^^^^^^^^^^^^^^^^^^^^^^
  File "/home/cuartazona/redes/app/auxiliar.py", line 113, in wrap
    return f(*args, **kwargs)
           ^^^^^^^^^^^^^^^^^^
  File "/home/cuartazona/redes/app/censo.py", line 241, in ficha_industria_imprimir
    coordenadas['PV'] = utm.from_latlon(industria['latitud_PV'], industria['longitud_PV'])
                        ^^^^^^^^^^^^^^^^^^^^^^^^^^^^^^^^^^^^^^^^^^^^^^^^^^^^^^^^^^^^^^^^^^
  File "/home/cuartazona/redes/envRedes/lib/python3.11/site-packages/utm/conversion.py", line 228, in from_latlon
    if not in_bounds(latitude, -80.0, 84.0):
           ^^^^^^^^^^^^^^^^^^^^^^^^^^^^^^^^
  File "/home/cuartazona/redes/envRedes/lib/python3.11/site-packages/utm/conversion.py", line 49, in in_bounds
    return lower <= mathlib.min(x) and mathlib.max(x) <= upper
           ^^^^^^^^^^^^^^^^^^^^^^^
TypeError: '<=' not supported between instances of 'float' and 'NoneType'
DEBUG:urllib3.connectionpool:Starting new HTTPS connection (1): servizos.meteogalicia.gal:443
DEBUG:urllib3.connectionpool:https://servizos.meteogalicia.gal:443 "GET /apiv4/getTidesInfo?coords=-8.680974871850715,42.4067220219467&startTime=2024-04-02T09:42:11&endTime=2024-04-02T09:42:11&API_KEY=GTTp4hc9KfIWz1aSCg55H64kT98aHi3Ni97nLwD9j8zPwgzQ1min0Bugr7syiGCA%20 HTTP/1.1" 200 941
DEBUG:urllib3.connectionpool:Starting new HTTPS connection (1): servizos.meteogalicia.gal:443
DEBUG:urllib3.connectionpool:https://servizos.meteogalicia.gal:443 "GET /apiv4/getTidesInfo?coords=-8.821008307501847,42.64512244527745&startTime=2024-04-02T10:02:58&endTime=2024-04-02T10:02:58&API_KEY=GTTp4hc9KfIWz1aSCg55H64kT98aHi3Ni97nLwD9j8zPwgzQ1min0Bugr7syiGCA%20 HTTP/1.1" 200 949
DEBUG:urllib3.connectionpool:Starting new HTTPS connection (1): servizos.meteogalicia.gal:443
DEBUG:urllib3.connectionpool:https://servizos.meteogalicia.gal:443 "GET /apiv4/getTidesInfo?coords=-8.821008307501847,42.64512244527745&startTime=2024-04-02T10:03:27&endTime=2024-04-02T10:03:27&API_KEY=GTTp4hc9KfIWz1aSCg55H64kT98aHi3Ni97nLwD9j8zPwgzQ1min0Bugr7syiGCA%20 HTTP/1.1" 200 949
DEBUG:urllib3.connectionpool:Starting new HTTPS connection (1): servizos.meteogalicia.gal:443
DEBUG:urllib3.connectionpool:https://servizos.meteogalicia.gal:443 "GET /apiv4/getTidesInfo?coords=-8.821008307501847,42.64512244527745&startTime=2024-04-02T15:56:04&endTime=2024-04-02T15:56:04&API_KEY=GTTp4hc9KfIWz1aSCg55H64kT98aHi3Ni97nLwD9j8zPwgzQ1min0Bugr7syiGCA%20 HTTP/1.1" 200 949
DEBUG:urllib3.connectionpool:Starting new HTTPS connection (1): servizos.meteogalicia.gal:443
DEBUG:urllib3.connectionpool:https://servizos.meteogalicia.gal:443 "GET /apiv4/getTidesInfo?coords=-8.821008307501847,42.64512244527745&startTime=2024-04-02T17:10:42&endTime=2024-04-02T17:10:42&API_KEY=GTTp4hc9KfIWz1aSCg55H64kT98aHi3Ni97nLwD9j8zPwgzQ1min0Bugr7syiGCA%20 HTTP/1.1" 200 949
ERROR:app:Exception on /ficha_industria-1637 [GET]
Traceback (most recent call last):
  File "/home/cuartazona/redes/envRedes/lib/python3.11/site-packages/flask/app.py", line 2190, in wsgi_app
    response = self.full_dispatch_request()
               ^^^^^^^^^^^^^^^^^^^^^^^^^^^^
  File "/home/cuartazona/redes/envRedes/lib/python3.11/site-packages/flask/app.py", line 1486, in full_dispatch_request
    rv = self.handle_user_exception(e)
         ^^^^^^^^^^^^^^^^^^^^^^^^^^^^^
  File "/home/cuartazona/redes/envRedes/lib/python3.11/site-packages/flask/app.py", line 1484, in full_dispatch_request
    rv = self.dispatch_request()
         ^^^^^^^^^^^^^^^^^^^^^^^
  File "/home/cuartazona/redes/envRedes/lib/python3.11/site-packages/flask/app.py", line 1469, in dispatch_request
    return self.ensure_sync(self.view_functions[rule.endpoint])(**view_args)
           ^^^^^^^^^^^^^^^^^^^^^^^^^^^^^^^^^^^^^^^^^^^^^^^^^^^^^^^^^^^^^^^^^
  File "/home/cuartazona/redes/app/auxiliar.py", line 113, in wrap
    return f(*args, **kwargs)
           ^^^^^^^^^^^^^^^^^^
  File "/home/cuartazona/redes/app/censo.py", line 220, in ficha_industria_imprimir
    analitica['valor_sin_incertidumbre'] = analitica['valor'] - analitica['incertidumbre']
                                           ~~~~~~~~~~~~~~~~~~~^~~~~~~~~~~~~~~~~~~~~~~~~~~~
TypeError: unsupported operand type(s) for -: 'float' and 'NoneType'
ERROR:app:Exception on /auditorias_EDAR [GET]
Traceback (most recent call last):
  File "/home/cuartazona/redes/envRedes/lib/python3.11/site-packages/flask/app.py", line 2190, in wsgi_app
    response = self.full_dispatch_request()
               ^^^^^^^^^^^^^^^^^^^^^^^^^^^^
  File "/home/cuartazona/redes/envRedes/lib/python3.11/site-packages/flask/app.py", line 1486, in full_dispatch_request
    rv = self.handle_user_exception(e)
         ^^^^^^^^^^^^^^^^^^^^^^^^^^^^^
  File "/home/cuartazona/redes/envRedes/lib/python3.11/site-packages/flask/app.py", line 1484, in full_dispatch_request
    rv = self.dispatch_request()
         ^^^^^^^^^^^^^^^^^^^^^^^
  File "/home/cuartazona/redes/envRedes/lib/python3.11/site-packages/flask/app.py", line 1469, in dispatch_request
    return self.ensure_sync(self.view_functions[rule.endpoint])(**view_args)
           ^^^^^^^^^^^^^^^^^^^^^^^^^^^^^^^^^^^^^^^^^^^^^^^^^^^^^^^^^^^^^^^^^
  File "/home/cuartazona/redes/app/auxiliar.py", line 113, in wrap
    return f(*args, **kwargs)
           ^^^^^^^^^^^^^^^^^^
  File "/home/cuartazona/redes/app/auditoria.py", line 19, in auditorias_EDAR
    cur.execute("""
sqlite3.OperationalError: no such table: edar_auditadas
DEBUG:urllib3.connectionpool:Starting new HTTPS connection (1): servizos.meteogalicia.gal:443
DEBUG:urllib3.connectionpool:https://servizos.meteogalicia.gal:443 "GET /apiv4/getTidesInfo?coords=-8.821008307501847,42.64512244527745&startTime=2024-04-04T10:48:18&endTime=2024-04-04T10:48:18&API_KEY=GTTp4hc9KfIWz1aSCg55H64kT98aHi3Ni97nLwD9j8zPwgzQ1min0Bugr7syiGCA%20 HTTP/1.1" 200 949
DEBUG:urllib3.connectionpool:Starting new HTTPS connection (1): servizos.meteogalicia.gal:443
DEBUG:urllib3.connectionpool:https://servizos.meteogalicia.gal:443 "GET /apiv4/getTidesInfo?coords=-8.821008307501847,42.64512244527745&startTime=2024-04-04T10:48:41&endTime=2024-04-04T10:48:41&API_KEY=GTTp4hc9KfIWz1aSCg55H64kT98aHi3Ni97nLwD9j8zPwgzQ1min0Bugr7syiGCA%20 HTTP/1.1" 200 949
DEBUG:urllib3.connectionpool:Starting new HTTPS connection (1): servizos.meteogalicia.gal:443
DEBUG:urllib3.connectionpool:https://servizos.meteogalicia.gal:443 "GET /apiv4/getTidesInfo?coords=-8.821008307501847,42.64512244527745&startTime=2024-04-08T08:26:43&endTime=2024-04-08T08:26:43&API_KEY=GTTp4hc9KfIWz1aSCg55H64kT98aHi3Ni97nLwD9j8zPwgzQ1min0Bugr7syiGCA%20 HTTP/1.1" 200 949
DEBUG:urllib3.connectionpool:Starting new HTTPS connection (1): servizos.meteogalicia.gal:443
DEBUG:urllib3.connectionpool:https://servizos.meteogalicia.gal:443 "GET /apiv4/getTidesInfo?coords=-8.821008307501847,42.64512244527745&startTime=2024-04-08T16:28:50&endTime=2024-04-08T16:28:50&API_KEY=GTTp4hc9KfIWz1aSCg55H64kT98aHi3Ni97nLwD9j8zPwgzQ1min0Bugr7syiGCA%20 HTTP/1.1" 200 949
ERROR:app:Exception on /_actualiza_elem [POST]
Traceback (most recent call last):
  File "/home/cuartazona/redes/envRedes/lib/python3.11/site-packages/flask/app.py", line 2190, in wsgi_app
    response = self.full_dispatch_request()
               ^^^^^^^^^^^^^^^^^^^^^^^^^^^^
  File "/home/cuartazona/redes/envRedes/lib/python3.11/site-packages/flask/app.py", line 1486, in full_dispatch_request
    rv = self.handle_user_exception(e)
         ^^^^^^^^^^^^^^^^^^^^^^^^^^^^^
  File "/home/cuartazona/redes/envRedes/lib/python3.11/site-packages/flask/app.py", line 1484, in full_dispatch_request
    rv = self.dispatch_request()
         ^^^^^^^^^^^^^^^^^^^^^^^
  File "/home/cuartazona/redes/envRedes/lib/python3.11/site-packages/flask/app.py", line 1469, in dispatch_request
    return self.ensure_sync(self.view_functions[rule.endpoint])(**view_args)
           ^^^^^^^^^^^^^^^^^^^^^^^^^^^^^^^^^^^^^^^^^^^^^^^^^^^^^^^^^^^^^^^^^
  File "/home/cuartazona/redes/app/auxiliar.py", line 125, in wrap
    return func(*args, **kwargs)
           ^^^^^^^^^^^^^^^^^^^^^
  File "/home/cuartazona/redes/app/auxiliar.py", line 138, in wrap
    return fn(*args, **kwargs)
           ^^^^^^^^^^^^^^^^^^^
  File "/home/cuartazona/redes/app/rede.py", line 206, in _actualiza_elem
    clave, valor = par.split("=")
    ^^^^^^^^^^^^
ValueError: not enough values to unpack (expected 2, got 1)
ERROR:app:Exception on /auditorias_EDAR [GET]
Traceback (most recent call last):
  File "/home/cuartazona/redes/envRedes/lib/python3.11/site-packages/flask/app.py", line 2190, in wsgi_app
    response = self.full_dispatch_request()
               ^^^^^^^^^^^^^^^^^^^^^^^^^^^^
  File "/home/cuartazona/redes/envRedes/lib/python3.11/site-packages/flask/app.py", line 1486, in full_dispatch_request
    rv = self.handle_user_exception(e)
         ^^^^^^^^^^^^^^^^^^^^^^^^^^^^^
  File "/home/cuartazona/redes/envRedes/lib/python3.11/site-packages/flask/app.py", line 1484, in full_dispatch_request
    rv = self.dispatch_request()
         ^^^^^^^^^^^^^^^^^^^^^^^
  File "/home/cuartazona/redes/envRedes/lib/python3.11/site-packages/flask/app.py", line 1469, in dispatch_request
    return self.ensure_sync(self.view_functions[rule.endpoint])(**view_args)
           ^^^^^^^^^^^^^^^^^^^^^^^^^^^^^^^^^^^^^^^^^^^^^^^^^^^^^^^^^^^^^^^^^
  File "/home/cuartazona/redes/app/auxiliar.py", line 113, in wrap
    return f(*args, **kwargs)
           ^^^^^^^^^^^^^^^^^^
  File "/home/cuartazona/redes/app/auditoria.py", line 19, in auditorias_EDAR
    cur.execute("""
sqlite3.OperationalError: no such table: edar_auditadas
DEBUG:urllib3.connectionpool:Starting new HTTPS connection (1): servizos.meteogalicia.gal:443
DEBUG:urllib3.connectionpool:https://servizos.meteogalicia.gal:443 "GET /apiv4/getTidesInfo?coords=-8.821008307501847,42.64512244527745&startTime=2024-04-09T13:02:34&endTime=2024-04-09T13:02:34&API_KEY=GTTp4hc9KfIWz1aSCg55H64kT98aHi3Ni97nLwD9j8zPwgzQ1min0Bugr7syiGCA%20 HTTP/1.1" 200 947
DEBUG:urllib3.connectionpool:Starting new HTTPS connection (1): servizos.meteogalicia.gal:443
DEBUG:urllib3.connectionpool:https://servizos.meteogalicia.gal:443 "GET /apiv4/getTidesInfo?coords=-8.821008307501847,42.64512244527745&startTime=2024-04-09T13:46:05&endTime=2024-04-09T13:46:05&API_KEY=GTTp4hc9KfIWz1aSCg55H64kT98aHi3Ni97nLwD9j8zPwgzQ1min0Bugr7syiGCA%20 HTTP/1.1" 200 947
DEBUG:urllib3.connectionpool:Starting new HTTPS connection (1): servizos.meteogalicia.gal:443
DEBUG:urllib3.connectionpool:https://servizos.meteogalicia.gal:443 "GET /apiv4/getTidesInfo?coords=-8.821008307501847,42.64512244527745&startTime=2024-04-09T16:07:45&endTime=2024-04-09T16:07:45&API_KEY=GTTp4hc9KfIWz1aSCg55H64kT98aHi3Ni97nLwD9j8zPwgzQ1min0Bugr7syiGCA%20 HTTP/1.1" 200 947
DEBUG:urllib3.connectionpool:Starting new HTTPS connection (1): servizos.meteogalicia.gal:443
DEBUG:urllib3.connectionpool:https://servizos.meteogalicia.gal:443 "GET /apiv4/getTidesInfo?coords=-8.821008307501847,42.64512244527745&startTime=2024-04-10T12:19:46&endTime=2024-04-10T12:19:46&API_KEY=GTTp4hc9KfIWz1aSCg55H64kT98aHi3Ni97nLwD9j8zPwgzQ1min0Bugr7syiGCA%20 HTTP/1.1" 200 866
DEBUG:urllib3.connectionpool:Starting new HTTPS connection (1): servizos.meteogalicia.gal:443
DEBUG:urllib3.connectionpool:https://servizos.meteogalicia.gal:443 "GET /apiv4/getTidesInfo?coords=-9.03701193,42.52730985&startTime=2024-04-11T13:44:26&endTime=2024-04-11T13:44:26&API_KEY=GTTp4hc9KfIWz1aSCg55H64kT98aHi3Ni97nLwD9j8zPwgzQ1min0Bugr7syiGCA%20 HTTP/1.1" 200 943
ERROR:app:Exception on /_subir_foto_equipo [POST]
Traceback (most recent call last):
  File "/home/cuartazona/redes/envRedes/lib/python3.11/site-packages/flask/app.py", line 2190, in wsgi_app
    response = self.full_dispatch_request()
               ^^^^^^^^^^^^^^^^^^^^^^^^^^^^
  File "/home/cuartazona/redes/envRedes/lib/python3.11/site-packages/flask/app.py", line 1486, in full_dispatch_request
    rv = self.handle_user_exception(e)
         ^^^^^^^^^^^^^^^^^^^^^^^^^^^^^
  File "/home/cuartazona/redes/envRedes/lib/python3.11/site-packages/flask/app.py", line 1484, in full_dispatch_request
    rv = self.dispatch_request()
         ^^^^^^^^^^^^^^^^^^^^^^^
  File "/home/cuartazona/redes/envRedes/lib/python3.11/site-packages/flask/app.py", line 1469, in dispatch_request
    return self.ensure_sync(self.view_functions[rule.endpoint])(**view_args)
           ^^^^^^^^^^^^^^^^^^^^^^^^^^^^^^^^^^^^^^^^^^^^^^^^^^^^^^^^^^^^^^^^^
  File "/home/cuartazona/redes/app/auxiliar.py", line 125, in wrap
    return func(*args, **kwargs)
           ^^^^^^^^^^^^^^^^^^^^^
  File "/home/cuartazona/redes/app/auxiliar.py", line 138, in wrap
    return fn(*args, **kwargs)
           ^^^^^^^^^^^^^^^^^^^
  File "/home/cuartazona/redes/app/auditoria.py", line 381, in _subir_foto_equipo
    tipo = foto_existente['tipo'] + 1
           ~~~~~~~~~~~~~~~~~~~~~~~^~~
TypeError: unsupported operand type(s) for +: 'NoneType' and 'int'
ERROR:app:Exception on /_subir_foto_equipo [POST]
Traceback (most recent call last):
  File "/home/cuartazona/redes/envRedes/lib/python3.11/site-packages/flask/app.py", line 2190, in wsgi_app
    response = self.full_dispatch_request()
               ^^^^^^^^^^^^^^^^^^^^^^^^^^^^
  File "/home/cuartazona/redes/envRedes/lib/python3.11/site-packages/flask/app.py", line 1486, in full_dispatch_request
    rv = self.handle_user_exception(e)
         ^^^^^^^^^^^^^^^^^^^^^^^^^^^^^
  File "/home/cuartazona/redes/envRedes/lib/python3.11/site-packages/flask/app.py", line 1484, in full_dispatch_request
    rv = self.dispatch_request()
         ^^^^^^^^^^^^^^^^^^^^^^^
  File "/home/cuartazona/redes/envRedes/lib/python3.11/site-packages/flask/app.py", line 1469, in dispatch_request
    return self.ensure_sync(self.view_functions[rule.endpoint])(**view_args)
           ^^^^^^^^^^^^^^^^^^^^^^^^^^^^^^^^^^^^^^^^^^^^^^^^^^^^^^^^^^^^^^^^^
  File "/home/cuartazona/redes/app/auxiliar.py", line 125, in wrap
    return func(*args, **kwargs)
           ^^^^^^^^^^^^^^^^^^^^^
  File "/home/cuartazona/redes/app/auxiliar.py", line 138, in wrap
    return fn(*args, **kwargs)
           ^^^^^^^^^^^^^^^^^^^
  File "/home/cuartazona/redes/app/auditoria.py", line 381, in _subir_foto_equipo
    tipo = foto_existente['tipo'] + 1
           ~~~~~~~~~~~~~~~~~~~~~~~^~~
TypeError: unsupported operand type(s) for +: 'NoneType' and 'int'
ERROR:app:Exception on /_subir_foto_equipo [POST]
Traceback (most recent call last):
  File "/home/cuartazona/redes/envRedes/lib/python3.11/site-packages/flask/app.py", line 2190, in wsgi_app
    response = self.full_dispatch_request()
               ^^^^^^^^^^^^^^^^^^^^^^^^^^^^
  File "/home/cuartazona/redes/envRedes/lib/python3.11/site-packages/flask/app.py", line 1486, in full_dispatch_request
    rv = self.handle_user_exception(e)
         ^^^^^^^^^^^^^^^^^^^^^^^^^^^^^
  File "/home/cuartazona/redes/envRedes/lib/python3.11/site-packages/flask/app.py", line 1484, in full_dispatch_request
    rv = self.dispatch_request()
         ^^^^^^^^^^^^^^^^^^^^^^^
  File "/home/cuartazona/redes/envRedes/lib/python3.11/site-packages/flask/app.py", line 1469, in dispatch_request
    return self.ensure_sync(self.view_functions[rule.endpoint])(**view_args)
           ^^^^^^^^^^^^^^^^^^^^^^^^^^^^^^^^^^^^^^^^^^^^^^^^^^^^^^^^^^^^^^^^^
  File "/home/cuartazona/redes/app/auxiliar.py", line 125, in wrap
    return func(*args, **kwargs)
           ^^^^^^^^^^^^^^^^^^^^^
  File "/home/cuartazona/redes/app/auxiliar.py", line 138, in wrap
    return fn(*args, **kwargs)
           ^^^^^^^^^^^^^^^^^^^
  File "/home/cuartazona/redes/app/auditoria.py", line 381, in _subir_foto_equipo
    tipo = foto_existente['tipo'] + 1
           ~~~~~~~~~~~~~~~~~~~~~~~^~~
TypeError: unsupported operand type(s) for +: 'NoneType' and 'int'
ERROR:app:Exception on /_subir_foto_equipo [POST]
Traceback (most recent call last):
  File "/home/cuartazona/redes/envRedes/lib/python3.11/site-packages/flask/app.py", line 2190, in wsgi_app
    response = self.full_dispatch_request()
               ^^^^^^^^^^^^^^^^^^^^^^^^^^^^
  File "/home/cuartazona/redes/envRedes/lib/python3.11/site-packages/flask/app.py", line 1486, in full_dispatch_request
    rv = self.handle_user_exception(e)
         ^^^^^^^^^^^^^^^^^^^^^^^^^^^^^
  File "/home/cuartazona/redes/envRedes/lib/python3.11/site-packages/flask/app.py", line 1484, in full_dispatch_request
    rv = self.dispatch_request()
         ^^^^^^^^^^^^^^^^^^^^^^^
  File "/home/cuartazona/redes/envRedes/lib/python3.11/site-packages/flask/app.py", line 1469, in dispatch_request
    return self.ensure_sync(self.view_functions[rule.endpoint])(**view_args)
           ^^^^^^^^^^^^^^^^^^^^^^^^^^^^^^^^^^^^^^^^^^^^^^^^^^^^^^^^^^^^^^^^^
  File "/home/cuartazona/redes/app/auxiliar.py", line 125, in wrap
    return func(*args, **kwargs)
           ^^^^^^^^^^^^^^^^^^^^^
  File "/home/cuartazona/redes/app/auxiliar.py", line 138, in wrap
    return fn(*args, **kwargs)
           ^^^^^^^^^^^^^^^^^^^
  File "/home/cuartazona/redes/app/auditoria.py", line 381, in _subir_foto_equipo
    tipo = foto_existente['tipo'] + 1
           ~~~~~~~~~~~~~~~~~~~~~~~^~~
TypeError: unsupported operand type(s) for +: 'NoneType' and 'int'
ERROR:app:Exception on /_actualiza_equipo [POST]
Traceback (most recent call last):
  File "/home/cuartazona/redes/envRedes/lib/python3.11/site-packages/flask/app.py", line 2190, in wsgi_app
    response = self.full_dispatch_request()
               ^^^^^^^^^^^^^^^^^^^^^^^^^^^^
  File "/home/cuartazona/redes/envRedes/lib/python3.11/site-packages/flask/app.py", line 1486, in full_dispatch_request
    rv = self.handle_user_exception(e)
         ^^^^^^^^^^^^^^^^^^^^^^^^^^^^^
  File "/home/cuartazona/redes/envRedes/lib/python3.11/site-packages/flask/app.py", line 1484, in full_dispatch_request
    rv = self.dispatch_request()
         ^^^^^^^^^^^^^^^^^^^^^^^
  File "/home/cuartazona/redes/envRedes/lib/python3.11/site-packages/flask/app.py", line 1469, in dispatch_request
    return self.ensure_sync(self.view_functions[rule.endpoint])(**view_args)
           ^^^^^^^^^^^^^^^^^^^^^^^^^^^^^^^^^^^^^^^^^^^^^^^^^^^^^^^^^^^^^^^^^
  File "/home/cuartazona/redes/app/auxiliar.py", line 125, in wrap
    return func(*args, **kwargs)
           ^^^^^^^^^^^^^^^^^^^^^
  File "/home/cuartazona/redes/app/auxiliar.py", line 138, in wrap
    return fn(*args, **kwargs)
           ^^^^^^^^^^^^^^^^^^^
  File "/home/cuartazona/redes/app/auditoria.py", line 311, in _actualiza_equipo
    sumario[revision['estado']] = sumario[revision['estado']] + 1
                                  ~~~~~~~^^^^^^^^^^^^^^^^^^^^
KeyError: None
ERROR:app:Exception on /_actualiza_equipo [POST]
Traceback (most recent call last):
  File "/home/cuartazona/redes/envRedes/lib/python3.11/site-packages/flask/app.py", line 2190, in wsgi_app
    response = self.full_dispatch_request()
               ^^^^^^^^^^^^^^^^^^^^^^^^^^^^
  File "/home/cuartazona/redes/envRedes/lib/python3.11/site-packages/flask/app.py", line 1486, in full_dispatch_request
    rv = self.handle_user_exception(e)
         ^^^^^^^^^^^^^^^^^^^^^^^^^^^^^
  File "/home/cuartazona/redes/envRedes/lib/python3.11/site-packages/flask/app.py", line 1484, in full_dispatch_request
    rv = self.dispatch_request()
         ^^^^^^^^^^^^^^^^^^^^^^^
  File "/home/cuartazona/redes/envRedes/lib/python3.11/site-packages/flask/app.py", line 1469, in dispatch_request
    return self.ensure_sync(self.view_functions[rule.endpoint])(**view_args)
           ^^^^^^^^^^^^^^^^^^^^^^^^^^^^^^^^^^^^^^^^^^^^^^^^^^^^^^^^^^^^^^^^^
  File "/home/cuartazona/redes/app/auxiliar.py", line 125, in wrap
    return func(*args, **kwargs)
           ^^^^^^^^^^^^^^^^^^^^^
  File "/home/cuartazona/redes/app/auxiliar.py", line 138, in wrap
    return fn(*args, **kwargs)
           ^^^^^^^^^^^^^^^^^^^
  File "/home/cuartazona/redes/app/auditoria.py", line 311, in _actualiza_equipo
    sumario[revision['estado']] = sumario[revision['estado']] + 1
                                  ~~~~~~~^^^^^^^^^^^^^^^^^^^^
KeyError: None
ERROR:app:Exception on /_actualiza_equipo [POST]
Traceback (most recent call last):
  File "/home/cuartazona/redes/envRedes/lib/python3.11/site-packages/flask/app.py", line 2190, in wsgi_app
    response = self.full_dispatch_request()
               ^^^^^^^^^^^^^^^^^^^^^^^^^^^^
  File "/home/cuartazona/redes/envRedes/lib/python3.11/site-packages/flask/app.py", line 1486, in full_dispatch_request
    rv = self.handle_user_exception(e)
         ^^^^^^^^^^^^^^^^^^^^^^^^^^^^^
  File "/home/cuartazona/redes/envRedes/lib/python3.11/site-packages/flask/app.py", line 1484, in full_dispatch_request
    rv = self.dispatch_request()
         ^^^^^^^^^^^^^^^^^^^^^^^
  File "/home/cuartazona/redes/envRedes/lib/python3.11/site-packages/flask/app.py", line 1469, in dispatch_request
    return self.ensure_sync(self.view_functions[rule.endpoint])(**view_args)
           ^^^^^^^^^^^^^^^^^^^^^^^^^^^^^^^^^^^^^^^^^^^^^^^^^^^^^^^^^^^^^^^^^
  File "/home/cuartazona/redes/app/auxiliar.py", line 125, in wrap
    return func(*args, **kwargs)
           ^^^^^^^^^^^^^^^^^^^^^
  File "/home/cuartazona/redes/app/auxiliar.py", line 138, in wrap
    return fn(*args, **kwargs)
           ^^^^^^^^^^^^^^^^^^^
  File "/home/cuartazona/redes/app/auditoria.py", line 311, in _actualiza_equipo
    sumario[revision['estado']] = sumario[revision['estado']] + 1
                                  ~~~~~~~^^^^^^^^^^^^^^^^^^^^
KeyError: None
ERROR:app:Exception on /_actualiza_equipo [POST]
Traceback (most recent call last):
  File "/home/cuartazona/redes/envRedes/lib/python3.11/site-packages/flask/app.py", line 2190, in wsgi_app
    response = self.full_dispatch_request()
               ^^^^^^^^^^^^^^^^^^^^^^^^^^^^
  File "/home/cuartazona/redes/envRedes/lib/python3.11/site-packages/flask/app.py", line 1486, in full_dispatch_request
    rv = self.handle_user_exception(e)
         ^^^^^^^^^^^^^^^^^^^^^^^^^^^^^
  File "/home/cuartazona/redes/envRedes/lib/python3.11/site-packages/flask/app.py", line 1484, in full_dispatch_request
    rv = self.dispatch_request()
         ^^^^^^^^^^^^^^^^^^^^^^^
  File "/home/cuartazona/redes/envRedes/lib/python3.11/site-packages/flask/app.py", line 1469, in dispatch_request
    return self.ensure_sync(self.view_functions[rule.endpoint])(**view_args)
           ^^^^^^^^^^^^^^^^^^^^^^^^^^^^^^^^^^^^^^^^^^^^^^^^^^^^^^^^^^^^^^^^^
  File "/home/cuartazona/redes/app/auxiliar.py", line 125, in wrap
    return func(*args, **kwargs)
           ^^^^^^^^^^^^^^^^^^^^^
  File "/home/cuartazona/redes/app/auxiliar.py", line 138, in wrap
    return fn(*args, **kwargs)
           ^^^^^^^^^^^^^^^^^^^
  File "/home/cuartazona/redes/app/auditoria.py", line 311, in _actualiza_equipo
    sumario[revision['estado']] = sumario[revision['estado']] + 1
                                  ~~~~~~~^^^^^^^^^^^^^^^^^^^^
KeyError: None
ERROR:app:Exception on /_actualiza_equipo [POST]
Traceback (most recent call last):
  File "/home/cuartazona/redes/envRedes/lib/python3.11/site-packages/flask/app.py", line 2190, in wsgi_app
    response = self.full_dispatch_request()
               ^^^^^^^^^^^^^^^^^^^^^^^^^^^^
  File "/home/cuartazona/redes/envRedes/lib/python3.11/site-packages/flask/app.py", line 1486, in full_dispatch_request
    rv = self.handle_user_exception(e)
         ^^^^^^^^^^^^^^^^^^^^^^^^^^^^^
  File "/home/cuartazona/redes/envRedes/lib/python3.11/site-packages/flask/app.py", line 1484, in full_dispatch_request
    rv = self.dispatch_request()
         ^^^^^^^^^^^^^^^^^^^^^^^
  File "/home/cuartazona/redes/envRedes/lib/python3.11/site-packages/flask/app.py", line 1469, in dispatch_request
    return self.ensure_sync(self.view_functions[rule.endpoint])(**view_args)
           ^^^^^^^^^^^^^^^^^^^^^^^^^^^^^^^^^^^^^^^^^^^^^^^^^^^^^^^^^^^^^^^^^
  File "/home/cuartazona/redes/app/auxiliar.py", line 125, in wrap
    return func(*args, **kwargs)
           ^^^^^^^^^^^^^^^^^^^^^
  File "/home/cuartazona/redes/app/auxiliar.py", line 138, in wrap
    return fn(*args, **kwargs)
           ^^^^^^^^^^^^^^^^^^^
  File "/home/cuartazona/redes/app/auditoria.py", line 301, in _actualiza_equipo
    id_revision, valor = par.split("=")
    ^^^^^^^^^^^^^^^^^^
ValueError: not enough values to unpack (expected 2, got 1)
ERROR:app:Exception on /equipo-16347 [GET]
Traceback (most recent call last):
  File "/home/cuartazona/redes/envRedes/lib/python3.11/site-packages/flask/app.py", line 2190, in wsgi_app
    response = self.full_dispatch_request()
               ^^^^^^^^^^^^^^^^^^^^^^^^^^^^
  File "/home/cuartazona/redes/envRedes/lib/python3.11/site-packages/flask/app.py", line 1486, in full_dispatch_request
    rv = self.handle_user_exception(e)
         ^^^^^^^^^^^^^^^^^^^^^^^^^^^^^
  File "/home/cuartazona/redes/envRedes/lib/python3.11/site-packages/flask/app.py", line 1484, in full_dispatch_request
    rv = self.dispatch_request()
         ^^^^^^^^^^^^^^^^^^^^^^^
  File "/home/cuartazona/redes/envRedes/lib/python3.11/site-packages/flask/app.py", line 1469, in dispatch_request
    return self.ensure_sync(self.view_functions[rule.endpoint])(**view_args)
           ^^^^^^^^^^^^^^^^^^^^^^^^^^^^^^^^^^^^^^^^^^^^^^^^^^^^^^^^^^^^^^^^^
  File "/home/cuartazona/redes/app/auxiliar.py", line 113, in wrap
    return f(*args, **kwargs)
           ^^^^^^^^^^^^^^^^^^
  File "/home/cuartazona/redes/app/auditoria.py", line 134, in equipo
    WHERE t.id = ?""", (equipo['tratamiento'],))
                        ~~~~~~^^^^^^^^^^^^^^^
TypeError: 'NoneType' object is not subscriptable
ERROR:app:Exception on /_subir_foto_equipo [POST]
Traceback (most recent call last):
  File "/home/cuartazona/redes/envRedes/lib/python3.11/site-packages/flask/app.py", line 2190, in wsgi_app
    response = self.full_dispatch_request()
               ^^^^^^^^^^^^^^^^^^^^^^^^^^^^
  File "/home/cuartazona/redes/envRedes/lib/python3.11/site-packages/flask/app.py", line 1486, in full_dispatch_request
    rv = self.handle_user_exception(e)
         ^^^^^^^^^^^^^^^^^^^^^^^^^^^^^
  File "/home/cuartazona/redes/envRedes/lib/python3.11/site-packages/flask/app.py", line 1484, in full_dispatch_request
    rv = self.dispatch_request()
         ^^^^^^^^^^^^^^^^^^^^^^^
  File "/home/cuartazona/redes/envRedes/lib/python3.11/site-packages/flask/app.py", line 1469, in dispatch_request
    return self.ensure_sync(self.view_functions[rule.endpoint])(**view_args)
           ^^^^^^^^^^^^^^^^^^^^^^^^^^^^^^^^^^^^^^^^^^^^^^^^^^^^^^^^^^^^^^^^^
  File "/home/cuartazona/redes/app/auxiliar.py", line 125, in wrap
    return func(*args, **kwargs)
           ^^^^^^^^^^^^^^^^^^^^^
  File "/home/cuartazona/redes/app/auxiliar.py", line 138, in wrap
    return fn(*args, **kwargs)
           ^^^^^^^^^^^^^^^^^^^
  File "/home/cuartazona/redes/app/auditoria.py", line 382, in _subir_foto_equipo
    tipo = foto_existente['tipo'] + 1
           ~~~~~~~~~~~~~~~~~~~~~~~^~~
TypeError: unsupported operand type(s) for +: 'NoneType' and 'int'
ERROR:app:Exception on /_subir_foto_equipo [POST]
Traceback (most recent call last):
  File "/home/cuartazona/redes/envRedes/lib/python3.11/site-packages/flask/app.py", line 2190, in wsgi_app
    response = self.full_dispatch_request()
               ^^^^^^^^^^^^^^^^^^^^^^^^^^^^
  File "/home/cuartazona/redes/envRedes/lib/python3.11/site-packages/flask/app.py", line 1486, in full_dispatch_request
    rv = self.handle_user_exception(e)
         ^^^^^^^^^^^^^^^^^^^^^^^^^^^^^
  File "/home/cuartazona/redes/envRedes/lib/python3.11/site-packages/flask/app.py", line 1484, in full_dispatch_request
    rv = self.dispatch_request()
         ^^^^^^^^^^^^^^^^^^^^^^^
  File "/home/cuartazona/redes/envRedes/lib/python3.11/site-packages/flask/app.py", line 1469, in dispatch_request
    return self.ensure_sync(self.view_functions[rule.endpoint])(**view_args)
           ^^^^^^^^^^^^^^^^^^^^^^^^^^^^^^^^^^^^^^^^^^^^^^^^^^^^^^^^^^^^^^^^^
  File "/home/cuartazona/redes/app/auxiliar.py", line 125, in wrap
    return func(*args, **kwargs)
           ^^^^^^^^^^^^^^^^^^^^^
  File "/home/cuartazona/redes/app/auxiliar.py", line 138, in wrap
    return fn(*args, **kwargs)
           ^^^^^^^^^^^^^^^^^^^
  File "/home/cuartazona/redes/app/auditoria.py", line 382, in _subir_foto_equipo
    tipo = foto_existente['tipo'] + 1
           ~~~~~~~~~~~~~~~~~~~~~~~^~~
TypeError: unsupported operand type(s) for +: 'NoneType' and 'int'
ERROR:app:Exception on /_subir_foto_equipo [POST]
Traceback (most recent call last):
  File "/home/cuartazona/redes/envRedes/lib/python3.11/site-packages/flask/app.py", line 2190, in wsgi_app
    response = self.full_dispatch_request()
               ^^^^^^^^^^^^^^^^^^^^^^^^^^^^
  File "/home/cuartazona/redes/envRedes/lib/python3.11/site-packages/flask/app.py", line 1486, in full_dispatch_request
    rv = self.handle_user_exception(e)
         ^^^^^^^^^^^^^^^^^^^^^^^^^^^^^
  File "/home/cuartazona/redes/envRedes/lib/python3.11/site-packages/flask/app.py", line 1484, in full_dispatch_request
    rv = self.dispatch_request()
         ^^^^^^^^^^^^^^^^^^^^^^^
  File "/home/cuartazona/redes/envRedes/lib/python3.11/site-packages/flask/app.py", line 1469, in dispatch_request
    return self.ensure_sync(self.view_functions[rule.endpoint])(**view_args)
           ^^^^^^^^^^^^^^^^^^^^^^^^^^^^^^^^^^^^^^^^^^^^^^^^^^^^^^^^^^^^^^^^^
  File "/home/cuartazona/redes/app/auxiliar.py", line 125, in wrap
    return func(*args, **kwargs)
           ^^^^^^^^^^^^^^^^^^^^^
  File "/home/cuartazona/redes/app/auxiliar.py", line 138, in wrap
    return fn(*args, **kwargs)
           ^^^^^^^^^^^^^^^^^^^
  File "/home/cuartazona/redes/app/auditoria.py", line 382, in _subir_foto_equipo
    tipo = foto_existente['tipo'] + 1
           ~~~~~~~~~~~~~~~~~~~~~~~^~~
TypeError: unsupported operand type(s) for +: 'NoneType' and 'int'
ERROR:app:Exception on /_subir_foto_equipo [POST]
Traceback (most recent call last):
  File "/home/cuartazona/redes/envRedes/lib/python3.11/site-packages/flask/app.py", line 2190, in wsgi_app
    response = self.full_dispatch_request()
               ^^^^^^^^^^^^^^^^^^^^^^^^^^^^
  File "/home/cuartazona/redes/envRedes/lib/python3.11/site-packages/flask/app.py", line 1486, in full_dispatch_request
    rv = self.handle_user_exception(e)
         ^^^^^^^^^^^^^^^^^^^^^^^^^^^^^
  File "/home/cuartazona/redes/envRedes/lib/python3.11/site-packages/flask/app.py", line 1484, in full_dispatch_request
    rv = self.dispatch_request()
         ^^^^^^^^^^^^^^^^^^^^^^^
  File "/home/cuartazona/redes/envRedes/lib/python3.11/site-packages/flask/app.py", line 1469, in dispatch_request
    return self.ensure_sync(self.view_functions[rule.endpoint])(**view_args)
           ^^^^^^^^^^^^^^^^^^^^^^^^^^^^^^^^^^^^^^^^^^^^^^^^^^^^^^^^^^^^^^^^^
  File "/home/cuartazona/redes/app/auxiliar.py", line 125, in wrap
    return func(*args, **kwargs)
           ^^^^^^^^^^^^^^^^^^^^^
  File "/home/cuartazona/redes/app/auxiliar.py", line 138, in wrap
    return fn(*args, **kwargs)
           ^^^^^^^^^^^^^^^^^^^
  File "/home/cuartazona/redes/app/auditoria.py", line 382, in _subir_foto_equipo
    tipo = foto_existente['tipo'] + 1
           ~~~~~~~~~~~~~~~~~~~~~~~^~~
TypeError: unsupported operand type(s) for +: 'NoneType' and 'int'
ERROR:app:Exception on /_subir_foto_equipo [POST]
Traceback (most recent call last):
  File "/home/cuartazona/redes/envRedes/lib/python3.11/site-packages/flask/app.py", line 2190, in wsgi_app
    response = self.full_dispatch_request()
               ^^^^^^^^^^^^^^^^^^^^^^^^^^^^
  File "/home/cuartazona/redes/envRedes/lib/python3.11/site-packages/flask/app.py", line 1486, in full_dispatch_request
    rv = self.handle_user_exception(e)
         ^^^^^^^^^^^^^^^^^^^^^^^^^^^^^
  File "/home/cuartazona/redes/envRedes/lib/python3.11/site-packages/flask/app.py", line 1484, in full_dispatch_request
    rv = self.dispatch_request()
         ^^^^^^^^^^^^^^^^^^^^^^^
  File "/home/cuartazona/redes/envRedes/lib/python3.11/site-packages/flask/app.py", line 1469, in dispatch_request
    return self.ensure_sync(self.view_functions[rule.endpoint])(**view_args)
           ^^^^^^^^^^^^^^^^^^^^^^^^^^^^^^^^^^^^^^^^^^^^^^^^^^^^^^^^^^^^^^^^^
  File "/home/cuartazona/redes/app/auxiliar.py", line 125, in wrap
    return func(*args, **kwargs)
           ^^^^^^^^^^^^^^^^^^^^^
  File "/home/cuartazona/redes/app/auxiliar.py", line 138, in wrap
    return fn(*args, **kwargs)
           ^^^^^^^^^^^^^^^^^^^
  File "/home/cuartazona/redes/app/auditoria.py", line 382, in _subir_foto_equipo
    tipo = foto_existente['tipo'] + 1
           ~~~~~~~~~~~~~~~~~~~~~~~^~~
TypeError: unsupported operand type(s) for +: 'NoneType' and 'int'
ERROR:app:Exception on /_actualiza_equipo [POST]
Traceback (most recent call last):
  File "/home/cuartazona/redes/envRedes/lib/python3.11/site-packages/flask/app.py", line 2190, in wsgi_app
    response = self.full_dispatch_request()
               ^^^^^^^^^^^^^^^^^^^^^^^^^^^^
  File "/home/cuartazona/redes/envRedes/lib/python3.11/site-packages/flask/app.py", line 1486, in full_dispatch_request
    rv = self.handle_user_exception(e)
         ^^^^^^^^^^^^^^^^^^^^^^^^^^^^^
  File "/home/cuartazona/redes/envRedes/lib/python3.11/site-packages/flask/app.py", line 1484, in full_dispatch_request
    rv = self.dispatch_request()
         ^^^^^^^^^^^^^^^^^^^^^^^
  File "/home/cuartazona/redes/envRedes/lib/python3.11/site-packages/flask/app.py", line 1469, in dispatch_request
    return self.ensure_sync(self.view_functions[rule.endpoint])(**view_args)
           ^^^^^^^^^^^^^^^^^^^^^^^^^^^^^^^^^^^^^^^^^^^^^^^^^^^^^^^^^^^^^^^^^
  File "/home/cuartazona/redes/app/auxiliar.py", line 125, in wrap
    return func(*args, **kwargs)
           ^^^^^^^^^^^^^^^^^^^^^
  File "/home/cuartazona/redes/app/auxiliar.py", line 138, in wrap
    return fn(*args, **kwargs)
           ^^^^^^^^^^^^^^^^^^^
  File "/home/cuartazona/redes/app/auditoria.py", line 312, in _actualiza_equipo
    sumario[revision['estado']] = sumario[revision['estado']] + 1
                                  ~~~~~~~^^^^^^^^^^^^^^^^^^^^
KeyError: None
ERROR:app:Exception on /_actualiza_equipo [POST]
Traceback (most recent call last):
  File "/home/cuartazona/redes/envRedes/lib/python3.11/site-packages/flask/app.py", line 2190, in wsgi_app
    response = self.full_dispatch_request()
               ^^^^^^^^^^^^^^^^^^^^^^^^^^^^
  File "/home/cuartazona/redes/envRedes/lib/python3.11/site-packages/flask/app.py", line 1486, in full_dispatch_request
    rv = self.handle_user_exception(e)
         ^^^^^^^^^^^^^^^^^^^^^^^^^^^^^
  File "/home/cuartazona/redes/envRedes/lib/python3.11/site-packages/flask/app.py", line 1484, in full_dispatch_request
    rv = self.dispatch_request()
         ^^^^^^^^^^^^^^^^^^^^^^^
  File "/home/cuartazona/redes/envRedes/lib/python3.11/site-packages/flask/app.py", line 1469, in dispatch_request
    return self.ensure_sync(self.view_functions[rule.endpoint])(**view_args)
           ^^^^^^^^^^^^^^^^^^^^^^^^^^^^^^^^^^^^^^^^^^^^^^^^^^^^^^^^^^^^^^^^^
  File "/home/cuartazona/redes/app/auxiliar.py", line 125, in wrap
    return func(*args, **kwargs)
           ^^^^^^^^^^^^^^^^^^^^^
  File "/home/cuartazona/redes/app/auxiliar.py", line 138, in wrap
    return fn(*args, **kwargs)
           ^^^^^^^^^^^^^^^^^^^
  File "/home/cuartazona/redes/app/auditoria.py", line 312, in _actualiza_equipo
    sumario[revision['estado']] = sumario[revision['estado']] + 1
                                  ~~~~~~~^^^^^^^^^^^^^^^^^^^^
KeyError: None
ERROR:app:Exception on /_actualiza_equipo [POST]
Traceback (most recent call last):
  File "/home/cuartazona/redes/envRedes/lib/python3.11/site-packages/flask/app.py", line 2190, in wsgi_app
    response = self.full_dispatch_request()
               ^^^^^^^^^^^^^^^^^^^^^^^^^^^^
  File "/home/cuartazona/redes/envRedes/lib/python3.11/site-packages/flask/app.py", line 1486, in full_dispatch_request
    rv = self.handle_user_exception(e)
         ^^^^^^^^^^^^^^^^^^^^^^^^^^^^^
  File "/home/cuartazona/redes/envRedes/lib/python3.11/site-packages/flask/app.py", line 1484, in full_dispatch_request
    rv = self.dispatch_request()
         ^^^^^^^^^^^^^^^^^^^^^^^
  File "/home/cuartazona/redes/envRedes/lib/python3.11/site-packages/flask/app.py", line 1469, in dispatch_request
    return self.ensure_sync(self.view_functions[rule.endpoint])(**view_args)
           ^^^^^^^^^^^^^^^^^^^^^^^^^^^^^^^^^^^^^^^^^^^^^^^^^^^^^^^^^^^^^^^^^
  File "/home/cuartazona/redes/app/auxiliar.py", line 125, in wrap
    return func(*args, **kwargs)
           ^^^^^^^^^^^^^^^^^^^^^
  File "/home/cuartazona/redes/app/auxiliar.py", line 138, in wrap
    return fn(*args, **kwargs)
           ^^^^^^^^^^^^^^^^^^^
  File "/home/cuartazona/redes/app/auditoria.py", line 312, in _actualiza_equipo
    sumario[revision['estado']] = sumario[revision['estado']] + 1
                                  ~~~~~~~^^^^^^^^^^^^^^^^^^^^
KeyError: None
ERROR:app:Exception on /_actualiza_equipo [POST]
Traceback (most recent call last):
  File "/home/cuartazona/redes/envRedes/lib/python3.11/site-packages/flask/app.py", line 2190, in wsgi_app
    response = self.full_dispatch_request()
               ^^^^^^^^^^^^^^^^^^^^^^^^^^^^
  File "/home/cuartazona/redes/envRedes/lib/python3.11/site-packages/flask/app.py", line 1486, in full_dispatch_request
    rv = self.handle_user_exception(e)
         ^^^^^^^^^^^^^^^^^^^^^^^^^^^^^
  File "/home/cuartazona/redes/envRedes/lib/python3.11/site-packages/flask/app.py", line 1484, in full_dispatch_request
    rv = self.dispatch_request()
         ^^^^^^^^^^^^^^^^^^^^^^^
  File "/home/cuartazona/redes/envRedes/lib/python3.11/site-packages/flask/app.py", line 1469, in dispatch_request
    return self.ensure_sync(self.view_functions[rule.endpoint])(**view_args)
           ^^^^^^^^^^^^^^^^^^^^^^^^^^^^^^^^^^^^^^^^^^^^^^^^^^^^^^^^^^^^^^^^^
  File "/home/cuartazona/redes/app/auxiliar.py", line 125, in wrap
    return func(*args, **kwargs)
           ^^^^^^^^^^^^^^^^^^^^^
  File "/home/cuartazona/redes/app/auxiliar.py", line 138, in wrap
    return fn(*args, **kwargs)
           ^^^^^^^^^^^^^^^^^^^
  File "/home/cuartazona/redes/app/auditoria.py", line 312, in _actualiza_equipo
    sumario[revision['estado']] = sumario[revision['estado']] + 1
                                  ~~~~~~~^^^^^^^^^^^^^^^^^^^^
KeyError: None
ERROR:app:Exception on /equipo-1680 [GET]
Traceback (most recent call last):
  File "/home/cuartazona/redes/envRedes/lib/python3.11/site-packages/flask/app.py", line 2190, in wsgi_app
    response = self.full_dispatch_request()
               ^^^^^^^^^^^^^^^^^^^^^^^^^^^^
  File "/home/cuartazona/redes/envRedes/lib/python3.11/site-packages/flask/app.py", line 1486, in full_dispatch_request
    rv = self.handle_user_exception(e)
         ^^^^^^^^^^^^^^^^^^^^^^^^^^^^^
  File "/home/cuartazona/redes/envRedes/lib/python3.11/site-packages/flask/app.py", line 1484, in full_dispatch_request
    rv = self.dispatch_request()
         ^^^^^^^^^^^^^^^^^^^^^^^
  File "/home/cuartazona/redes/envRedes/lib/python3.11/site-packages/flask/app.py", line 1469, in dispatch_request
    return self.ensure_sync(self.view_functions[rule.endpoint])(**view_args)
           ^^^^^^^^^^^^^^^^^^^^^^^^^^^^^^^^^^^^^^^^^^^^^^^^^^^^^^^^^^^^^^^^^
  File "/home/cuartazona/redes/app/auxiliar.py", line 113, in wrap
    return f(*args, **kwargs)
           ^^^^^^^^^^^^^^^^^^
  File "/home/cuartazona/redes/app/auditoria.py", line 134, in equipo
    WHERE t.id = ?""", (equipo['tratamiento'],))
                        ~~~~~~^^^^^^^^^^^^^^^
TypeError: 'NoneType' object is not subscriptable
ERROR:app:Exception on /equipo-1679 [GET]
Traceback (most recent call last):
  File "/home/cuartazona/redes/envRedes/lib/python3.11/site-packages/flask/app.py", line 2190, in wsgi_app
    response = self.full_dispatch_request()
               ^^^^^^^^^^^^^^^^^^^^^^^^^^^^
  File "/home/cuartazona/redes/envRedes/lib/python3.11/site-packages/flask/app.py", line 1486, in full_dispatch_request
    rv = self.handle_user_exception(e)
         ^^^^^^^^^^^^^^^^^^^^^^^^^^^^^
  File "/home/cuartazona/redes/envRedes/lib/python3.11/site-packages/flask/app.py", line 1484, in full_dispatch_request
    rv = self.dispatch_request()
         ^^^^^^^^^^^^^^^^^^^^^^^
  File "/home/cuartazona/redes/envRedes/lib/python3.11/site-packages/flask/app.py", line 1469, in dispatch_request
    return self.ensure_sync(self.view_functions[rule.endpoint])(**view_args)
           ^^^^^^^^^^^^^^^^^^^^^^^^^^^^^^^^^^^^^^^^^^^^^^^^^^^^^^^^^^^^^^^^^
  File "/home/cuartazona/redes/app/auxiliar.py", line 113, in wrap
    return f(*args, **kwargs)
           ^^^^^^^^^^^^^^^^^^
  File "/home/cuartazona/redes/app/auditoria.py", line 134, in equipo
    WHERE t.id = ?""", (equipo['tratamiento'],))
                        ~~~~~~^^^^^^^^^^^^^^^
TypeError: 'NoneType' object is not subscriptable
ERROR:app:Exception on /_actualiza_equipo [POST]
Traceback (most recent call last):
  File "/home/cuartazona/redes/envRedes/lib/python3.11/site-packages/flask/app.py", line 2190, in wsgi_app
    response = self.full_dispatch_request()
               ^^^^^^^^^^^^^^^^^^^^^^^^^^^^
  File "/home/cuartazona/redes/envRedes/lib/python3.11/site-packages/flask/app.py", line 1486, in full_dispatch_request
    rv = self.handle_user_exception(e)
         ^^^^^^^^^^^^^^^^^^^^^^^^^^^^^
  File "/home/cuartazona/redes/envRedes/lib/python3.11/site-packages/flask/app.py", line 1484, in full_dispatch_request
    rv = self.dispatch_request()
         ^^^^^^^^^^^^^^^^^^^^^^^
  File "/home/cuartazona/redes/envRedes/lib/python3.11/site-packages/flask/app.py", line 1469, in dispatch_request
    return self.ensure_sync(self.view_functions[rule.endpoint])(**view_args)
           ^^^^^^^^^^^^^^^^^^^^^^^^^^^^^^^^^^^^^^^^^^^^^^^^^^^^^^^^^^^^^^^^^
  File "/home/cuartazona/redes/app/auxiliar.py", line 125, in wrap
    return func(*args, **kwargs)
           ^^^^^^^^^^^^^^^^^^^^^
  File "/home/cuartazona/redes/app/auxiliar.py", line 138, in wrap
    return fn(*args, **kwargs)
           ^^^^^^^^^^^^^^^^^^^
  File "/home/cuartazona/redes/app/auditoria.py", line 312, in _actualiza_equipo
    sumario[revision['estado']] = sumario[revision['estado']] + 1
                                  ~~~~~~~^^^^^^^^^^^^^^^^^^^^
KeyError: None
ERROR:app:Exception on /_subir_foto_equipo [POST]
Traceback (most recent call last):
  File "/home/cuartazona/redes/envRedes/lib/python3.11/site-packages/flask/app.py", line 2190, in wsgi_app
    response = self.full_dispatch_request()
               ^^^^^^^^^^^^^^^^^^^^^^^^^^^^
  File "/home/cuartazona/redes/envRedes/lib/python3.11/site-packages/flask/app.py", line 1486, in full_dispatch_request
    rv = self.handle_user_exception(e)
         ^^^^^^^^^^^^^^^^^^^^^^^^^^^^^
  File "/home/cuartazona/redes/envRedes/lib/python3.11/site-packages/flask/app.py", line 1484, in full_dispatch_request
    rv = self.dispatch_request()
         ^^^^^^^^^^^^^^^^^^^^^^^
  File "/home/cuartazona/redes/envRedes/lib/python3.11/site-packages/flask/app.py", line 1469, in dispatch_request
    return self.ensure_sync(self.view_functions[rule.endpoint])(**view_args)
           ^^^^^^^^^^^^^^^^^^^^^^^^^^^^^^^^^^^^^^^^^^^^^^^^^^^^^^^^^^^^^^^^^
  File "/home/cuartazona/redes/app/auxiliar.py", line 125, in wrap
    return func(*args, **kwargs)
           ^^^^^^^^^^^^^^^^^^^^^
  File "/home/cuartazona/redes/app/auxiliar.py", line 138, in wrap
    return fn(*args, **kwargs)
           ^^^^^^^^^^^^^^^^^^^
  File "/home/cuartazona/redes/app/auditoria.py", line 382, in _subir_foto_equipo
    tipo = foto_existente['tipo'] + 1
           ~~~~~~~~~~~~~~~~~~~~~~~^~~
TypeError: unsupported operand type(s) for +: 'NoneType' and 'int'
ERROR:app:Exception on /_actualiza_equipo [POST]
Traceback (most recent call last):
  File "/home/cuartazona/redes/envRedes/lib/python3.11/site-packages/flask/app.py", line 2190, in wsgi_app
    response = self.full_dispatch_request()
               ^^^^^^^^^^^^^^^^^^^^^^^^^^^^
  File "/home/cuartazona/redes/envRedes/lib/python3.11/site-packages/flask/app.py", line 1486, in full_dispatch_request
    rv = self.handle_user_exception(e)
         ^^^^^^^^^^^^^^^^^^^^^^^^^^^^^
  File "/home/cuartazona/redes/envRedes/lib/python3.11/site-packages/flask/app.py", line 1484, in full_dispatch_request
    rv = self.dispatch_request()
         ^^^^^^^^^^^^^^^^^^^^^^^
  File "/home/cuartazona/redes/envRedes/lib/python3.11/site-packages/flask/app.py", line 1469, in dispatch_request
    return self.ensure_sync(self.view_functions[rule.endpoint])(**view_args)
           ^^^^^^^^^^^^^^^^^^^^^^^^^^^^^^^^^^^^^^^^^^^^^^^^^^^^^^^^^^^^^^^^^
  File "/home/cuartazona/redes/app/auxiliar.py", line 125, in wrap
    return func(*args, **kwargs)
           ^^^^^^^^^^^^^^^^^^^^^
  File "/home/cuartazona/redes/app/auxiliar.py", line 138, in wrap
    return fn(*args, **kwargs)
           ^^^^^^^^^^^^^^^^^^^
  File "/home/cuartazona/redes/app/auditoria.py", line 312, in _actualiza_equipo
    sumario[revision['estado']] = sumario[revision['estado']] + 1
                                  ~~~~~~~^^^^^^^^^^^^^^^^^^^^
KeyError: None
ERROR:app:Exception on /_subir_foto_equipo [POST]
Traceback (most recent call last):
  File "/home/cuartazona/redes/envRedes/lib/python3.11/site-packages/flask/app.py", line 2190, in wsgi_app
    response = self.full_dispatch_request()
               ^^^^^^^^^^^^^^^^^^^^^^^^^^^^
  File "/home/cuartazona/redes/envRedes/lib/python3.11/site-packages/flask/app.py", line 1486, in full_dispatch_request
    rv = self.handle_user_exception(e)
         ^^^^^^^^^^^^^^^^^^^^^^^^^^^^^
  File "/home/cuartazona/redes/envRedes/lib/python3.11/site-packages/flask/app.py", line 1484, in full_dispatch_request
    rv = self.dispatch_request()
         ^^^^^^^^^^^^^^^^^^^^^^^
  File "/home/cuartazona/redes/envRedes/lib/python3.11/site-packages/flask/app.py", line 1469, in dispatch_request
    return self.ensure_sync(self.view_functions[rule.endpoint])(**view_args)
           ^^^^^^^^^^^^^^^^^^^^^^^^^^^^^^^^^^^^^^^^^^^^^^^^^^^^^^^^^^^^^^^^^
  File "/home/cuartazona/redes/app/auxiliar.py", line 125, in wrap
    return func(*args, **kwargs)
           ^^^^^^^^^^^^^^^^^^^^^
  File "/home/cuartazona/redes/app/auxiliar.py", line 138, in wrap
    return fn(*args, **kwargs)
           ^^^^^^^^^^^^^^^^^^^
  File "/home/cuartazona/redes/app/auditoria.py", line 382, in _subir_foto_equipo
    tipo = foto_existente['tipo'] + 1
           ~~~~~~~~~~~~~~~~~~~~~~~^~~
TypeError: unsupported operand type(s) for +: 'NoneType' and 'int'
ERROR:app:Exception on /_actualiza_equipo [POST]
Traceback (most recent call last):
  File "/home/cuartazona/redes/envRedes/lib/python3.11/site-packages/flask/app.py", line 2190, in wsgi_app
    response = self.full_dispatch_request()
               ^^^^^^^^^^^^^^^^^^^^^^^^^^^^
  File "/home/cuartazona/redes/envRedes/lib/python3.11/site-packages/flask/app.py", line 1486, in full_dispatch_request
    rv = self.handle_user_exception(e)
         ^^^^^^^^^^^^^^^^^^^^^^^^^^^^^
  File "/home/cuartazona/redes/envRedes/lib/python3.11/site-packages/flask/app.py", line 1484, in full_dispatch_request
    rv = self.dispatch_request()
         ^^^^^^^^^^^^^^^^^^^^^^^
  File "/home/cuartazona/redes/envRedes/lib/python3.11/site-packages/flask/app.py", line 1469, in dispatch_request
    return self.ensure_sync(self.view_functions[rule.endpoint])(**view_args)
           ^^^^^^^^^^^^^^^^^^^^^^^^^^^^^^^^^^^^^^^^^^^^^^^^^^^^^^^^^^^^^^^^^
  File "/home/cuartazona/redes/app/auxiliar.py", line 125, in wrap
    return func(*args, **kwargs)
           ^^^^^^^^^^^^^^^^^^^^^
  File "/home/cuartazona/redes/app/auxiliar.py", line 138, in wrap
    return fn(*args, **kwargs)
           ^^^^^^^^^^^^^^^^^^^
  File "/home/cuartazona/redes/app/auditoria.py", line 314, in _actualiza_equipo
    sumario = (sumario[1] + sumario[2] + sumario[3]) / len(revisiones_equipo)
              ~~~~~~~~~~~~~~~~~~~~~~~~~~~~~~~~~~~~~^~~~~~~~~~~~~~~~~~~~~~~~~~
ZeroDivisionError: division by zero
ERROR:app:Exception on /_actualiza_equipo [POST]
Traceback (most recent call last):
  File "/home/cuartazona/redes/envRedes/lib/python3.11/site-packages/flask/app.py", line 2190, in wsgi_app
    response = self.full_dispatch_request()
               ^^^^^^^^^^^^^^^^^^^^^^^^^^^^
  File "/home/cuartazona/redes/envRedes/lib/python3.11/site-packages/flask/app.py", line 1486, in full_dispatch_request
    rv = self.handle_user_exception(e)
         ^^^^^^^^^^^^^^^^^^^^^^^^^^^^^
  File "/home/cuartazona/redes/envRedes/lib/python3.11/site-packages/flask/app.py", line 1484, in full_dispatch_request
    rv = self.dispatch_request()
         ^^^^^^^^^^^^^^^^^^^^^^^
  File "/home/cuartazona/redes/envRedes/lib/python3.11/site-packages/flask/app.py", line 1469, in dispatch_request
    return self.ensure_sync(self.view_functions[rule.endpoint])(**view_args)
           ^^^^^^^^^^^^^^^^^^^^^^^^^^^^^^^^^^^^^^^^^^^^^^^^^^^^^^^^^^^^^^^^^
  File "/home/cuartazona/redes/app/auxiliar.py", line 125, in wrap
    return func(*args, **kwargs)
           ^^^^^^^^^^^^^^^^^^^^^
  File "/home/cuartazona/redes/app/auxiliar.py", line 138, in wrap
    return fn(*args, **kwargs)
           ^^^^^^^^^^^^^^^^^^^
  File "/home/cuartazona/redes/app/auditoria.py", line 314, in _actualiza_equipo
    sumario = (sumario[1] + sumario[2] + sumario[3]) / len(revisiones_equipo)
              ~~~~~~~~~~~~~~~~~~~~~~~~~~~~~~~~~~~~~^~~~~~~~~~~~~~~~~~~~~~~~~~
ZeroDivisionError: division by zero
ERROR:app:Exception on /_actualiza_equipo [POST]
Traceback (most recent call last):
  File "/home/cuartazona/redes/envRedes/lib/python3.11/site-packages/flask/app.py", line 2190, in wsgi_app
    response = self.full_dispatch_request()
               ^^^^^^^^^^^^^^^^^^^^^^^^^^^^
  File "/home/cuartazona/redes/envRedes/lib/python3.11/site-packages/flask/app.py", line 1486, in full_dispatch_request
    rv = self.handle_user_exception(e)
         ^^^^^^^^^^^^^^^^^^^^^^^^^^^^^
  File "/home/cuartazona/redes/envRedes/lib/python3.11/site-packages/flask/app.py", line 1484, in full_dispatch_request
    rv = self.dispatch_request()
         ^^^^^^^^^^^^^^^^^^^^^^^
  File "/home/cuartazona/redes/envRedes/lib/python3.11/site-packages/flask/app.py", line 1469, in dispatch_request
    return self.ensure_sync(self.view_functions[rule.endpoint])(**view_args)
           ^^^^^^^^^^^^^^^^^^^^^^^^^^^^^^^^^^^^^^^^^^^^^^^^^^^^^^^^^^^^^^^^^
  File "/home/cuartazona/redes/app/auxiliar.py", line 125, in wrap
    return func(*args, **kwargs)
           ^^^^^^^^^^^^^^^^^^^^^
  File "/home/cuartazona/redes/app/auxiliar.py", line 138, in wrap
    return fn(*args, **kwargs)
           ^^^^^^^^^^^^^^^^^^^
  File "/home/cuartazona/redes/app/auditoria.py", line 314, in _actualiza_equipo
    sumario = (sumario[1] + sumario[2] + sumario[3]) / len(revisiones_equipo)
              ~~~~~~~~~~~~~~~~~~~~~~~~~~~~~~~~~~~~~^~~~~~~~~~~~~~~~~~~~~~~~~~
ZeroDivisionError: division by zero
ERROR:app:Exception on /equipo-163122 [GET]
Traceback (most recent call last):
  File "/home/cuartazona/redes/envRedes/lib/python3.11/site-packages/flask/app.py", line 2190, in wsgi_app
    response = self.full_dispatch_request()
               ^^^^^^^^^^^^^^^^^^^^^^^^^^^^
  File "/home/cuartazona/redes/envRedes/lib/python3.11/site-packages/flask/app.py", line 1486, in full_dispatch_request
    rv = self.handle_user_exception(e)
         ^^^^^^^^^^^^^^^^^^^^^^^^^^^^^
  File "/home/cuartazona/redes/envRedes/lib/python3.11/site-packages/flask/app.py", line 1484, in full_dispatch_request
    rv = self.dispatch_request()
         ^^^^^^^^^^^^^^^^^^^^^^^
  File "/home/cuartazona/redes/envRedes/lib/python3.11/site-packages/flask/app.py", line 1469, in dispatch_request
    return self.ensure_sync(self.view_functions[rule.endpoint])(**view_args)
           ^^^^^^^^^^^^^^^^^^^^^^^^^^^^^^^^^^^^^^^^^^^^^^^^^^^^^^^^^^^^^^^^^
  File "/home/cuartazona/redes/app/auxiliar.py", line 113, in wrap
    return f(*args, **kwargs)
           ^^^^^^^^^^^^^^^^^^
  File "/home/cuartazona/redes/app/auditoria.py", line 134, in equipo
    WHERE t.id = ?""", (equipo['tratamiento'],))
                        ~~~~~~^^^^^^^^^^^^^^^
TypeError: 'NoneType' object is not subscriptable
ERROR:app:Exception on /equipo-163122 [GET]
Traceback (most recent call last):
  File "/home/cuartazona/redes/envRedes/lib/python3.11/site-packages/flask/app.py", line 2190, in wsgi_app
    response = self.full_dispatch_request()
               ^^^^^^^^^^^^^^^^^^^^^^^^^^^^
  File "/home/cuartazona/redes/envRedes/lib/python3.11/site-packages/flask/app.py", line 1486, in full_dispatch_request
    rv = self.handle_user_exception(e)
         ^^^^^^^^^^^^^^^^^^^^^^^^^^^^^
  File "/home/cuartazona/redes/envRedes/lib/python3.11/site-packages/flask/app.py", line 1484, in full_dispatch_request
    rv = self.dispatch_request()
         ^^^^^^^^^^^^^^^^^^^^^^^
  File "/home/cuartazona/redes/envRedes/lib/python3.11/site-packages/flask/app.py", line 1469, in dispatch_request
    return self.ensure_sync(self.view_functions[rule.endpoint])(**view_args)
           ^^^^^^^^^^^^^^^^^^^^^^^^^^^^^^^^^^^^^^^^^^^^^^^^^^^^^^^^^^^^^^^^^
  File "/home/cuartazona/redes/app/auxiliar.py", line 113, in wrap
    return f(*args, **kwargs)
           ^^^^^^^^^^^^^^^^^^
  File "/home/cuartazona/redes/app/auditoria.py", line 134, in equipo
    WHERE t.id = ?""", (equipo['tratamiento'],))
                        ~~~~~~^^^^^^^^^^^^^^^
TypeError: 'NoneType' object is not subscriptable
ERROR:app:Exception on /equipo-163122 [GET]
Traceback (most recent call last):
  File "/home/cuartazona/redes/envRedes/lib/python3.11/site-packages/flask/app.py", line 2190, in wsgi_app
    response = self.full_dispatch_request()
               ^^^^^^^^^^^^^^^^^^^^^^^^^^^^
  File "/home/cuartazona/redes/envRedes/lib/python3.11/site-packages/flask/app.py", line 1486, in full_dispatch_request
    rv = self.handle_user_exception(e)
         ^^^^^^^^^^^^^^^^^^^^^^^^^^^^^
  File "/home/cuartazona/redes/envRedes/lib/python3.11/site-packages/flask/app.py", line 1484, in full_dispatch_request
    rv = self.dispatch_request()
         ^^^^^^^^^^^^^^^^^^^^^^^
  File "/home/cuartazona/redes/envRedes/lib/python3.11/site-packages/flask/app.py", line 1469, in dispatch_request
    return self.ensure_sync(self.view_functions[rule.endpoint])(**view_args)
           ^^^^^^^^^^^^^^^^^^^^^^^^^^^^^^^^^^^^^^^^^^^^^^^^^^^^^^^^^^^^^^^^^
  File "/home/cuartazona/redes/app/auxiliar.py", line 113, in wrap
    return f(*args, **kwargs)
           ^^^^^^^^^^^^^^^^^^
  File "/home/cuartazona/redes/app/auditoria.py", line 134, in equipo
    WHERE t.id = ?""", (equipo['tratamiento'],))
                        ~~~~~~^^^^^^^^^^^^^^^
TypeError: 'NoneType' object is not subscriptable
ERROR:app:Exception on /equipo-9421 [GET]
Traceback (most recent call last):
  File "/home/cuartazona/redes/envRedes/lib/python3.11/site-packages/flask/app.py", line 2190, in wsgi_app
    response = self.full_dispatch_request()
               ^^^^^^^^^^^^^^^^^^^^^^^^^^^^
  File "/home/cuartazona/redes/envRedes/lib/python3.11/site-packages/flask/app.py", line 1486, in full_dispatch_request
    rv = self.handle_user_exception(e)
         ^^^^^^^^^^^^^^^^^^^^^^^^^^^^^
  File "/home/cuartazona/redes/envRedes/lib/python3.11/site-packages/flask/app.py", line 1484, in full_dispatch_request
    rv = self.dispatch_request()
         ^^^^^^^^^^^^^^^^^^^^^^^
  File "/home/cuartazona/redes/envRedes/lib/python3.11/site-packages/flask/app.py", line 1469, in dispatch_request
    return self.ensure_sync(self.view_functions[rule.endpoint])(**view_args)
           ^^^^^^^^^^^^^^^^^^^^^^^^^^^^^^^^^^^^^^^^^^^^^^^^^^^^^^^^^^^^^^^^^
  File "/home/cuartazona/redes/app/auxiliar.py", line 113, in wrap
    return f(*args, **kwargs)
           ^^^^^^^^^^^^^^^^^^
  File "/home/cuartazona/redes/app/auditoria.py", line 134, in equipo
    WHERE t.id = ?""", (equipo['tratamiento'],))
                        ~~~~~~^^^^^^^^^^^^^^^
TypeError: 'NoneType' object is not subscriptable
ERROR:app:Exception on /equipo-1678 [GET]
Traceback (most recent call last):
  File "/home/cuartazona/redes/envRedes/lib/python3.11/site-packages/flask/app.py", line 2190, in wsgi_app
    response = self.full_dispatch_request()
               ^^^^^^^^^^^^^^^^^^^^^^^^^^^^
  File "/home/cuartazona/redes/envRedes/lib/python3.11/site-packages/flask/app.py", line 1486, in full_dispatch_request
    rv = self.handle_user_exception(e)
         ^^^^^^^^^^^^^^^^^^^^^^^^^^^^^
  File "/home/cuartazona/redes/envRedes/lib/python3.11/site-packages/flask/app.py", line 1484, in full_dispatch_request
    rv = self.dispatch_request()
         ^^^^^^^^^^^^^^^^^^^^^^^
  File "/home/cuartazona/redes/envRedes/lib/python3.11/site-packages/flask/app.py", line 1469, in dispatch_request
    return self.ensure_sync(self.view_functions[rule.endpoint])(**view_args)
           ^^^^^^^^^^^^^^^^^^^^^^^^^^^^^^^^^^^^^^^^^^^^^^^^^^^^^^^^^^^^^^^^^
  File "/home/cuartazona/redes/app/auxiliar.py", line 113, in wrap
    return f(*args, **kwargs)
           ^^^^^^^^^^^^^^^^^^
  File "/home/cuartazona/redes/app/auditoria.py", line 134, in equipo
    WHERE t.id = ?""", (equipo['tratamiento'],))
                        ~~~~~~^^^^^^^^^^^^^^^
TypeError: 'NoneType' object is not subscriptable
ERROR:app:Exception on /equipo-1678 [GET]
Traceback (most recent call last):
  File "/home/cuartazona/redes/envRedes/lib/python3.11/site-packages/flask/app.py", line 2190, in wsgi_app
    response = self.full_dispatch_request()
               ^^^^^^^^^^^^^^^^^^^^^^^^^^^^
  File "/home/cuartazona/redes/envRedes/lib/python3.11/site-packages/flask/app.py", line 1486, in full_dispatch_request
    rv = self.handle_user_exception(e)
         ^^^^^^^^^^^^^^^^^^^^^^^^^^^^^
  File "/home/cuartazona/redes/envRedes/lib/python3.11/site-packages/flask/app.py", line 1484, in full_dispatch_request
    rv = self.dispatch_request()
         ^^^^^^^^^^^^^^^^^^^^^^^
  File "/home/cuartazona/redes/envRedes/lib/python3.11/site-packages/flask/app.py", line 1469, in dispatch_request
    return self.ensure_sync(self.view_functions[rule.endpoint])(**view_args)
           ^^^^^^^^^^^^^^^^^^^^^^^^^^^^^^^^^^^^^^^^^^^^^^^^^^^^^^^^^^^^^^^^^
  File "/home/cuartazona/redes/app/auxiliar.py", line 113, in wrap
    return f(*args, **kwargs)
           ^^^^^^^^^^^^^^^^^^
  File "/home/cuartazona/redes/app/auditoria.py", line 134, in equipo
    WHERE t.id = ?""", (equipo['tratamiento'],))
                        ~~~~~~^^^^^^^^^^^^^^^
TypeError: 'NoneType' object is not subscriptable
ERROR:app:Exception on /equipo-7511 [GET]
Traceback (most recent call last):
  File "/home/cuartazona/redes/envRedes/lib/python3.11/site-packages/flask/app.py", line 2190, in wsgi_app
    response = self.full_dispatch_request()
               ^^^^^^^^^^^^^^^^^^^^^^^^^^^^
  File "/home/cuartazona/redes/envRedes/lib/python3.11/site-packages/flask/app.py", line 1486, in full_dispatch_request
    rv = self.handle_user_exception(e)
         ^^^^^^^^^^^^^^^^^^^^^^^^^^^^^
  File "/home/cuartazona/redes/envRedes/lib/python3.11/site-packages/flask/app.py", line 1484, in full_dispatch_request
    rv = self.dispatch_request()
         ^^^^^^^^^^^^^^^^^^^^^^^
  File "/home/cuartazona/redes/envRedes/lib/python3.11/site-packages/flask/app.py", line 1469, in dispatch_request
    return self.ensure_sync(self.view_functions[rule.endpoint])(**view_args)
           ^^^^^^^^^^^^^^^^^^^^^^^^^^^^^^^^^^^^^^^^^^^^^^^^^^^^^^^^^^^^^^^^^
  File "/home/cuartazona/redes/app/auxiliar.py", line 113, in wrap
    return f(*args, **kwargs)
           ^^^^^^^^^^^^^^^^^^
  File "/home/cuartazona/redes/app/auditoria.py", line 134, in equipo
    WHERE t.id = ?""", (equipo['tratamiento'],))
                        ~~~~~~^^^^^^^^^^^^^^^
TypeError: 'NoneType' object is not subscriptable
ERROR:app:Exception on /_filtra_censo-1 [GET]
Traceback (most recent call last):
  File "/home/cuartazona/redes/envRedes/lib/python3.11/site-packages/flask/app.py", line 2190, in wsgi_app
    response = self.full_dispatch_request()
               ^^^^^^^^^^^^^^^^^^^^^^^^^^^^
  File "/home/cuartazona/redes/envRedes/lib/python3.11/site-packages/flask/app.py", line 1486, in full_dispatch_request
    rv = self.handle_user_exception(e)
         ^^^^^^^^^^^^^^^^^^^^^^^^^^^^^
  File "/home/cuartazona/redes/envRedes/lib/python3.11/site-packages/flask/app.py", line 1484, in full_dispatch_request
    rv = self.dispatch_request()
         ^^^^^^^^^^^^^^^^^^^^^^^
  File "/home/cuartazona/redes/envRedes/lib/python3.11/site-packages/flask/app.py", line 1469, in dispatch_request
    return self.ensure_sync(self.view_functions[rule.endpoint])(**view_args)
           ^^^^^^^^^^^^^^^^^^^^^^^^^^^^^^^^^^^^^^^^^^^^^^^^^^^^^^^^^^^^^^^^^
  File "/home/cuartazona/redes/app/auxiliar.py", line 125, in wrap
    return func(*args, **kwargs)
           ^^^^^^^^^^^^^^^^^^^^^
  File "/home/cuartazona/redes/app/censo.py", line 1276, in _filtra_censo
    genera_CSV(industrias_encontradas, sistema)
  File "/home/cuartazona/redes/app/censo.py", line 1283, in genera_CSV
    f = open(Configuracion.ruta_app + "static_p/CSV/" +  session['username'] + ".csv", "w")
        ^^^^^^^^^^^^^^^^^^^^^^^^^^^^^^^^^^^^^^^^^^^^^^^^^^^^^^^^^^^^^^^^^^^^^^^^^^^^^^^^^^^
FileNotFoundError: [Errno 2] No such file or directory: 'app/static_p/CSV/AQP.csv'
ERROR:app:Exception on /ficha_industria-1638 [GET]
Traceback (most recent call last):
  File "/home/cuartazona/redes/envRedes/lib/python3.11/site-packages/flask/app.py", line 2190, in wsgi_app
    response = self.full_dispatch_request()
               ^^^^^^^^^^^^^^^^^^^^^^^^^^^^
  File "/home/cuartazona/redes/envRedes/lib/python3.11/site-packages/flask/app.py", line 1486, in full_dispatch_request
    rv = self.handle_user_exception(e)
         ^^^^^^^^^^^^^^^^^^^^^^^^^^^^^
  File "/home/cuartazona/redes/envRedes/lib/python3.11/site-packages/flask/app.py", line 1484, in full_dispatch_request
    rv = self.dispatch_request()
         ^^^^^^^^^^^^^^^^^^^^^^^
  File "/home/cuartazona/redes/envRedes/lib/python3.11/site-packages/flask/app.py", line 1469, in dispatch_request
    return self.ensure_sync(self.view_functions[rule.endpoint])(**view_args)
           ^^^^^^^^^^^^^^^^^^^^^^^^^^^^^^^^^^^^^^^^^^^^^^^^^^^^^^^^^^^^^^^^^
  File "/home/cuartazona/redes/app/auxiliar.py", line 113, in wrap
    return f(*args, **kwargs)
           ^^^^^^^^^^^^^^^^^^
  File "/home/cuartazona/redes/app/censo.py", line 220, in ficha_industria_imprimir
    analitica['valor_sin_incertidumbre'] = analitica['valor'] - analitica['incertidumbre']
                                           ~~~~~~~~~~~~~~~~~~~^~~~~~~~~~~~~~~~~~~~~~~~~~~~
TypeError: unsupported operand type(s) for -: 'float' and 'NoneType'
ERROR:app:Exception on /ficha_industria-1637 [GET]
Traceback (most recent call last):
  File "/home/cuartazona/redes/envRedes/lib/python3.11/site-packages/flask/app.py", line 2190, in wsgi_app
    response = self.full_dispatch_request()
               ^^^^^^^^^^^^^^^^^^^^^^^^^^^^
  File "/home/cuartazona/redes/envRedes/lib/python3.11/site-packages/flask/app.py", line 1486, in full_dispatch_request
    rv = self.handle_user_exception(e)
         ^^^^^^^^^^^^^^^^^^^^^^^^^^^^^
  File "/home/cuartazona/redes/envRedes/lib/python3.11/site-packages/flask/app.py", line 1484, in full_dispatch_request
    rv = self.dispatch_request()
         ^^^^^^^^^^^^^^^^^^^^^^^
  File "/home/cuartazona/redes/envRedes/lib/python3.11/site-packages/flask/app.py", line 1469, in dispatch_request
    return self.ensure_sync(self.view_functions[rule.endpoint])(**view_args)
           ^^^^^^^^^^^^^^^^^^^^^^^^^^^^^^^^^^^^^^^^^^^^^^^^^^^^^^^^^^^^^^^^^
  File "/home/cuartazona/redes/app/auxiliar.py", line 113, in wrap
    return f(*args, **kwargs)
           ^^^^^^^^^^^^^^^^^^
  File "/home/cuartazona/redes/app/censo.py", line 220, in ficha_industria_imprimir
    analitica['valor_sin_incertidumbre'] = analitica['valor'] - analitica['incertidumbre']
                                           ~~~~~~~~~~~~~~~~~~~^~~~~~~~~~~~~~~~~~~~~~~~~~~~
TypeError: unsupported operand type(s) for -: 'float' and 'NoneType'
ERROR:app:Exception on /ficha_industria-1637 [GET]
Traceback (most recent call last):
  File "/home/cuartazona/redes/envRedes/lib/python3.11/site-packages/flask/app.py", line 2190, in wsgi_app
    response = self.full_dispatch_request()
               ^^^^^^^^^^^^^^^^^^^^^^^^^^^^
  File "/home/cuartazona/redes/envRedes/lib/python3.11/site-packages/flask/app.py", line 1486, in full_dispatch_request
    rv = self.handle_user_exception(e)
         ^^^^^^^^^^^^^^^^^^^^^^^^^^^^^
  File "/home/cuartazona/redes/envRedes/lib/python3.11/site-packages/flask/app.py", line 1484, in full_dispatch_request
    rv = self.dispatch_request()
         ^^^^^^^^^^^^^^^^^^^^^^^
  File "/home/cuartazona/redes/envRedes/lib/python3.11/site-packages/flask/app.py", line 1469, in dispatch_request
    return self.ensure_sync(self.view_functions[rule.endpoint])(**view_args)
           ^^^^^^^^^^^^^^^^^^^^^^^^^^^^^^^^^^^^^^^^^^^^^^^^^^^^^^^^^^^^^^^^^
  File "/home/cuartazona/redes/app/auxiliar.py", line 113, in wrap
    return f(*args, **kwargs)
           ^^^^^^^^^^^^^^^^^^
  File "/home/cuartazona/redes/app/censo.py", line 220, in ficha_industria_imprimir
    analitica['valor_sin_incertidumbre'] = analitica['valor'] - analitica['incertidumbre']
                                           ~~~~~~~~~~~~~~~~~~~^~~~~~~~~~~~~~~~~~~~~~~~~~~~
TypeError: unsupported operand type(s) for -: 'float' and 'NoneType'
ERROR:app:Exception on /ficha_industria-1638 [GET]
Traceback (most recent call last):
  File "/home/cuartazona/redes/envRedes/lib/python3.11/site-packages/flask/app.py", line 2190, in wsgi_app
    response = self.full_dispatch_request()
               ^^^^^^^^^^^^^^^^^^^^^^^^^^^^
  File "/home/cuartazona/redes/envRedes/lib/python3.11/site-packages/flask/app.py", line 1486, in full_dispatch_request
    rv = self.handle_user_exception(e)
         ^^^^^^^^^^^^^^^^^^^^^^^^^^^^^
  File "/home/cuartazona/redes/envRedes/lib/python3.11/site-packages/flask/app.py", line 1484, in full_dispatch_request
    rv = self.dispatch_request()
         ^^^^^^^^^^^^^^^^^^^^^^^
  File "/home/cuartazona/redes/envRedes/lib/python3.11/site-packages/flask/app.py", line 1469, in dispatch_request
    return self.ensure_sync(self.view_functions[rule.endpoint])(**view_args)
           ^^^^^^^^^^^^^^^^^^^^^^^^^^^^^^^^^^^^^^^^^^^^^^^^^^^^^^^^^^^^^^^^^
  File "/home/cuartazona/redes/app/auxiliar.py", line 113, in wrap
    return f(*args, **kwargs)
           ^^^^^^^^^^^^^^^^^^
  File "/home/cuartazona/redes/app/censo.py", line 220, in ficha_industria_imprimir
    analitica['valor_sin_incertidumbre'] = analitica['valor'] - analitica['incertidumbre']
                                           ~~~~~~~~~~~~~~~~~~~^~~~~~~~~~~~~~~~~~~~~~~~~~~~
TypeError: unsupported operand type(s) for -: 'float' and 'NoneType'
ERROR:app:Exception on /ficha_industria-1638 [GET]
Traceback (most recent call last):
  File "/home/cuartazona/redes/envRedes/lib/python3.11/site-packages/flask/app.py", line 2190, in wsgi_app
    response = self.full_dispatch_request()
               ^^^^^^^^^^^^^^^^^^^^^^^^^^^^
  File "/home/cuartazona/redes/envRedes/lib/python3.11/site-packages/flask/app.py", line 1486, in full_dispatch_request
    rv = self.handle_user_exception(e)
         ^^^^^^^^^^^^^^^^^^^^^^^^^^^^^
  File "/home/cuartazona/redes/envRedes/lib/python3.11/site-packages/flask/app.py", line 1484, in full_dispatch_request
    rv = self.dispatch_request()
         ^^^^^^^^^^^^^^^^^^^^^^^
  File "/home/cuartazona/redes/envRedes/lib/python3.11/site-packages/flask/app.py", line 1469, in dispatch_request
    return self.ensure_sync(self.view_functions[rule.endpoint])(**view_args)
           ^^^^^^^^^^^^^^^^^^^^^^^^^^^^^^^^^^^^^^^^^^^^^^^^^^^^^^^^^^^^^^^^^
  File "/home/cuartazona/redes/app/auxiliar.py", line 113, in wrap
    return f(*args, **kwargs)
           ^^^^^^^^^^^^^^^^^^
  File "/home/cuartazona/redes/app/censo.py", line 220, in ficha_industria_imprimir
    analitica['valor_sin_incertidumbre'] = analitica['valor'] - analitica['incertidumbre']
                                           ~~~~~~~~~~~~~~~~~~~^~~~~~~~~~~~~~~~~~~~~~~~~~~~
TypeError: unsupported operand type(s) for -: 'float' and 'NoneType'
ERROR:app:Exception on /ficha_industria-1638 [GET]
Traceback (most recent call last):
  File "/home/cuartazona/redes/envRedes/lib/python3.11/site-packages/flask/app.py", line 2190, in wsgi_app
    response = self.full_dispatch_request()
               ^^^^^^^^^^^^^^^^^^^^^^^^^^^^
  File "/home/cuartazona/redes/envRedes/lib/python3.11/site-packages/flask/app.py", line 1486, in full_dispatch_request
    rv = self.handle_user_exception(e)
         ^^^^^^^^^^^^^^^^^^^^^^^^^^^^^
  File "/home/cuartazona/redes/envRedes/lib/python3.11/site-packages/flask/app.py", line 1484, in full_dispatch_request
    rv = self.dispatch_request()
         ^^^^^^^^^^^^^^^^^^^^^^^
  File "/home/cuartazona/redes/envRedes/lib/python3.11/site-packages/flask/app.py", line 1469, in dispatch_request
    return self.ensure_sync(self.view_functions[rule.endpoint])(**view_args)
           ^^^^^^^^^^^^^^^^^^^^^^^^^^^^^^^^^^^^^^^^^^^^^^^^^^^^^^^^^^^^^^^^^
  File "/home/cuartazona/redes/app/auxiliar.py", line 113, in wrap
    return f(*args, **kwargs)
           ^^^^^^^^^^^^^^^^^^
  File "/home/cuartazona/redes/app/censo.py", line 220, in ficha_industria_imprimir
    analitica['valor_sin_incertidumbre'] = analitica['valor'] - analitica['incertidumbre']
                                           ~~~~~~~~~~~~~~~~~~~^~~~~~~~~~~~~~~~~~~~~~~~~~~~
TypeError: unsupported operand type(s) for -: 'float' and 'NoneType'
ERROR:app:Exception on /ficha_industria-1638 [GET]
Traceback (most recent call last):
  File "/home/cuartazona/redes/envRedes/lib/python3.11/site-packages/flask/app.py", line 2190, in wsgi_app
    response = self.full_dispatch_request()
               ^^^^^^^^^^^^^^^^^^^^^^^^^^^^
  File "/home/cuartazona/redes/envRedes/lib/python3.11/site-packages/flask/app.py", line 1486, in full_dispatch_request
    rv = self.handle_user_exception(e)
         ^^^^^^^^^^^^^^^^^^^^^^^^^^^^^
  File "/home/cuartazona/redes/envRedes/lib/python3.11/site-packages/flask/app.py", line 1484, in full_dispatch_request
    rv = self.dispatch_request()
         ^^^^^^^^^^^^^^^^^^^^^^^
  File "/home/cuartazona/redes/envRedes/lib/python3.11/site-packages/flask/app.py", line 1469, in dispatch_request
    return self.ensure_sync(self.view_functions[rule.endpoint])(**view_args)
           ^^^^^^^^^^^^^^^^^^^^^^^^^^^^^^^^^^^^^^^^^^^^^^^^^^^^^^^^^^^^^^^^^
  File "/home/cuartazona/redes/app/auxiliar.py", line 113, in wrap
    return f(*args, **kwargs)
           ^^^^^^^^^^^^^^^^^^
  File "/home/cuartazona/redes/app/censo.py", line 220, in ficha_industria_imprimir
    analitica['valor_sin_incertidumbre'] = analitica['valor'] - analitica['incertidumbre']
                                           ~~~~~~~~~~~~~~~~~~~^~~~~~~~~~~~~~~~~~~~~~~~~~~~
TypeError: unsupported operand type(s) for -: 'float' and 'NoneType'
ERROR:app:Exception on /ficha_industria-1638 [GET]
Traceback (most recent call last):
  File "/home/cuartazona/redes/envRedes/lib/python3.11/site-packages/flask/app.py", line 2190, in wsgi_app
    response = self.full_dispatch_request()
               ^^^^^^^^^^^^^^^^^^^^^^^^^^^^
  File "/home/cuartazona/redes/envRedes/lib/python3.11/site-packages/flask/app.py", line 1486, in full_dispatch_request
    rv = self.handle_user_exception(e)
         ^^^^^^^^^^^^^^^^^^^^^^^^^^^^^
  File "/home/cuartazona/redes/envRedes/lib/python3.11/site-packages/flask/app.py", line 1484, in full_dispatch_request
    rv = self.dispatch_request()
         ^^^^^^^^^^^^^^^^^^^^^^^
  File "/home/cuartazona/redes/envRedes/lib/python3.11/site-packages/flask/app.py", line 1469, in dispatch_request
    return self.ensure_sync(self.view_functions[rule.endpoint])(**view_args)
           ^^^^^^^^^^^^^^^^^^^^^^^^^^^^^^^^^^^^^^^^^^^^^^^^^^^^^^^^^^^^^^^^^
  File "/home/cuartazona/redes/app/auxiliar.py", line 113, in wrap
    return f(*args, **kwargs)
           ^^^^^^^^^^^^^^^^^^
  File "/home/cuartazona/redes/app/censo.py", line 220, in ficha_industria_imprimir
    analitica['valor_sin_incertidumbre'] = analitica['valor'] - analitica['incertidumbre']
                                           ~~~~~~~~~~~~~~~~~~~^~~~~~~~~~~~~~~~~~~~~~~~~~~~
TypeError: unsupported operand type(s) for -: 'float' and 'NoneType'
ERROR:app:Exception on /ficha_industria-1638 [GET]
Traceback (most recent call last):
  File "/home/cuartazona/redes/envRedes/lib/python3.11/site-packages/flask/app.py", line 2190, in wsgi_app
    response = self.full_dispatch_request()
               ^^^^^^^^^^^^^^^^^^^^^^^^^^^^
  File "/home/cuartazona/redes/envRedes/lib/python3.11/site-packages/flask/app.py", line 1486, in full_dispatch_request
    rv = self.handle_user_exception(e)
         ^^^^^^^^^^^^^^^^^^^^^^^^^^^^^
  File "/home/cuartazona/redes/envRedes/lib/python3.11/site-packages/flask/app.py", line 1484, in full_dispatch_request
    rv = self.dispatch_request()
         ^^^^^^^^^^^^^^^^^^^^^^^
  File "/home/cuartazona/redes/envRedes/lib/python3.11/site-packages/flask/app.py", line 1469, in dispatch_request
    return self.ensure_sync(self.view_functions[rule.endpoint])(**view_args)
           ^^^^^^^^^^^^^^^^^^^^^^^^^^^^^^^^^^^^^^^^^^^^^^^^^^^^^^^^^^^^^^^^^
  File "/home/cuartazona/redes/app/auxiliar.py", line 113, in wrap
    return f(*args, **kwargs)
           ^^^^^^^^^^^^^^^^^^
  File "/home/cuartazona/redes/app/censo.py", line 220, in ficha_industria_imprimir
    analitica['valor_sin_incertidumbre'] = analitica['valor'] - analitica['incertidumbre']
                                           ~~~~~~~~~~~~~~~~~~~^~~~~~~~~~~~~~~~~~~~~~~~~~~~
TypeError: unsupported operand type(s) for -: 'float' and 'NoneType'
ERROR:app:Exception on /ficha_industria-1638 [GET]
Traceback (most recent call last):
  File "/home/cuartazona/redes/envRedes/lib/python3.11/site-packages/flask/app.py", line 2190, in wsgi_app
    response = self.full_dispatch_request()
               ^^^^^^^^^^^^^^^^^^^^^^^^^^^^
  File "/home/cuartazona/redes/envRedes/lib/python3.11/site-packages/flask/app.py", line 1486, in full_dispatch_request
    rv = self.handle_user_exception(e)
         ^^^^^^^^^^^^^^^^^^^^^^^^^^^^^
  File "/home/cuartazona/redes/envRedes/lib/python3.11/site-packages/flask/app.py", line 1484, in full_dispatch_request
    rv = self.dispatch_request()
         ^^^^^^^^^^^^^^^^^^^^^^^
  File "/home/cuartazona/redes/envRedes/lib/python3.11/site-packages/flask/app.py", line 1469, in dispatch_request
    return self.ensure_sync(self.view_functions[rule.endpoint])(**view_args)
           ^^^^^^^^^^^^^^^^^^^^^^^^^^^^^^^^^^^^^^^^^^^^^^^^^^^^^^^^^^^^^^^^^
  File "/home/cuartazona/redes/app/auxiliar.py", line 113, in wrap
    log(remote_ip(request), request.url, 0)
       ^^^^^^^^^^^^^^^^^^
  File "/home/cuartazona/redes/app/censo.py", line 220, in ficha_industria_imprimir
    analitica['valor_sin_incertidumbre'] = analitica['valor'] - analitica['incertidumbre']
                                           ~~~~~~~~~~~~~~~~~~~^~~~~~~~~~~~~~~~~~~~~~~~~~~~
TypeError: unsupported operand type(s) for -: 'float' and 'NoneType'
ERROR:app:Exception on /ficha_industria-1638 [GET]
Traceback (most recent call last):
  File "/home/cuartazona/redes/envRedes/lib/python3.11/site-packages/flask/app.py", line 2190, in wsgi_app
    response = self.full_dispatch_request()
               ^^^^^^^^^^^^^^^^^^^^^^^^^^^^
  File "/home/cuartazona/redes/envRedes/lib/python3.11/site-packages/flask/app.py", line 1486, in full_dispatch_request
    rv = self.handle_user_exception(e)
         ^^^^^^^^^^^^^^^^^^^^^^^^^^^^^
  File "/home/cuartazona/redes/envRedes/lib/python3.11/site-packages/flask/app.py", line 1484, in full_dispatch_request
    rv = self.dispatch_request()
         ^^^^^^^^^^^^^^^^^^^^^^^
  File "/home/cuartazona/redes/envRedes/lib/python3.11/site-packages/flask/app.py", line 1469, in dispatch_request
    return self.ensure_sync(self.view_functions[rule.endpoint])(**view_args)
           ^^^^^^^^^^^^^^^^^^^^^^^^^^^^^^^^^^^^^^^^^^^^^^^^^^^^^^^^^^^^^^^^^
  File "/home/cuartazona/redes/app/auxiliar.py", line 113, in wrap
    log(remote_ip(request), request.url, 0)
       ^^^^^^^^^^^^^^^^^^
  File "/home/cuartazona/redes/app/censo.py", line 220, in ficha_industria_imprimir
    analitica['valor_sin_incertidumbre'] = analitica['valor'] - analitica['incertidumbre']
                                           ~~~~~~~~~~~~~~~~~~~^~~~~~~~~~~~~~~~~~~~~~~~~~~~
TypeError: unsupported operand type(s) for -: 'float' and 'NoneType'
ERROR:app:Exception on /ficha_industria-1637 [GET]
Traceback (most recent call last):
  File "/home/cuartazona/redes/envRedes/lib/python3.11/site-packages/flask/app.py", line 2190, in wsgi_app
    response = self.full_dispatch_request()
               ^^^^^^^^^^^^^^^^^^^^^^^^^^^^
  File "/home/cuartazona/redes/envRedes/lib/python3.11/site-packages/flask/app.py", line 1486, in full_dispatch_request
    rv = self.handle_user_exception(e)
         ^^^^^^^^^^^^^^^^^^^^^^^^^^^^^
  File "/home/cuartazona/redes/envRedes/lib/python3.11/site-packages/flask/app.py", line 1484, in full_dispatch_request
    rv = self.dispatch_request()
         ^^^^^^^^^^^^^^^^^^^^^^^
  File "/home/cuartazona/redes/envRedes/lib/python3.11/site-packages/flask/app.py", line 1469, in dispatch_request
    return self.ensure_sync(self.view_functions[rule.endpoint])(**view_args)
           ^^^^^^^^^^^^^^^^^^^^^^^^^^^^^^^^^^^^^^^^^^^^^^^^^^^^^^^^^^^^^^^^^
  File "/home/cuartazona/redes/app/auxiliar.py", line 113, in wrap
    log(remote_ip(request), request.url, 0)
       ^^^^^^^^^^^^^^^^^^
  File "/home/cuartazona/redes/app/censo.py", line 220, in ficha_industria_imprimir
    analitica['valor_sin_incertidumbre'] = analitica['valor'] - analitica['incertidumbre']
                                           ~~~~~~~~~~~~~~~~~~~^~~~~~~~~~~~~~~~~~~~~~~~~~~~
TypeError: unsupported operand type(s) for -: 'float' and 'NoneType'
ERROR:app:Exception on /ficha_industria-1638 [GET]
Traceback (most recent call last):
  File "/home/cuartazona/redes/envRedes/lib/python3.11/site-packages/flask/app.py", line 2190, in wsgi_app
    response = self.full_dispatch_request()
               ^^^^^^^^^^^^^^^^^^^^^^^^^^^^
  File "/home/cuartazona/redes/envRedes/lib/python3.11/site-packages/flask/app.py", line 1486, in full_dispatch_request
    rv = self.handle_user_exception(e)
         ^^^^^^^^^^^^^^^^^^^^^^^^^^^^^
  File "/home/cuartazona/redes/envRedes/lib/python3.11/site-packages/flask/app.py", line 1484, in full_dispatch_request
    rv = self.dispatch_request()
         ^^^^^^^^^^^^^^^^^^^^^^^
  File "/home/cuartazona/redes/envRedes/lib/python3.11/site-packages/flask/app.py", line 1469, in dispatch_request
    return self.ensure_sync(self.view_functions[rule.endpoint])(**view_args)
           ^^^^^^^^^^^^^^^^^^^^^^^^^^^^^^^^^^^^^^^^^^^^^^^^^^^^^^^^^^^^^^^^^
  File "/home/cuartazona/redes/app/auxiliar.py", line 113, in wrap
    log(remote_ip(request), request.url, 0)
       ^^^^^^^^^^^^^^^^^^
  File "/home/cuartazona/redes/app/censo.py", line 220, in ficha_industria_imprimir
    analitica['valor_sin_incertidumbre'] = analitica['valor'] - analitica['incertidumbre']
                                           ~~~~~~~~~~~~~~~~~~~^~~~~~~~~~~~~~~~~~~~~~~~~~~~
TypeError: unsupported operand type(s) for -: 'float' and 'NoneType'
ERROR:app:Exception on /_actualiza_equipo [POST]
Traceback (most recent call last):
  File "/home/cuartazona/redes/envRedes/lib/python3.11/site-packages/flask/app.py", line 2190, in wsgi_app
    response = self.full_dispatch_request()
               ^^^^^^^^^^^^^^^^^^^^^^^^^^^^
  File "/home/cuartazona/redes/envRedes/lib/python3.11/site-packages/flask/app.py", line 1486, in full_dispatch_request
    rv = self.handle_user_exception(e)
         ^^^^^^^^^^^^^^^^^^^^^^^^^^^^^
  File "/home/cuartazona/redes/envRedes/lib/python3.11/site-packages/flask/app.py", line 1484, in full_dispatch_request
    rv = self.dispatch_request()
         ^^^^^^^^^^^^^^^^^^^^^^^
  File "/home/cuartazona/redes/envRedes/lib/python3.11/site-packages/flask/app.py", line 1469, in dispatch_request
    return self.ensure_sync(self.view_functions[rule.endpoint])(**view_args)
           ^^^^^^^^^^^^^^^^^^^^^^^^^^^^^^^^^^^^^^^^^^^^^^^^^^^^^^^^^^^^^^^^^
  File "/home/cuartazona/redes/app/auxiliar.py", line 130, in wrap
    return func(*args, **kwargs)
           ^^^^^^^^^^^^^^^^^^^^^
  File "/home/cuartazona/redes/app/auxiliar.py", line 143, in wrap
    return fn(*args, **kwargs)
           ^^^^^^^^^^^^^^^^^^^
  File "/home/cuartazona/redes/app/auditoria.py", line 404, in _actualiza_equipo
    sumario = (sumario[1] + sumario[2] + sumario[3]) / len(revisiones_equipo)
              ~~~~~~~~~~~~~~~~~~~~~~~~~~~~~~~~~~~~~^~~~~~~~~~~~~~~~~~~~~~~~~~
ZeroDivisionError: division by zero
DEBUG:PIL.TiffImagePlugin:tag: ImageWidth (256) - type: long (4) - value: b'\xa0\x0f\x00\x00'
DEBUG:PIL.TiffImagePlugin:tag: ImageLength (257) - type: long (4) - value: b'\xca\x08\x00\x00'
DEBUG:PIL.TiffImagePlugin:tag: Make (271) - type: string (2) Tag Location: 46 - Data Location: 158 - value: b'samsung\x00'
DEBUG:PIL.TiffImagePlugin:tag: Model (272) - type: string (2) Tag Location: 58 - Data Location: 166 - value: b'SM-A415F\x00'
DEBUG:PIL.TiffImagePlugin:tag: Orientation (274) - type: short (3) - value: b'\x06\x00'
DEBUG:PIL.TiffImagePlugin:tag: XResolution (282) - type: rational (5) Tag Location: 82 - Data Location: 210 - value: b'H\x00\x00\x00\x01\x00\x00\x00'
DEBUG:PIL.TiffImagePlugin:tag: YResolution (283) - type: rational (5) Tag Location: 94 - Data Location: 218 - value: b'H\x00\x00\x00\x01\x00\x00\x00'
DEBUG:PIL.TiffImagePlugin:tag: ResolutionUnit (296) - type: short (3) - value: b'\x02\x00'
DEBUG:PIL.TiffImagePlugin:tag: Software (305) - type: string (2) Tag Location: 118 - Data Location: 176 - value: b'A415FXXS5DWI1\x00'
DEBUG:PIL.TiffImagePlugin:tag: DateTime (306) - type: string (2) Tag Location: 130 - Data Location: 190 - value: b'2024:01:31 10:34:31\x00'
DEBUG:PIL.TiffImagePlugin:tag: YCbCrPositioning (531) - type: short (3) - value: b'\x01\x00'
DEBUG:PIL.TiffImagePlugin:tag: ExifIFD (34665) - type: long (4) - value: b'\xe2\x00\x00\x00'
DEBUG:PIL.TiffImagePlugin:tag: ImageWidth (256) - type: long (4) - value: b'\xa0\x0f\x00\x00'
DEBUG:PIL.TiffImagePlugin:tag: ImageLength (257) - type: long (4) - value: b'\xca\x08\x00\x00'
DEBUG:PIL.TiffImagePlugin:tag: Make (271) - type: string (2) Tag Location: 46 - Data Location: 158 - value: b'samsung\x00'
DEBUG:PIL.TiffImagePlugin:tag: Model (272) - type: string (2) Tag Location: 58 - Data Location: 166 - value: b'SM-A415F\x00'
DEBUG:PIL.TiffImagePlugin:tag: Orientation (274) - type: short (3) - value: b'\x06\x00'
DEBUG:PIL.TiffImagePlugin:tag: XResolution (282) - type: rational (5) Tag Location: 82 - Data Location: 210 - value: b'H\x00\x00\x00\x01\x00\x00\x00'
DEBUG:PIL.TiffImagePlugin:tag: YResolution (283) - type: rational (5) Tag Location: 94 - Data Location: 218 - value: b'H\x00\x00\x00\x01\x00\x00\x00'
DEBUG:PIL.TiffImagePlugin:tag: ResolutionUnit (296) - type: short (3) - value: b'\x02\x00'
DEBUG:PIL.TiffImagePlugin:tag: Software (305) - type: string (2) Tag Location: 118 - Data Location: 176 - value: b'A415FXXS5DWI1\x00'
DEBUG:PIL.TiffImagePlugin:tag: DateTime (306) - type: string (2) Tag Location: 130 - Data Location: 190 - value: b'2024:01:31 10:35:19\x00'
DEBUG:PIL.TiffImagePlugin:tag: YCbCrPositioning (531) - type: short (3) - value: b'\x01\x00'
DEBUG:PIL.TiffImagePlugin:tag: ExifIFD (34665) - type: long (4) - value: b'\xe2\x00\x00\x00'
DEBUG:PIL.TiffImagePlugin:tag: ImageWidth (256) - type: long (4) - value: b'\xa0\x0f\x00\x00'
DEBUG:PIL.TiffImagePlugin:tag: ImageLength (257) - type: long (4) - value: b'\xca\x08\x00\x00'
DEBUG:PIL.TiffImagePlugin:tag: Make (271) - type: string (2) Tag Location: 46 - Data Location: 158 - value: b'samsung\x00'
DEBUG:PIL.TiffImagePlugin:tag: Model (272) - type: string (2) Tag Location: 58 - Data Location: 166 - value: b'SM-A415F\x00'
DEBUG:PIL.TiffImagePlugin:tag: Orientation (274) - type: short (3) - value: b'\x06\x00'
DEBUG:PIL.TiffImagePlugin:tag: XResolution (282) - type: rational (5) Tag Location: 82 - Data Location: 210 - value: b'H\x00\x00\x00\x01\x00\x00\x00'
DEBUG:PIL.TiffImagePlugin:tag: YResolution (283) - type: rational (5) Tag Location: 94 - Data Location: 218 - value: b'H\x00\x00\x00\x01\x00\x00\x00'
DEBUG:PIL.TiffImagePlugin:tag: ResolutionUnit (296) - type: short (3) - value: b'\x02\x00'
DEBUG:PIL.TiffImagePlugin:tag: Software (305) - type: string (2) Tag Location: 118 - Data Location: 176 - value: b'A415FXXS5DWI1\x00'
DEBUG:PIL.TiffImagePlugin:tag: DateTime (306) - type: string (2) Tag Location: 130 - Data Location: 190 - value: b'2024:01:31 10:41:05\x00'
DEBUG:PIL.TiffImagePlugin:tag: YCbCrPositioning (531) - type: short (3) - value: b'\x01\x00'
DEBUG:PIL.TiffImagePlugin:tag: ExifIFD (34665) - type: long (4) - value: b'\xe2\x00\x00\x00'
DEBUG:PIL.TiffImagePlugin:tag: ImageWidth (256) - type: long (4) - value: b'\xa0\x0f\x00\x00'
DEBUG:PIL.TiffImagePlugin:tag: ImageLength (257) - type: long (4) - value: b'\xca\x08\x00\x00'
DEBUG:PIL.TiffImagePlugin:tag: Make (271) - type: string (2) Tag Location: 46 - Data Location: 158 - value: b'samsung\x00'
DEBUG:PIL.TiffImagePlugin:tag: Model (272) - type: string (2) Tag Location: 58 - Data Location: 166 - value: b'SM-A415F\x00'
DEBUG:PIL.TiffImagePlugin:tag: Orientation (274) - type: short (3) - value: b'\x06\x00'
DEBUG:PIL.TiffImagePlugin:tag: XResolution (282) - type: rational (5) Tag Location: 82 - Data Location: 210 - value: b'H\x00\x00\x00\x01\x00\x00\x00'
DEBUG:PIL.TiffImagePlugin:tag: YResolution (283) - type: rational (5) Tag Location: 94 - Data Location: 218 - value: b'H\x00\x00\x00\x01\x00\x00\x00'
DEBUG:PIL.TiffImagePlugin:tag: ResolutionUnit (296) - type: short (3) - value: b'\x02\x00'
DEBUG:PIL.TiffImagePlugin:tag: Software (305) - type: string (2) Tag Location: 118 - Data Location: 176 - value: b'A415FXXS5DWI1\x00'
DEBUG:PIL.TiffImagePlugin:tag: DateTime (306) - type: string (2) Tag Location: 130 - Data Location: 190 - value: b'2024:01:31 10:41:18\x00'
DEBUG:PIL.TiffImagePlugin:tag: YCbCrPositioning (531) - type: short (3) - value: b'\x01\x00'
DEBUG:PIL.TiffImagePlugin:tag: ExifIFD (34665) - type: long (4) - value: b'\xe2\x00\x00\x00'
DEBUG:PIL.TiffImagePlugin:tag: ImageWidth (256) - type: long (4) - value: b'\xa0\x0f\x00\x00'
DEBUG:PIL.TiffImagePlugin:tag: ImageLength (257) - type: long (4) - value: b'\xca\x08\x00\x00'
DEBUG:PIL.TiffImagePlugin:tag: Make (271) - type: string (2) Tag Location: 46 - Data Location: 158 - value: b'samsung\x00'
DEBUG:PIL.TiffImagePlugin:tag: Model (272) - type: string (2) Tag Location: 58 - Data Location: 166 - value: b'SM-A415F\x00'
DEBUG:PIL.TiffImagePlugin:tag: Orientation (274) - type: short (3) - value: b'\x06\x00'
DEBUG:PIL.TiffImagePlugin:tag: XResolution (282) - type: rational (5) Tag Location: 82 - Data Location: 210 - value: b'H\x00\x00\x00\x01\x00\x00\x00'
DEBUG:PIL.TiffImagePlugin:tag: YResolution (283) - type: rational (5) Tag Location: 94 - Data Location: 218 - value: b'H\x00\x00\x00\x01\x00\x00\x00'
DEBUG:PIL.TiffImagePlugin:tag: ResolutionUnit (296) - type: short (3) - value: b'\x02\x00'
DEBUG:PIL.TiffImagePlugin:tag: Software (305) - type: string (2) Tag Location: 118 - Data Location: 176 - value: b'A415FXXS5DWI1\x00'
DEBUG:PIL.TiffImagePlugin:tag: DateTime (306) - type: string (2) Tag Location: 130 - Data Location: 190 - value: b'2024:01:31 10:41:55\x00'
DEBUG:PIL.TiffImagePlugin:tag: YCbCrPositioning (531) - type: short (3) - value: b'\x01\x00'
DEBUG:PIL.TiffImagePlugin:tag: ExifIFD (34665) - type: long (4) - value: b'\xe2\x00\x00\x00'
DEBUG:PIL.TiffImagePlugin:tag: ImageWidth (256) - type: long (4) - value: b'\xa0\x0f\x00\x00'
DEBUG:PIL.TiffImagePlugin:tag: ImageLength (257) - type: long (4) - value: b'\xca\x08\x00\x00'
DEBUG:PIL.TiffImagePlugin:tag: Make (271) - type: string (2) Tag Location: 46 - Data Location: 158 - value: b'samsung\x00'
DEBUG:PIL.TiffImagePlugin:tag: Model (272) - type: string (2) Tag Location: 58 - Data Location: 166 - value: b'SM-A415F\x00'
DEBUG:PIL.TiffImagePlugin:tag: Orientation (274) - type: short (3) - value: b'\x06\x00'
DEBUG:PIL.TiffImagePlugin:tag: XResolution (282) - type: rational (5) Tag Location: 82 - Data Location: 210 - value: b'H\x00\x00\x00\x01\x00\x00\x00'
DEBUG:PIL.TiffImagePlugin:tag: YResolution (283) - type: rational (5) Tag Location: 94 - Data Location: 218 - value: b'H\x00\x00\x00\x01\x00\x00\x00'
DEBUG:PIL.TiffImagePlugin:tag: ResolutionUnit (296) - type: short (3) - value: b'\x02\x00'
DEBUG:PIL.TiffImagePlugin:tag: Software (305) - type: string (2) Tag Location: 118 - Data Location: 176 - value: b'A415FXXS5DWI1\x00'
DEBUG:PIL.TiffImagePlugin:tag: DateTime (306) - type: string (2) Tag Location: 130 - Data Location: 190 - value: b'2024:01:31 10:42:06\x00'
DEBUG:PIL.TiffImagePlugin:tag: YCbCrPositioning (531) - type: short (3) - value: b'\x01\x00'
DEBUG:PIL.TiffImagePlugin:tag: ExifIFD (34665) - type: long (4) - value: b'\xe2\x00\x00\x00'
DEBUG:PIL.TiffImagePlugin:tag: ImageWidth (256) - type: long (4) - value: b'\xa0\x0f\x00\x00'
DEBUG:PIL.TiffImagePlugin:tag: ImageLength (257) - type: long (4) - value: b'\xca\x08\x00\x00'
DEBUG:PIL.TiffImagePlugin:tag: Make (271) - type: string (2) Tag Location: 46 - Data Location: 158 - value: b'samsung\x00'
DEBUG:PIL.TiffImagePlugin:tag: Model (272) - type: string (2) Tag Location: 58 - Data Location: 166 - value: b'SM-A415F\x00'
DEBUG:PIL.TiffImagePlugin:tag: Orientation (274) - type: short (3) - value: b'\x06\x00'
DEBUG:PIL.TiffImagePlugin:tag: XResolution (282) - type: rational (5) Tag Location: 82 - Data Location: 210 - value: b'H\x00\x00\x00\x01\x00\x00\x00'
DEBUG:PIL.TiffImagePlugin:tag: YResolution (283) - type: rational (5) Tag Location: 94 - Data Location: 218 - value: b'H\x00\x00\x00\x01\x00\x00\x00'
DEBUG:PIL.TiffImagePlugin:tag: ResolutionUnit (296) - type: short (3) - value: b'\x02\x00'
DEBUG:PIL.TiffImagePlugin:tag: Software (305) - type: string (2) Tag Location: 118 - Data Location: 176 - value: b'A415FXXS5DWI1\x00'
DEBUG:PIL.TiffImagePlugin:tag: DateTime (306) - type: string (2) Tag Location: 130 - Data Location: 190 - value: b'2024:01:31 12:14:20\x00'
DEBUG:PIL.TiffImagePlugin:tag: YCbCrPositioning (531) - type: short (3) - value: b'\x01\x00'
DEBUG:PIL.TiffImagePlugin:tag: ExifIFD (34665) - type: long (4) - value: b'\xe2\x00\x00\x00'
DEBUG:PIL.TiffImagePlugin:tag: ImageWidth (256) - type: long (4) - value: b'\xa0\x0f\x00\x00'
DEBUG:PIL.TiffImagePlugin:tag: ImageLength (257) - type: long (4) - value: b'\xca\x08\x00\x00'
DEBUG:PIL.TiffImagePlugin:tag: Make (271) - type: string (2) Tag Location: 46 - Data Location: 158 - value: b'samsung\x00'
DEBUG:PIL.TiffImagePlugin:tag: Model (272) - type: string (2) Tag Location: 58 - Data Location: 166 - value: b'SM-A415F\x00'
DEBUG:PIL.TiffImagePlugin:tag: Orientation (274) - type: short (3) - value: b'\x06\x00'
DEBUG:PIL.TiffImagePlugin:tag: XResolution (282) - type: rational (5) Tag Location: 82 - Data Location: 210 - value: b'H\x00\x00\x00\x01\x00\x00\x00'
DEBUG:PIL.TiffImagePlugin:tag: YResolution (283) - type: rational (5) Tag Location: 94 - Data Location: 218 - value: b'H\x00\x00\x00\x01\x00\x00\x00'
DEBUG:PIL.TiffImagePlugin:tag: ResolutionUnit (296) - type: short (3) - value: b'\x02\x00'
DEBUG:PIL.TiffImagePlugin:tag: Software (305) - type: string (2) Tag Location: 118 - Data Location: 176 - value: b'A415FXXS5DWI1\x00'
DEBUG:PIL.TiffImagePlugin:tag: DateTime (306) - type: string (2) Tag Location: 130 - Data Location: 190 - value: b'2024:01:31 12:14:26\x00'
DEBUG:PIL.TiffImagePlugin:tag: YCbCrPositioning (531) - type: short (3) - value: b'\x01\x00'
DEBUG:PIL.TiffImagePlugin:tag: ExifIFD (34665) - type: long (4) - value: b'\xe2\x00\x00\x00'
DEBUG:PIL.TiffImagePlugin:tag: ImageWidth (256) - type: long (4) - value: b'\xa0\x0f\x00\x00'
DEBUG:PIL.TiffImagePlugin:tag: ImageLength (257) - type: long (4) - value: b'\xca\x08\x00\x00'
DEBUG:PIL.TiffImagePlugin:tag: Make (271) - type: string (2) Tag Location: 46 - Data Location: 158 - value: b'samsung\x00'
DEBUG:PIL.TiffImagePlugin:tag: Model (272) - type: string (2) Tag Location: 58 - Data Location: 166 - value: b'SM-A415F\x00'
DEBUG:PIL.TiffImagePlugin:tag: Orientation (274) - type: short (3) - value: b'\x06\x00'
DEBUG:PIL.TiffImagePlugin:tag: XResolution (282) - type: rational (5) Tag Location: 82 - Data Location: 210 - value: b'H\x00\x00\x00\x01\x00\x00\x00'
DEBUG:PIL.TiffImagePlugin:tag: YResolution (283) - type: rational (5) Tag Location: 94 - Data Location: 218 - value: b'H\x00\x00\x00\x01\x00\x00\x00'
DEBUG:PIL.TiffImagePlugin:tag: ResolutionUnit (296) - type: short (3) - value: b'\x02\x00'
DEBUG:PIL.TiffImagePlugin:tag: Software (305) - type: string (2) Tag Location: 118 - Data Location: 176 - value: b'A415FXXS5DWI1\x00'
DEBUG:PIL.TiffImagePlugin:tag: DateTime (306) - type: string (2) Tag Location: 130 - Data Location: 190 - value: b'2024:01:31 12:01:46\x00'
DEBUG:PIL.TiffImagePlugin:tag: YCbCrPositioning (531) - type: short (3) - value: b'\x01\x00'
DEBUG:PIL.TiffImagePlugin:tag: ExifIFD (34665) - type: long (4) - value: b'\xe2\x00\x00\x00'
DEBUG:PIL.TiffImagePlugin:tag: ImageWidth (256) - type: long (4) - value: b'\xa0\x0f\x00\x00'
DEBUG:PIL.TiffImagePlugin:tag: ImageLength (257) - type: long (4) - value: b'\xca\x08\x00\x00'
DEBUG:PIL.TiffImagePlugin:tag: Make (271) - type: string (2) Tag Location: 46 - Data Location: 158 - value: b'samsung\x00'
DEBUG:PIL.TiffImagePlugin:tag: Model (272) - type: string (2) Tag Location: 58 - Data Location: 166 - value: b'SM-A415F\x00'
DEBUG:PIL.TiffImagePlugin:tag: Orientation (274) - type: short (3) - value: b'\x06\x00'
DEBUG:PIL.TiffImagePlugin:tag: XResolution (282) - type: rational (5) Tag Location: 82 - Data Location: 210 - value: b'H\x00\x00\x00\x01\x00\x00\x00'
DEBUG:PIL.TiffImagePlugin:tag: YResolution (283) - type: rational (5) Tag Location: 94 - Data Location: 218 - value: b'H\x00\x00\x00\x01\x00\x00\x00'
DEBUG:PIL.TiffImagePlugin:tag: ResolutionUnit (296) - type: short (3) - value: b'\x02\x00'
DEBUG:PIL.TiffImagePlugin:tag: Software (305) - type: string (2) Tag Location: 118 - Data Location: 176 - value: b'A415FXXS5DWI1\x00'
DEBUG:PIL.TiffImagePlugin:tag: DateTime (306) - type: string (2) Tag Location: 130 - Data Location: 190 - value: b'2024:01:31 11:23:21\x00'
DEBUG:PIL.TiffImagePlugin:tag: YCbCrPositioning (531) - type: short (3) - value: b'\x01\x00'
DEBUG:PIL.TiffImagePlugin:tag: ExifIFD (34665) - type: long (4) - value: b'\xe2\x00\x00\x00'
DEBUG:PIL.TiffImagePlugin:tag: ImageWidth (256) - type: long (4) - value: b'\xa0\x0f\x00\x00'
DEBUG:PIL.TiffImagePlugin:tag: ImageLength (257) - type: long (4) - value: b'\xca\x08\x00\x00'
DEBUG:PIL.TiffImagePlugin:tag: Make (271) - type: string (2) Tag Location: 46 - Data Location: 158 - value: b'samsung\x00'
DEBUG:PIL.TiffImagePlugin:tag: Model (272) - type: string (2) Tag Location: 58 - Data Location: 166 - value: b'SM-A415F\x00'
DEBUG:PIL.TiffImagePlugin:tag: Orientation (274) - type: short (3) - value: b'\x06\x00'
DEBUG:PIL.TiffImagePlugin:tag: XResolution (282) - type: rational (5) Tag Location: 82 - Data Location: 210 - value: b'H\x00\x00\x00\x01\x00\x00\x00'
DEBUG:PIL.TiffImagePlugin:tag: YResolution (283) - type: rational (5) Tag Location: 94 - Data Location: 218 - value: b'H\x00\x00\x00\x01\x00\x00\x00'
DEBUG:PIL.TiffImagePlugin:tag: ResolutionUnit (296) - type: short (3) - value: b'\x02\x00'
DEBUG:PIL.TiffImagePlugin:tag: Software (305) - type: string (2) Tag Location: 118 - Data Location: 176 - value: b'A415FXXS5DWI1\x00'
DEBUG:PIL.TiffImagePlugin:tag: DateTime (306) - type: string (2) Tag Location: 130 - Data Location: 190 - value: b'2024:01:30 13:05:33\x00'
DEBUG:PIL.TiffImagePlugin:tag: YCbCrPositioning (531) - type: short (3) - value: b'\x01\x00'
DEBUG:PIL.TiffImagePlugin:tag: ExifIFD (34665) - type: long (4) - value: b'\xe2\x00\x00\x00'
DEBUG:PIL.TiffImagePlugin:tag: ImageWidth (256) - type: long (4) - value: b'\xa0\x0f\x00\x00'
DEBUG:PIL.TiffImagePlugin:tag: ImageLength (257) - type: long (4) - value: b'\xca\x08\x00\x00'
DEBUG:PIL.TiffImagePlugin:tag: Make (271) - type: string (2) Tag Location: 46 - Data Location: 158 - value: b'samsung\x00'
DEBUG:PIL.TiffImagePlugin:tag: Model (272) - type: string (2) Tag Location: 58 - Data Location: 166 - value: b'SM-A415F\x00'
DEBUG:PIL.TiffImagePlugin:tag: Orientation (274) - type: short (3) - value: b'\x06\x00'
DEBUG:PIL.TiffImagePlugin:tag: XResolution (282) - type: rational (5) Tag Location: 82 - Data Location: 210 - value: b'H\x00\x00\x00\x01\x00\x00\x00'
DEBUG:PIL.TiffImagePlugin:tag: YResolution (283) - type: rational (5) Tag Location: 94 - Data Location: 218 - value: b'H\x00\x00\x00\x01\x00\x00\x00'
DEBUG:PIL.TiffImagePlugin:tag: ResolutionUnit (296) - type: short (3) - value: b'\x02\x00'
DEBUG:PIL.TiffImagePlugin:tag: Software (305) - type: string (2) Tag Location: 118 - Data Location: 176 - value: b'A415FXXS5DWI1\x00'
DEBUG:PIL.TiffImagePlugin:tag: DateTime (306) - type: string (2) Tag Location: 130 - Data Location: 190 - value: b'2024:01:31 10:00:36\x00'
DEBUG:PIL.TiffImagePlugin:tag: YCbCrPositioning (531) - type: short (3) - value: b'\x01\x00'
DEBUG:PIL.TiffImagePlugin:tag: ExifIFD (34665) - type: long (4) - value: b'\xe2\x00\x00\x00'
DEBUG:PIL.TiffImagePlugin:tag: ImageWidth (256) - type: long (4) - value: b'\xa0\x0f\x00\x00'
DEBUG:PIL.TiffImagePlugin:tag: ImageLength (257) - type: long (4) - value: b'\xca\x08\x00\x00'
DEBUG:PIL.TiffImagePlugin:tag: Make (271) - type: string (2) Tag Location: 46 - Data Location: 158 - value: b'samsung\x00'
DEBUG:PIL.TiffImagePlugin:tag: Model (272) - type: string (2) Tag Location: 58 - Data Location: 166 - value: b'SM-A415F\x00'
DEBUG:PIL.TiffImagePlugin:tag: Orientation (274) - type: short (3) - value: b'\x06\x00'
DEBUG:PIL.TiffImagePlugin:tag: XResolution (282) - type: rational (5) Tag Location: 82 - Data Location: 210 - value: b'H\x00\x00\x00\x01\x00\x00\x00'
DEBUG:PIL.TiffImagePlugin:tag: YResolution (283) - type: rational (5) Tag Location: 94 - Data Location: 218 - value: b'H\x00\x00\x00\x01\x00\x00\x00'
DEBUG:PIL.TiffImagePlugin:tag: ResolutionUnit (296) - type: short (3) - value: b'\x02\x00'
DEBUG:PIL.TiffImagePlugin:tag: Software (305) - type: string (2) Tag Location: 118 - Data Location: 176 - value: b'A415FXXS5DWI1\x00'
DEBUG:PIL.TiffImagePlugin:tag: DateTime (306) - type: string (2) Tag Location: 130 - Data Location: 190 - value: b'2024:01:31 10:00:41\x00'
DEBUG:PIL.TiffImagePlugin:tag: YCbCrPositioning (531) - type: short (3) - value: b'\x01\x00'
DEBUG:PIL.TiffImagePlugin:tag: ExifIFD (34665) - type: long (4) - value: b'\xe2\x00\x00\x00'
DEBUG:PIL.TiffImagePlugin:tag: ImageWidth (256) - type: long (4) - value: b'\xa0\x0f\x00\x00'
DEBUG:PIL.TiffImagePlugin:tag: ImageLength (257) - type: long (4) - value: b'\xca\x08\x00\x00'
DEBUG:PIL.TiffImagePlugin:tag: Make (271) - type: string (2) Tag Location: 46 - Data Location: 158 - value: b'samsung\x00'
DEBUG:PIL.TiffImagePlugin:tag: Model (272) - type: string (2) Tag Location: 58 - Data Location: 166 - value: b'SM-A415F\x00'
DEBUG:PIL.TiffImagePlugin:tag: Orientation (274) - type: short (3) - value: b'\x06\x00'
DEBUG:PIL.TiffImagePlugin:tag: XResolution (282) - type: rational (5) Tag Location: 82 - Data Location: 210 - value: b'H\x00\x00\x00\x01\x00\x00\x00'
DEBUG:PIL.TiffImagePlugin:tag: YResolution (283) - type: rational (5) Tag Location: 94 - Data Location: 218 - value: b'H\x00\x00\x00\x01\x00\x00\x00'
DEBUG:PIL.TiffImagePlugin:tag: ResolutionUnit (296) - type: short (3) - value: b'\x02\x00'
DEBUG:PIL.TiffImagePlugin:tag: Software (305) - type: string (2) Tag Location: 118 - Data Location: 176 - value: b'A415FXXS5DWI1\x00'
DEBUG:PIL.TiffImagePlugin:tag: DateTime (306) - type: string (2) Tag Location: 130 - Data Location: 190 - value: b'2024:01:31 10:02:46\x00'
DEBUG:PIL.TiffImagePlugin:tag: YCbCrPositioning (531) - type: short (3) - value: b'\x01\x00'
DEBUG:PIL.TiffImagePlugin:tag: ExifIFD (34665) - type: long (4) - value: b'\xe2\x00\x00\x00'
DEBUG:PIL.TiffImagePlugin:tag: ImageWidth (256) - type: long (4) - value: b'\xa0\x0f\x00\x00'
DEBUG:PIL.TiffImagePlugin:tag: ImageLength (257) - type: long (4) - value: b'\xca\x08\x00\x00'
DEBUG:PIL.TiffImagePlugin:tag: Make (271) - type: string (2) Tag Location: 46 - Data Location: 158 - value: b'samsung\x00'
DEBUG:PIL.TiffImagePlugin:tag: Model (272) - type: string (2) Tag Location: 58 - Data Location: 166 - value: b'SM-A415F\x00'
DEBUG:PIL.TiffImagePlugin:tag: Orientation (274) - type: short (3) - value: b'\x06\x00'
DEBUG:PIL.TiffImagePlugin:tag: XResolution (282) - type: rational (5) Tag Location: 82 - Data Location: 210 - value: b'H\x00\x00\x00\x01\x00\x00\x00'
DEBUG:PIL.TiffImagePlugin:tag: YResolution (283) - type: rational (5) Tag Location: 94 - Data Location: 218 - value: b'H\x00\x00\x00\x01\x00\x00\x00'
DEBUG:PIL.TiffImagePlugin:tag: ResolutionUnit (296) - type: short (3) - value: b'\x02\x00'
DEBUG:PIL.TiffImagePlugin:tag: Software (305) - type: string (2) Tag Location: 118 - Data Location: 176 - value: b'A415FXXS5DWI1\x00'
DEBUG:PIL.TiffImagePlugin:tag: DateTime (306) - type: string (2) Tag Location: 130 - Data Location: 190 - value: b'2024:01:31 10:02:51\x00'
DEBUG:PIL.TiffImagePlugin:tag: YCbCrPositioning (531) - type: short (3) - value: b'\x01\x00'
DEBUG:PIL.TiffImagePlugin:tag: ExifIFD (34665) - type: long (4) - value: b'\xe2\x00\x00\x00'
DEBUG:PIL.TiffImagePlugin:tag: ImageWidth (256) - type: long (4) - value: b'\xa0\x0f\x00\x00'
DEBUG:PIL.TiffImagePlugin:tag: ImageLength (257) - type: long (4) - value: b'\xca\x08\x00\x00'
DEBUG:PIL.TiffImagePlugin:tag: Make (271) - type: string (2) Tag Location: 46 - Data Location: 158 - value: b'samsung\x00'
DEBUG:PIL.TiffImagePlugin:tag: Model (272) - type: string (2) Tag Location: 58 - Data Location: 166 - value: b'SM-A415F\x00'
DEBUG:PIL.TiffImagePlugin:tag: Orientation (274) - type: short (3) - value: b'\x06\x00'
DEBUG:PIL.TiffImagePlugin:tag: XResolution (282) - type: rational (5) Tag Location: 82 - Data Location: 210 - value: b'H\x00\x00\x00\x01\x00\x00\x00'
DEBUG:PIL.TiffImagePlugin:tag: YResolution (283) - type: rational (5) Tag Location: 94 - Data Location: 218 - value: b'H\x00\x00\x00\x01\x00\x00\x00'
DEBUG:PIL.TiffImagePlugin:tag: ResolutionUnit (296) - type: short (3) - value: b'\x02\x00'
DEBUG:PIL.TiffImagePlugin:tag: Software (305) - type: string (2) Tag Location: 118 - Data Location: 176 - value: b'A415FXXS5DWI1\x00'
DEBUG:PIL.TiffImagePlugin:tag: DateTime (306) - type: string (2) Tag Location: 130 - Data Location: 190 - value: b'2024:01:31 10:05:16\x00'
DEBUG:PIL.TiffImagePlugin:tag: YCbCrPositioning (531) - type: short (3) - value: b'\x01\x00'
DEBUG:PIL.TiffImagePlugin:tag: ExifIFD (34665) - type: long (4) - value: b'\xe2\x00\x00\x00'
DEBUG:PIL.TiffImagePlugin:tag: ImageWidth (256) - type: long (4) - value: b'\xa0\x0f\x00\x00'
DEBUG:PIL.TiffImagePlugin:tag: ImageLength (257) - type: long (4) - value: b'\xca\x08\x00\x00'
DEBUG:PIL.TiffImagePlugin:tag: Make (271) - type: string (2) Tag Location: 46 - Data Location: 158 - value: b'samsung\x00'
DEBUG:PIL.TiffImagePlugin:tag: Model (272) - type: string (2) Tag Location: 58 - Data Location: 166 - value: b'SM-A415F\x00'
DEBUG:PIL.TiffImagePlugin:tag: Orientation (274) - type: short (3) - value: b'\x06\x00'
DEBUG:PIL.TiffImagePlugin:tag: XResolution (282) - type: rational (5) Tag Location: 82 - Data Location: 210 - value: b'H\x00\x00\x00\x01\x00\x00\x00'
DEBUG:PIL.TiffImagePlugin:tag: YResolution (283) - type: rational (5) Tag Location: 94 - Data Location: 218 - value: b'H\x00\x00\x00\x01\x00\x00\x00'
DEBUG:PIL.TiffImagePlugin:tag: ResolutionUnit (296) - type: short (3) - value: b'\x02\x00'
DEBUG:PIL.TiffImagePlugin:tag: Software (305) - type: string (2) Tag Location: 118 - Data Location: 176 - value: b'A415FXXS5DWI1\x00'
DEBUG:PIL.TiffImagePlugin:tag: DateTime (306) - type: string (2) Tag Location: 130 - Data Location: 190 - value: b'2024:01:31 10:05:19\x00'
DEBUG:PIL.TiffImagePlugin:tag: YCbCrPositioning (531) - type: short (3) - value: b'\x01\x00'
DEBUG:PIL.TiffImagePlugin:tag: ExifIFD (34665) - type: long (4) - value: b'\xe2\x00\x00\x00'
DEBUG:PIL.TiffImagePlugin:tag: ImageWidth (256) - type: long (4) - value: b'\xa0\x0f\x00\x00'
DEBUG:PIL.TiffImagePlugin:tag: ImageLength (257) - type: long (4) - value: b'\xca\x08\x00\x00'
DEBUG:PIL.TiffImagePlugin:tag: Make (271) - type: string (2) Tag Location: 46 - Data Location: 158 - value: b'samsung\x00'
DEBUG:PIL.TiffImagePlugin:tag: Model (272) - type: string (2) Tag Location: 58 - Data Location: 166 - value: b'SM-A415F\x00'
DEBUG:PIL.TiffImagePlugin:tag: Orientation (274) - type: short (3) - value: b'\x06\x00'
DEBUG:PIL.TiffImagePlugin:tag: XResolution (282) - type: rational (5) Tag Location: 82 - Data Location: 210 - value: b'H\x00\x00\x00\x01\x00\x00\x00'
DEBUG:PIL.TiffImagePlugin:tag: YResolution (283) - type: rational (5) Tag Location: 94 - Data Location: 218 - value: b'H\x00\x00\x00\x01\x00\x00\x00'
DEBUG:PIL.TiffImagePlugin:tag: ResolutionUnit (296) - type: short (3) - value: b'\x02\x00'
DEBUG:PIL.TiffImagePlugin:tag: Software (305) - type: string (2) Tag Location: 118 - Data Location: 176 - value: b'A415FXXS5DWI1\x00'
DEBUG:PIL.TiffImagePlugin:tag: DateTime (306) - type: string (2) Tag Location: 130 - Data Location: 190 - value: b'2024:01:31 10:05:24\x00'
DEBUG:PIL.TiffImagePlugin:tag: YCbCrPositioning (531) - type: short (3) - value: b'\x01\x00'
DEBUG:PIL.TiffImagePlugin:tag: ExifIFD (34665) - type: long (4) - value: b'\xe2\x00\x00\x00'
DEBUG:PIL.TiffImagePlugin:tag: ImageWidth (256) - type: long (4) - value: b'\xa0\x0f\x00\x00'
DEBUG:PIL.TiffImagePlugin:tag: ImageLength (257) - type: long (4) - value: b'\xca\x08\x00\x00'
DEBUG:PIL.TiffImagePlugin:tag: Make (271) - type: string (2) Tag Location: 46 - Data Location: 158 - value: b'samsung\x00'
DEBUG:PIL.TiffImagePlugin:tag: Model (272) - type: string (2) Tag Location: 58 - Data Location: 166 - value: b'SM-A415F\x00'
DEBUG:PIL.TiffImagePlugin:tag: Orientation (274) - type: short (3) - value: b'\x06\x00'
DEBUG:PIL.TiffImagePlugin:tag: XResolution (282) - type: rational (5) Tag Location: 82 - Data Location: 210 - value: b'H\x00\x00\x00\x01\x00\x00\x00'
DEBUG:PIL.TiffImagePlugin:tag: YResolution (283) - type: rational (5) Tag Location: 94 - Data Location: 218 - value: b'H\x00\x00\x00\x01\x00\x00\x00'
DEBUG:PIL.TiffImagePlugin:tag: ResolutionUnit (296) - type: short (3) - value: b'\x02\x00'
DEBUG:PIL.TiffImagePlugin:tag: Software (305) - type: string (2) Tag Location: 118 - Data Location: 176 - value: b'A415FXXS5DWI1\x00'
DEBUG:PIL.TiffImagePlugin:tag: DateTime (306) - type: string (2) Tag Location: 130 - Data Location: 190 - value: b'2024:01:30 12:26:01\x00'
DEBUG:PIL.TiffImagePlugin:tag: YCbCrPositioning (531) - type: short (3) - value: b'\x01\x00'
DEBUG:PIL.TiffImagePlugin:tag: ExifIFD (34665) - type: long (4) - value: b'\xe2\x00\x00\x00'
DEBUG:PIL.TiffImagePlugin:tag: ImageWidth (256) - type: long (4) - value: b'\xa0\x0f\x00\x00'
DEBUG:PIL.TiffImagePlugin:tag: ImageLength (257) - type: long (4) - value: b'\xca\x08\x00\x00'
DEBUG:PIL.TiffImagePlugin:tag: Make (271) - type: string (2) Tag Location: 46 - Data Location: 158 - value: b'samsung\x00'
DEBUG:PIL.TiffImagePlugin:tag: Model (272) - type: string (2) Tag Location: 58 - Data Location: 166 - value: b'SM-A415F\x00'
DEBUG:PIL.TiffImagePlugin:tag: Orientation (274) - type: short (3) - value: b'\x06\x00'
DEBUG:PIL.TiffImagePlugin:tag: XResolution (282) - type: rational (5) Tag Location: 82 - Data Location: 210 - value: b'H\x00\x00\x00\x01\x00\x00\x00'
DEBUG:PIL.TiffImagePlugin:tag: YResolution (283) - type: rational (5) Tag Location: 94 - Data Location: 218 - value: b'H\x00\x00\x00\x01\x00\x00\x00'
DEBUG:PIL.TiffImagePlugin:tag: ResolutionUnit (296) - type: short (3) - value: b'\x02\x00'
DEBUG:PIL.TiffImagePlugin:tag: Software (305) - type: string (2) Tag Location: 118 - Data Location: 176 - value: b'A415FXXS5DWI1\x00'
DEBUG:PIL.TiffImagePlugin:tag: DateTime (306) - type: string (2) Tag Location: 130 - Data Location: 190 - value: b'2024:01:30 12:27:06\x00'
DEBUG:PIL.TiffImagePlugin:tag: YCbCrPositioning (531) - type: short (3) - value: b'\x01\x00'
DEBUG:PIL.TiffImagePlugin:tag: ExifIFD (34665) - type: long (4) - value: b'\xe2\x00\x00\x00'
DEBUG:PIL.TiffImagePlugin:tag: ImageWidth (256) - type: long (4) - value: b'\xa0\x0f\x00\x00'
DEBUG:PIL.TiffImagePlugin:tag: ImageLength (257) - type: long (4) - value: b'\xca\x08\x00\x00'
DEBUG:PIL.TiffImagePlugin:tag: Make (271) - type: string (2) Tag Location: 46 - Data Location: 158 - value: b'samsung\x00'
DEBUG:PIL.TiffImagePlugin:tag: Model (272) - type: string (2) Tag Location: 58 - Data Location: 166 - value: b'SM-A415F\x00'
DEBUG:PIL.TiffImagePlugin:tag: Orientation (274) - type: short (3) - value: b'\x06\x00'
DEBUG:PIL.TiffImagePlugin:tag: XResolution (282) - type: rational (5) Tag Location: 82 - Data Location: 210 - value: b'H\x00\x00\x00\x01\x00\x00\x00'
DEBUG:PIL.TiffImagePlugin:tag: YResolution (283) - type: rational (5) Tag Location: 94 - Data Location: 218 - value: b'H\x00\x00\x00\x01\x00\x00\x00'
DEBUG:PIL.TiffImagePlugin:tag: ResolutionUnit (296) - type: short (3) - value: b'\x02\x00'
DEBUG:PIL.TiffImagePlugin:tag: Software (305) - type: string (2) Tag Location: 118 - Data Location: 176 - value: b'A415FXXS5DWI1\x00'
DEBUG:PIL.TiffImagePlugin:tag: DateTime (306) - type: string (2) Tag Location: 130 - Data Location: 190 - value: b'2024:01:30 12:27:29\x00'
DEBUG:PIL.TiffImagePlugin:tag: YCbCrPositioning (531) - type: short (3) - value: b'\x01\x00'
DEBUG:PIL.TiffImagePlugin:tag: ExifIFD (34665) - type: long (4) - value: b'\xe2\x00\x00\x00'
DEBUG:PIL.TiffImagePlugin:tag: ImageWidth (256) - type: long (4) - value: b'\xa0\x0f\x00\x00'
DEBUG:PIL.TiffImagePlugin:tag: ImageLength (257) - type: long (4) - value: b'\xca\x08\x00\x00'
DEBUG:PIL.TiffImagePlugin:tag: Make (271) - type: string (2) Tag Location: 46 - Data Location: 158 - value: b'samsung\x00'
DEBUG:PIL.TiffImagePlugin:tag: Model (272) - type: string (2) Tag Location: 58 - Data Location: 166 - value: b'SM-A415F\x00'
DEBUG:PIL.TiffImagePlugin:tag: Orientation (274) - type: short (3) - value: b'\x06\x00'
DEBUG:PIL.TiffImagePlugin:tag: XResolution (282) - type: rational (5) Tag Location: 82 - Data Location: 210 - value: b'H\x00\x00\x00\x01\x00\x00\x00'
DEBUG:PIL.TiffImagePlugin:tag: YResolution (283) - type: rational (5) Tag Location: 94 - Data Location: 218 - value: b'H\x00\x00\x00\x01\x00\x00\x00'
DEBUG:PIL.TiffImagePlugin:tag: ResolutionUnit (296) - type: short (3) - value: b'\x02\x00'
DEBUG:PIL.TiffImagePlugin:tag: Software (305) - type: string (2) Tag Location: 118 - Data Location: 176 - value: b'A415FXXS5DWI1\x00'
DEBUG:PIL.TiffImagePlugin:tag: DateTime (306) - type: string (2) Tag Location: 130 - Data Location: 190 - value: b'2024:01:30 12:28:42\x00'
DEBUG:PIL.TiffImagePlugin:tag: YCbCrPositioning (531) - type: short (3) - value: b'\x01\x00'
DEBUG:PIL.TiffImagePlugin:tag: ExifIFD (34665) - type: long (4) - value: b'\xe2\x00\x00\x00'
DEBUG:PIL.TiffImagePlugin:tag: ImageWidth (256) - type: long (4) - value: b'\xa0\x0f\x00\x00'
DEBUG:PIL.TiffImagePlugin:tag: ImageLength (257) - type: long (4) - value: b'\xca\x08\x00\x00'
DEBUG:PIL.TiffImagePlugin:tag: Make (271) - type: string (2) Tag Location: 46 - Data Location: 158 - value: b'samsung\x00'
DEBUG:PIL.TiffImagePlugin:tag: Model (272) - type: string (2) Tag Location: 58 - Data Location: 166 - value: b'SM-A415F\x00'
DEBUG:PIL.TiffImagePlugin:tag: Orientation (274) - type: short (3) - value: b'\x06\x00'
DEBUG:PIL.TiffImagePlugin:tag: XResolution (282) - type: rational (5) Tag Location: 82 - Data Location: 210 - value: b'H\x00\x00\x00\x01\x00\x00\x00'
DEBUG:PIL.TiffImagePlugin:tag: YResolution (283) - type: rational (5) Tag Location: 94 - Data Location: 218 - value: b'H\x00\x00\x00\x01\x00\x00\x00'
DEBUG:PIL.TiffImagePlugin:tag: ResolutionUnit (296) - type: short (3) - value: b'\x02\x00'
DEBUG:PIL.TiffImagePlugin:tag: Software (305) - type: string (2) Tag Location: 118 - Data Location: 176 - value: b'A415FXXS5DWI1\x00'
DEBUG:PIL.TiffImagePlugin:tag: DateTime (306) - type: string (2) Tag Location: 130 - Data Location: 190 - value: b'2024:01:31 10:46:09\x00'
DEBUG:PIL.TiffImagePlugin:tag: YCbCrPositioning (531) - type: short (3) - value: b'\x01\x00'
DEBUG:PIL.TiffImagePlugin:tag: ExifIFD (34665) - type: long (4) - value: b'\xe2\x00\x00\x00'
DEBUG:PIL.TiffImagePlugin:tag: ImageWidth (256) - type: long (4) - value: b'\xa0\x0f\x00\x00'
DEBUG:PIL.TiffImagePlugin:tag: ImageLength (257) - type: long (4) - value: b'\xca\x08\x00\x00'
DEBUG:PIL.TiffImagePlugin:tag: Make (271) - type: string (2) Tag Location: 46 - Data Location: 158 - value: b'samsung\x00'
DEBUG:PIL.TiffImagePlugin:tag: Model (272) - type: string (2) Tag Location: 58 - Data Location: 166 - value: b'SM-A415F\x00'
DEBUG:PIL.TiffImagePlugin:tag: Orientation (274) - type: short (3) - value: b'\x06\x00'
DEBUG:PIL.TiffImagePlugin:tag: XResolution (282) - type: rational (5) Tag Location: 82 - Data Location: 210 - value: b'H\x00\x00\x00\x01\x00\x00\x00'
DEBUG:PIL.TiffImagePlugin:tag: YResolution (283) - type: rational (5) Tag Location: 94 - Data Location: 218 - value: b'H\x00\x00\x00\x01\x00\x00\x00'
DEBUG:PIL.TiffImagePlugin:tag: ResolutionUnit (296) - type: short (3) - value: b'\x02\x00'
DEBUG:PIL.TiffImagePlugin:tag: Software (305) - type: string (2) Tag Location: 118 - Data Location: 176 - value: b'A415FXXS5DWI1\x00'
DEBUG:PIL.TiffImagePlugin:tag: DateTime (306) - type: string (2) Tag Location: 130 - Data Location: 190 - value: b'2024:01:30 13:44:46\x00'
DEBUG:PIL.TiffImagePlugin:tag: YCbCrPositioning (531) - type: short (3) - value: b'\x01\x00'
DEBUG:PIL.TiffImagePlugin:tag: ExifIFD (34665) - type: long (4) - value: b'\xe2\x00\x00\x00'
DEBUG:PIL.TiffImagePlugin:tag: ImageWidth (256) - type: long (4) - value: b'\xa0\x0f\x00\x00'
DEBUG:PIL.TiffImagePlugin:tag: ImageLength (257) - type: long (4) - value: b'\xca\x08\x00\x00'
DEBUG:PIL.TiffImagePlugin:tag: Make (271) - type: string (2) Tag Location: 46 - Data Location: 158 - value: b'samsung\x00'
DEBUG:PIL.TiffImagePlugin:tag: Model (272) - type: string (2) Tag Location: 58 - Data Location: 166 - value: b'SM-A415F\x00'
DEBUG:PIL.TiffImagePlugin:tag: Orientation (274) - type: short (3) - value: b'\x06\x00'
DEBUG:PIL.TiffImagePlugin:tag: XResolution (282) - type: rational (5) Tag Location: 82 - Data Location: 210 - value: b'H\x00\x00\x00\x01\x00\x00\x00'
DEBUG:PIL.TiffImagePlugin:tag: YResolution (283) - type: rational (5) Tag Location: 94 - Data Location: 218 - value: b'H\x00\x00\x00\x01\x00\x00\x00'
DEBUG:PIL.TiffImagePlugin:tag: ResolutionUnit (296) - type: short (3) - value: b'\x02\x00'
DEBUG:PIL.TiffImagePlugin:tag: Software (305) - type: string (2) Tag Location: 118 - Data Location: 176 - value: b'A415FXXS5DWI1\x00'
DEBUG:PIL.TiffImagePlugin:tag: DateTime (306) - type: string (2) Tag Location: 130 - Data Location: 190 - value: b'2024:01:30 13:44:51\x00'
DEBUG:PIL.TiffImagePlugin:tag: YCbCrPositioning (531) - type: short (3) - value: b'\x01\x00'
DEBUG:PIL.TiffImagePlugin:tag: ExifIFD (34665) - type: long (4) - value: b'\xe2\x00\x00\x00'
ERROR:app:Exception on /equipo-11152 [GET]
Traceback (most recent call last):
  File "/home/cuartazona/redes/envRedes/lib/python3.11/site-packages/flask/app.py", line 2190, in wsgi_app
    response = self.full_dispatch_request()
               ^^^^^^^^^^^^^^^^^^^^^^^^^^^^
  File "/home/cuartazona/redes/envRedes/lib/python3.11/site-packages/flask/app.py", line 1486, in full_dispatch_request
    rv = self.handle_user_exception(e)
         ^^^^^^^^^^^^^^^^^^^^^^^^^^^^^
  File "/home/cuartazona/redes/envRedes/lib/python3.11/site-packages/flask/app.py", line 1484, in full_dispatch_request
    rv = self.dispatch_request()
         ^^^^^^^^^^^^^^^^^^^^^^^
  File "/home/cuartazona/redes/envRedes/lib/python3.11/site-packages/flask/app.py", line 1469, in dispatch_request
    return self.ensure_sync(self.view_functions[rule.endpoint])(**view_args)
           ^^^^^^^^^^^^^^^^^^^^^^^^^^^^^^^^^^^^^^^^^^^^^^^^^^^^^^^^^^^^^^^^^
  File "/home/cuartazona/redes/app/auxiliar.py", line 118, in wrap
    return f(*args, **kwargs)
           ^^^^^^^^^^^^^^^^^^
  File "/home/cuartazona/redes/app/auditoria.py", line 194, in equipo
    WHERE t.id = ?""", (equipo['id_tratamiento'],))
                        ~~~~~~^^^^^^^^^^^^^^^^^^
TypeError: 'NoneType' object is not subscriptable
DEBUG:PIL.TiffImagePlugin:tag: ImageWidth (256) - type: long (4) - value: b'\xa0\x0f\x00\x00'
DEBUG:PIL.TiffImagePlugin:tag: ImageLength (257) - type: long (4) - value: b'\xca\x08\x00\x00'
DEBUG:PIL.TiffImagePlugin:tag: Make (271) - type: string (2) Tag Location: 46 - Data Location: 158 - value: b'samsung\x00'
DEBUG:PIL.TiffImagePlugin:tag: Model (272) - type: string (2) Tag Location: 58 - Data Location: 166 - value: b'SM-A415F\x00'
DEBUG:PIL.TiffImagePlugin:tag: Orientation (274) - type: short (3) - value: b'\x06\x00'
DEBUG:PIL.TiffImagePlugin:tag: XResolution (282) - type: rational (5) Tag Location: 82 - Data Location: 210 - value: b'H\x00\x00\x00\x01\x00\x00\x00'
DEBUG:PIL.TiffImagePlugin:tag: YResolution (283) - type: rational (5) Tag Location: 94 - Data Location: 218 - value: b'H\x00\x00\x00\x01\x00\x00\x00'
DEBUG:PIL.TiffImagePlugin:tag: ResolutionUnit (296) - type: short (3) - value: b'\x02\x00'
DEBUG:PIL.TiffImagePlugin:tag: Software (305) - type: string (2) Tag Location: 118 - Data Location: 176 - value: b'A415FXXS5DWI1\x00'
DEBUG:PIL.TiffImagePlugin:tag: DateTime (306) - type: string (2) Tag Location: 130 - Data Location: 190 - value: b'2024:01:30 13:44:12\x00'
DEBUG:PIL.TiffImagePlugin:tag: YCbCrPositioning (531) - type: short (3) - value: b'\x01\x00'
DEBUG:PIL.TiffImagePlugin:tag: ExifIFD (34665) - type: long (4) - value: b'\xe2\x00\x00\x00'
DEBUG:PIL.TiffImagePlugin:tag: ImageWidth (256) - type: long (4) - value: b'\xa0\x0f\x00\x00'
DEBUG:PIL.TiffImagePlugin:tag: ImageLength (257) - type: long (4) - value: b'\xca\x08\x00\x00'
DEBUG:PIL.TiffImagePlugin:tag: Make (271) - type: string (2) Tag Location: 46 - Data Location: 158 - value: b'samsung\x00'
DEBUG:PIL.TiffImagePlugin:tag: Model (272) - type: string (2) Tag Location: 58 - Data Location: 166 - value: b'SM-A415F\x00'
DEBUG:PIL.TiffImagePlugin:tag: Orientation (274) - type: short (3) - value: b'\x06\x00'
DEBUG:PIL.TiffImagePlugin:tag: XResolution (282) - type: rational (5) Tag Location: 82 - Data Location: 210 - value: b'H\x00\x00\x00\x01\x00\x00\x00'
DEBUG:PIL.TiffImagePlugin:tag: YResolution (283) - type: rational (5) Tag Location: 94 - Data Location: 218 - value: b'H\x00\x00\x00\x01\x00\x00\x00'
DEBUG:PIL.TiffImagePlugin:tag: ResolutionUnit (296) - type: short (3) - value: b'\x02\x00'
DEBUG:PIL.TiffImagePlugin:tag: Software (305) - type: string (2) Tag Location: 118 - Data Location: 176 - value: b'A415FXXS5DWI1\x00'
DEBUG:PIL.TiffImagePlugin:tag: DateTime (306) - type: string (2) Tag Location: 130 - Data Location: 190 - value: b'2024:01:30 13:45:51\x00'
DEBUG:PIL.TiffImagePlugin:tag: YCbCrPositioning (531) - type: short (3) - value: b'\x01\x00'
DEBUG:PIL.TiffImagePlugin:tag: ExifIFD (34665) - type: long (4) - value: b'\xe2\x00\x00\x00'
DEBUG:PIL.TiffImagePlugin:tag: ImageWidth (256) - type: long (4) - value: b'\xa0\x0f\x00\x00'
DEBUG:PIL.TiffImagePlugin:tag: ImageLength (257) - type: long (4) - value: b'\xca\x08\x00\x00'
DEBUG:PIL.TiffImagePlugin:tag: Make (271) - type: string (2) Tag Location: 46 - Data Location: 158 - value: b'samsung\x00'
DEBUG:PIL.TiffImagePlugin:tag: Model (272) - type: string (2) Tag Location: 58 - Data Location: 166 - value: b'SM-A415F\x00'
DEBUG:PIL.TiffImagePlugin:tag: Orientation (274) - type: short (3) - value: b'\x08\x00'
DEBUG:PIL.TiffImagePlugin:tag: XResolution (282) - type: rational (5) Tag Location: 82 - Data Location: 210 - value: b'H\x00\x00\x00\x01\x00\x00\x00'
DEBUG:PIL.TiffImagePlugin:tag: YResolution (283) - type: rational (5) Tag Location: 94 - Data Location: 218 - value: b'H\x00\x00\x00\x01\x00\x00\x00'
DEBUG:PIL.TiffImagePlugin:tag: ResolutionUnit (296) - type: short (3) - value: b'\x02\x00'
DEBUG:PIL.TiffImagePlugin:tag: Software (305) - type: string (2) Tag Location: 118 - Data Location: 176 - value: b'A415FXXS5DWI1\x00'
DEBUG:PIL.TiffImagePlugin:tag: DateTime (306) - type: string (2) Tag Location: 130 - Data Location: 190 - value: b'2024:01:30 11:55:46\x00'
DEBUG:PIL.TiffImagePlugin:tag: YCbCrPositioning (531) - type: short (3) - value: b'\x01\x00'
DEBUG:PIL.TiffImagePlugin:tag: ExifIFD (34665) - type: long (4) - value: b'\xe2\x00\x00\x00'
DEBUG:PIL.TiffImagePlugin:tag: ImageWidth (256) - type: long (4) - value: b'\xa0\x0f\x00\x00'
DEBUG:PIL.TiffImagePlugin:tag: ImageLength (257) - type: long (4) - value: b'\xca\x08\x00\x00'
DEBUG:PIL.TiffImagePlugin:tag: Make (271) - type: string (2) Tag Location: 46 - Data Location: 158 - value: b'samsung\x00'
DEBUG:PIL.TiffImagePlugin:tag: Model (272) - type: string (2) Tag Location: 58 - Data Location: 166 - value: b'SM-A415F\x00'
DEBUG:PIL.TiffImagePlugin:tag: Orientation (274) - type: short (3) - value: b'\x06\x00'
DEBUG:PIL.TiffImagePlugin:tag: XResolution (282) - type: rational (5) Tag Location: 82 - Data Location: 210 - value: b'H\x00\x00\x00\x01\x00\x00\x00'
DEBUG:PIL.TiffImagePlugin:tag: YResolution (283) - type: rational (5) Tag Location: 94 - Data Location: 218 - value: b'H\x00\x00\x00\x01\x00\x00\x00'
DEBUG:PIL.TiffImagePlugin:tag: ResolutionUnit (296) - type: short (3) - value: b'\x02\x00'
DEBUG:PIL.TiffImagePlugin:tag: Software (305) - type: string (2) Tag Location: 118 - Data Location: 176 - value: b'A415FXXS5DWI1\x00'
DEBUG:PIL.TiffImagePlugin:tag: DateTime (306) - type: string (2) Tag Location: 130 - Data Location: 190 - value: b'2024:01:30 11:57:14\x00'
DEBUG:PIL.TiffImagePlugin:tag: YCbCrPositioning (531) - type: short (3) - value: b'\x01\x00'
DEBUG:PIL.TiffImagePlugin:tag: ExifIFD (34665) - type: long (4) - value: b'\xe2\x00\x00\x00'
DEBUG:PIL.TiffImagePlugin:tag: ImageWidth (256) - type: long (4) - value: b'\xa0\x0f\x00\x00'
DEBUG:PIL.TiffImagePlugin:tag: ImageLength (257) - type: long (4) - value: b'\xca\x08\x00\x00'
DEBUG:PIL.TiffImagePlugin:tag: Make (271) - type: string (2) Tag Location: 46 - Data Location: 158 - value: b'samsung\x00'
DEBUG:PIL.TiffImagePlugin:tag: Model (272) - type: string (2) Tag Location: 58 - Data Location: 166 - value: b'SM-A415F\x00'
DEBUG:PIL.TiffImagePlugin:tag: Orientation (274) - type: short (3) - value: b'\x06\x00'
DEBUG:PIL.TiffImagePlugin:tag: XResolution (282) - type: rational (5) Tag Location: 82 - Data Location: 210 - value: b'H\x00\x00\x00\x01\x00\x00\x00'
DEBUG:PIL.TiffImagePlugin:tag: YResolution (283) - type: rational (5) Tag Location: 94 - Data Location: 218 - value: b'H\x00\x00\x00\x01\x00\x00\x00'
DEBUG:PIL.TiffImagePlugin:tag: ResolutionUnit (296) - type: short (3) - value: b'\x02\x00'
DEBUG:PIL.TiffImagePlugin:tag: Software (305) - type: string (2) Tag Location: 118 - Data Location: 176 - value: b'A415FXXS5DWI1\x00'
DEBUG:PIL.TiffImagePlugin:tag: DateTime (306) - type: string (2) Tag Location: 130 - Data Location: 190 - value: b'2024:01:30 12:20:12\x00'
DEBUG:PIL.TiffImagePlugin:tag: YCbCrPositioning (531) - type: short (3) - value: b'\x01\x00'
DEBUG:PIL.TiffImagePlugin:tag: ExifIFD (34665) - type: long (4) - value: b'\xe2\x00\x00\x00'
DEBUG:PIL.TiffImagePlugin:tag: ImageWidth (256) - type: long (4) - value: b'\xa0\x0f\x00\x00'
DEBUG:PIL.TiffImagePlugin:tag: ImageLength (257) - type: long (4) - value: b'\xca\x08\x00\x00'
DEBUG:PIL.TiffImagePlugin:tag: Make (271) - type: string (2) Tag Location: 46 - Data Location: 158 - value: b'samsung\x00'
DEBUG:PIL.TiffImagePlugin:tag: Model (272) - type: string (2) Tag Location: 58 - Data Location: 166 - value: b'SM-A415F\x00'
DEBUG:PIL.TiffImagePlugin:tag: Orientation (274) - type: short (3) - value: b'\x06\x00'
DEBUG:PIL.TiffImagePlugin:tag: XResolution (282) - type: rational (5) Tag Location: 82 - Data Location: 210 - value: b'H\x00\x00\x00\x01\x00\x00\x00'
DEBUG:PIL.TiffImagePlugin:tag: YResolution (283) - type: rational (5) Tag Location: 94 - Data Location: 218 - value: b'H\x00\x00\x00\x01\x00\x00\x00'
DEBUG:PIL.TiffImagePlugin:tag: ResolutionUnit (296) - type: short (3) - value: b'\x02\x00'
DEBUG:PIL.TiffImagePlugin:tag: Software (305) - type: string (2) Tag Location: 118 - Data Location: 176 - value: b'A415FXXS5DWI1\x00'
DEBUG:PIL.TiffImagePlugin:tag: DateTime (306) - type: string (2) Tag Location: 130 - Data Location: 190 - value: b'2024:01:30 10:03:10\x00'
DEBUG:PIL.TiffImagePlugin:tag: YCbCrPositioning (531) - type: short (3) - value: b'\x01\x00'
DEBUG:PIL.TiffImagePlugin:tag: ExifIFD (34665) - type: long (4) - value: b'\xe2\x00\x00\x00'
DEBUG:PIL.TiffImagePlugin:tag: ImageWidth (256) - type: long (4) - value: b'\xa0\x0f\x00\x00'
DEBUG:PIL.TiffImagePlugin:tag: ImageLength (257) - type: long (4) - value: b'\xca\x08\x00\x00'
DEBUG:PIL.TiffImagePlugin:tag: Make (271) - type: string (2) Tag Location: 46 - Data Location: 158 - value: b'samsung\x00'
DEBUG:PIL.TiffImagePlugin:tag: Model (272) - type: string (2) Tag Location: 58 - Data Location: 166 - value: b'SM-A415F\x00'
DEBUG:PIL.TiffImagePlugin:tag: Orientation (274) - type: short (3) - value: b'\x06\x00'
DEBUG:PIL.TiffImagePlugin:tag: XResolution (282) - type: rational (5) Tag Location: 82 - Data Location: 210 - value: b'H\x00\x00\x00\x01\x00\x00\x00'
DEBUG:PIL.TiffImagePlugin:tag: YResolution (283) - type: rational (5) Tag Location: 94 - Data Location: 218 - value: b'H\x00\x00\x00\x01\x00\x00\x00'
DEBUG:PIL.TiffImagePlugin:tag: ResolutionUnit (296) - type: short (3) - value: b'\x02\x00'
DEBUG:PIL.TiffImagePlugin:tag: Software (305) - type: string (2) Tag Location: 118 - Data Location: 176 - value: b'A415FXXS5DWI1\x00'
DEBUG:PIL.TiffImagePlugin:tag: DateTime (306) - type: string (2) Tag Location: 130 - Data Location: 190 - value: b'2024:01:30 11:26:51\x00'
DEBUG:PIL.TiffImagePlugin:tag: YCbCrPositioning (531) - type: short (3) - value: b'\x01\x00'
DEBUG:PIL.TiffImagePlugin:tag: ExifIFD (34665) - type: long (4) - value: b'\xe2\x00\x00\x00'
DEBUG:PIL.TiffImagePlugin:tag: ImageWidth (256) - type: long (4) - value: b'\xa0\x0f\x00\x00'
DEBUG:PIL.TiffImagePlugin:tag: ImageLength (257) - type: long (4) - value: b'\xca\x08\x00\x00'
DEBUG:PIL.TiffImagePlugin:tag: Make (271) - type: string (2) Tag Location: 46 - Data Location: 158 - value: b'samsung\x00'
DEBUG:PIL.TiffImagePlugin:tag: Model (272) - type: string (2) Tag Location: 58 - Data Location: 166 - value: b'SM-A415F\x00'
DEBUG:PIL.TiffImagePlugin:tag: Orientation (274) - type: short (3) - value: b'\x06\x00'
DEBUG:PIL.TiffImagePlugin:tag: XResolution (282) - type: rational (5) Tag Location: 82 - Data Location: 210 - value: b'H\x00\x00\x00\x01\x00\x00\x00'
DEBUG:PIL.TiffImagePlugin:tag: YResolution (283) - type: rational (5) Tag Location: 94 - Data Location: 218 - value: b'H\x00\x00\x00\x01\x00\x00\x00'
DEBUG:PIL.TiffImagePlugin:tag: ResolutionUnit (296) - type: short (3) - value: b'\x02\x00'
DEBUG:PIL.TiffImagePlugin:tag: Software (305) - type: string (2) Tag Location: 118 - Data Location: 176 - value: b'A415FXXS5DWI1\x00'
DEBUG:PIL.TiffImagePlugin:tag: DateTime (306) - type: string (2) Tag Location: 130 - Data Location: 190 - value: b'2024:01:30 11:26:55\x00'
DEBUG:PIL.TiffImagePlugin:tag: YCbCrPositioning (531) - type: short (3) - value: b'\x01\x00'
DEBUG:PIL.TiffImagePlugin:tag: ExifIFD (34665) - type: long (4) - value: b'\xe2\x00\x00\x00'
DEBUG:PIL.TiffImagePlugin:tag: ImageWidth (256) - type: long (4) - value: b'\xa0\x0f\x00\x00'
DEBUG:PIL.TiffImagePlugin:tag: ImageLength (257) - type: long (4) - value: b'\xca\x08\x00\x00'
DEBUG:PIL.TiffImagePlugin:tag: Make (271) - type: string (2) Tag Location: 46 - Data Location: 158 - value: b'samsung\x00'
DEBUG:PIL.TiffImagePlugin:tag: Model (272) - type: string (2) Tag Location: 58 - Data Location: 166 - value: b'SM-A415F\x00'
DEBUG:PIL.TiffImagePlugin:tag: Orientation (274) - type: short (3) - value: b'\x06\x00'
DEBUG:PIL.TiffImagePlugin:tag: XResolution (282) - type: rational (5) Tag Location: 82 - Data Location: 210 - value: b'H\x00\x00\x00\x01\x00\x00\x00'
DEBUG:PIL.TiffImagePlugin:tag: YResolution (283) - type: rational (5) Tag Location: 94 - Data Location: 218 - value: b'H\x00\x00\x00\x01\x00\x00\x00'
DEBUG:PIL.TiffImagePlugin:tag: ResolutionUnit (296) - type: short (3) - value: b'\x02\x00'
DEBUG:PIL.TiffImagePlugin:tag: Software (305) - type: string (2) Tag Location: 118 - Data Location: 176 - value: b'A415FXXS5DWI1\x00'
DEBUG:PIL.TiffImagePlugin:tag: DateTime (306) - type: string (2) Tag Location: 130 - Data Location: 190 - value: b'2024:01:30 11:29:15\x00'
DEBUG:PIL.TiffImagePlugin:tag: YCbCrPositioning (531) - type: short (3) - value: b'\x01\x00'
DEBUG:PIL.TiffImagePlugin:tag: ExifIFD (34665) - type: long (4) - value: b'\xe2\x00\x00\x00'
DEBUG:PIL.TiffImagePlugin:tag: ImageWidth (256) - type: long (4) - value: b'\xa0\x0f\x00\x00'
DEBUG:PIL.TiffImagePlugin:tag: ImageLength (257) - type: long (4) - value: b'\xca\x08\x00\x00'
DEBUG:PIL.TiffImagePlugin:tag: Make (271) - type: string (2) Tag Location: 46 - Data Location: 158 - value: b'samsung\x00'
DEBUG:PIL.TiffImagePlugin:tag: Model (272) - type: string (2) Tag Location: 58 - Data Location: 166 - value: b'SM-A415F\x00'
DEBUG:PIL.TiffImagePlugin:tag: Orientation (274) - type: short (3) - value: b'\x06\x00'
DEBUG:PIL.TiffImagePlugin:tag: XResolution (282) - type: rational (5) Tag Location: 82 - Data Location: 210 - value: b'H\x00\x00\x00\x01\x00\x00\x00'
DEBUG:PIL.TiffImagePlugin:tag: YResolution (283) - type: rational (5) Tag Location: 94 - Data Location: 218 - value: b'H\x00\x00\x00\x01\x00\x00\x00'
DEBUG:PIL.TiffImagePlugin:tag: ResolutionUnit (296) - type: short (3) - value: b'\x02\x00'
DEBUG:PIL.TiffImagePlugin:tag: Software (305) - type: string (2) Tag Location: 118 - Data Location: 176 - value: b'A415FXXS5DWI1\x00'
DEBUG:PIL.TiffImagePlugin:tag: DateTime (306) - type: string (2) Tag Location: 130 - Data Location: 190 - value: b'2024:01:30 11:38:10\x00'
DEBUG:PIL.TiffImagePlugin:tag: YCbCrPositioning (531) - type: short (3) - value: b'\x01\x00'
DEBUG:PIL.TiffImagePlugin:tag: ExifIFD (34665) - type: long (4) - value: b'\xe2\x00\x00\x00'
DEBUG:PIL.TiffImagePlugin:tag: ImageWidth (256) - type: long (4) - value: b'\xa0\x0f\x00\x00'
DEBUG:PIL.TiffImagePlugin:tag: ImageLength (257) - type: long (4) - value: b'\xca\x08\x00\x00'
DEBUG:PIL.TiffImagePlugin:tag: Make (271) - type: string (2) Tag Location: 46 - Data Location: 158 - value: b'samsung\x00'
DEBUG:PIL.TiffImagePlugin:tag: Model (272) - type: string (2) Tag Location: 58 - Data Location: 166 - value: b'SM-A415F\x00'
DEBUG:PIL.TiffImagePlugin:tag: Orientation (274) - type: short (3) - value: b'\x06\x00'
DEBUG:PIL.TiffImagePlugin:tag: XResolution (282) - type: rational (5) Tag Location: 82 - Data Location: 210 - value: b'H\x00\x00\x00\x01\x00\x00\x00'
DEBUG:PIL.TiffImagePlugin:tag: YResolution (283) - type: rational (5) Tag Location: 94 - Data Location: 218 - value: b'H\x00\x00\x00\x01\x00\x00\x00'
DEBUG:PIL.TiffImagePlugin:tag: ResolutionUnit (296) - type: short (3) - value: b'\x02\x00'
DEBUG:PIL.TiffImagePlugin:tag: Software (305) - type: string (2) Tag Location: 118 - Data Location: 176 - value: b'A415FXXS5DWI1\x00'
DEBUG:PIL.TiffImagePlugin:tag: DateTime (306) - type: string (2) Tag Location: 130 - Data Location: 190 - value: b'2024:01:31 10:36:18\x00'
DEBUG:PIL.TiffImagePlugin:tag: YCbCrPositioning (531) - type: short (3) - value: b'\x01\x00'
DEBUG:PIL.TiffImagePlugin:tag: ExifIFD (34665) - type: long (4) - value: b'\xe2\x00\x00\x00'
DEBUG:PIL.TiffImagePlugin:tag: ImageWidth (256) - type: long (4) - value: b'\xa0\x0f\x00\x00'
DEBUG:PIL.TiffImagePlugin:tag: ImageLength (257) - type: long (4) - value: b'\xca\x08\x00\x00'
DEBUG:PIL.TiffImagePlugin:tag: Make (271) - type: string (2) Tag Location: 46 - Data Location: 158 - value: b'samsung\x00'
DEBUG:PIL.TiffImagePlugin:tag: Model (272) - type: string (2) Tag Location: 58 - Data Location: 166 - value: b'SM-A415F\x00'
DEBUG:PIL.TiffImagePlugin:tag: Orientation (274) - type: short (3) - value: b'\x06\x00'
DEBUG:PIL.TiffImagePlugin:tag: XResolution (282) - type: rational (5) Tag Location: 82 - Data Location: 210 - value: b'H\x00\x00\x00\x01\x00\x00\x00'
DEBUG:PIL.TiffImagePlugin:tag: YResolution (283) - type: rational (5) Tag Location: 94 - Data Location: 218 - value: b'H\x00\x00\x00\x01\x00\x00\x00'
DEBUG:PIL.TiffImagePlugin:tag: ResolutionUnit (296) - type: short (3) - value: b'\x02\x00'
DEBUG:PIL.TiffImagePlugin:tag: Software (305) - type: string (2) Tag Location: 118 - Data Location: 176 - value: b'A415FXXS5DWI1\x00'
DEBUG:PIL.TiffImagePlugin:tag: DateTime (306) - type: string (2) Tag Location: 130 - Data Location: 190 - value: b'2024:01:31 10:36:10\x00'
DEBUG:PIL.TiffImagePlugin:tag: YCbCrPositioning (531) - type: short (3) - value: b'\x01\x00'
DEBUG:PIL.TiffImagePlugin:tag: ExifIFD (34665) - type: long (4) - value: b'\xe2\x00\x00\x00'
DEBUG:PIL.TiffImagePlugin:tag: ImageWidth (256) - type: long (4) - value: b'\xa0\x0f\x00\x00'
DEBUG:PIL.TiffImagePlugin:tag: ImageLength (257) - type: long (4) - value: b'\xca\x08\x00\x00'
DEBUG:PIL.TiffImagePlugin:tag: Make (271) - type: string (2) Tag Location: 46 - Data Location: 158 - value: b'samsung\x00'
DEBUG:PIL.TiffImagePlugin:tag: Model (272) - type: string (2) Tag Location: 58 - Data Location: 166 - value: b'SM-A415F\x00'
DEBUG:PIL.TiffImagePlugin:tag: Orientation (274) - type: short (3) - value: b'\x06\x00'
DEBUG:PIL.TiffImagePlugin:tag: XResolution (282) - type: rational (5) Tag Location: 82 - Data Location: 210 - value: b'H\x00\x00\x00\x01\x00\x00\x00'
DEBUG:PIL.TiffImagePlugin:tag: YResolution (283) - type: rational (5) Tag Location: 94 - Data Location: 218 - value: b'H\x00\x00\x00\x01\x00\x00\x00'
DEBUG:PIL.TiffImagePlugin:tag: ResolutionUnit (296) - type: short (3) - value: b'\x02\x00'
DEBUG:PIL.TiffImagePlugin:tag: Software (305) - type: string (2) Tag Location: 118 - Data Location: 176 - value: b'A415FXXS5DWI1\x00'
DEBUG:PIL.TiffImagePlugin:tag: DateTime (306) - type: string (2) Tag Location: 130 - Data Location: 190 - value: b'2024:01:31 10:30:55\x00'
DEBUG:PIL.TiffImagePlugin:tag: YCbCrPositioning (531) - type: short (3) - value: b'\x01\x00'
DEBUG:PIL.TiffImagePlugin:tag: ExifIFD (34665) - type: long (4) - value: b'\xe2\x00\x00\x00'
DEBUG:PIL.TiffImagePlugin:tag: ImageWidth (256) - type: long (4) - value: b'\xa0\x0f\x00\x00'
DEBUG:PIL.TiffImagePlugin:tag: ImageLength (257) - type: long (4) - value: b'\xca\x08\x00\x00'
DEBUG:PIL.TiffImagePlugin:tag: Make (271) - type: string (2) Tag Location: 46 - Data Location: 158 - value: b'samsung\x00'
DEBUG:PIL.TiffImagePlugin:tag: Model (272) - type: string (2) Tag Location: 58 - Data Location: 166 - value: b'SM-A415F\x00'
DEBUG:PIL.TiffImagePlugin:tag: Orientation (274) - type: short (3) - value: b'\x06\x00'
DEBUG:PIL.TiffImagePlugin:tag: XResolution (282) - type: rational (5) Tag Location: 82 - Data Location: 210 - value: b'H\x00\x00\x00\x01\x00\x00\x00'
DEBUG:PIL.TiffImagePlugin:tag: YResolution (283) - type: rational (5) Tag Location: 94 - Data Location: 218 - value: b'H\x00\x00\x00\x01\x00\x00\x00'
DEBUG:PIL.TiffImagePlugin:tag: ResolutionUnit (296) - type: short (3) - value: b'\x02\x00'
DEBUG:PIL.TiffImagePlugin:tag: Software (305) - type: string (2) Tag Location: 118 - Data Location: 176 - value: b'A415FXXS5DWI1\x00'
DEBUG:PIL.TiffImagePlugin:tag: DateTime (306) - type: string (2) Tag Location: 130 - Data Location: 190 - value: b'2024:01:31 10:30:58\x00'
DEBUG:PIL.TiffImagePlugin:tag: YCbCrPositioning (531) - type: short (3) - value: b'\x01\x00'
DEBUG:PIL.TiffImagePlugin:tag: ExifIFD (34665) - type: long (4) - value: b'\xe2\x00\x00\x00'
DEBUG:PIL.TiffImagePlugin:tag: ImageWidth (256) - type: long (4) - value: b'\xa0\x0f\x00\x00'
DEBUG:PIL.TiffImagePlugin:tag: ImageLength (257) - type: long (4) - value: b'\xca\x08\x00\x00'
DEBUG:PIL.TiffImagePlugin:tag: Make (271) - type: string (2) Tag Location: 46 - Data Location: 158 - value: b'samsung\x00'
DEBUG:PIL.TiffImagePlugin:tag: Model (272) - type: string (2) Tag Location: 58 - Data Location: 166 - value: b'SM-A415F\x00'
DEBUG:PIL.TiffImagePlugin:tag: Orientation (274) - type: short (3) - value: b'\x06\x00'
DEBUG:PIL.TiffImagePlugin:tag: XResolution (282) - type: rational (5) Tag Location: 82 - Data Location: 210 - value: b'H\x00\x00\x00\x01\x00\x00\x00'
DEBUG:PIL.TiffImagePlugin:tag: YResolution (283) - type: rational (5) Tag Location: 94 - Data Location: 218 - value: b'H\x00\x00\x00\x01\x00\x00\x00'
DEBUG:PIL.TiffImagePlugin:tag: ResolutionUnit (296) - type: short (3) - value: b'\x02\x00'
DEBUG:PIL.TiffImagePlugin:tag: Software (305) - type: string (2) Tag Location: 118 - Data Location: 176 - value: b'A415FXXS5DWI1\x00'
DEBUG:PIL.TiffImagePlugin:tag: DateTime (306) - type: string (2) Tag Location: 130 - Data Location: 190 - value: b'2024:01:31 10:31:08\x00'
DEBUG:PIL.TiffImagePlugin:tag: YCbCrPositioning (531) - type: short (3) - value: b'\x01\x00'
DEBUG:PIL.TiffImagePlugin:tag: ExifIFD (34665) - type: long (4) - value: b'\xe2\x00\x00\x00'
DEBUG:PIL.TiffImagePlugin:tag: ImageWidth (256) - type: long (4) - value: b'\xa0\x0f\x00\x00'
DEBUG:PIL.TiffImagePlugin:tag: ImageLength (257) - type: long (4) - value: b'\xca\x08\x00\x00'
DEBUG:PIL.TiffImagePlugin:tag: Make (271) - type: string (2) Tag Location: 46 - Data Location: 158 - value: b'samsung\x00'
DEBUG:PIL.TiffImagePlugin:tag: Model (272) - type: string (2) Tag Location: 58 - Data Location: 166 - value: b'SM-A415F\x00'
DEBUG:PIL.TiffImagePlugin:tag: Orientation (274) - type: short (3) - value: b'\x06\x00'
DEBUG:PIL.TiffImagePlugin:tag: XResolution (282) - type: rational (5) Tag Location: 82 - Data Location: 210 - value: b'H\x00\x00\x00\x01\x00\x00\x00'
DEBUG:PIL.TiffImagePlugin:tag: YResolution (283) - type: rational (5) Tag Location: 94 - Data Location: 218 - value: b'H\x00\x00\x00\x01\x00\x00\x00'
DEBUG:PIL.TiffImagePlugin:tag: ResolutionUnit (296) - type: short (3) - value: b'\x02\x00'
DEBUG:PIL.TiffImagePlugin:tag: Software (305) - type: string (2) Tag Location: 118 - Data Location: 176 - value: b'A415FXXS5DWI1\x00'
DEBUG:PIL.TiffImagePlugin:tag: DateTime (306) - type: string (2) Tag Location: 130 - Data Location: 190 - value: b'2024:01:31 10:31:12\x00'
DEBUG:PIL.TiffImagePlugin:tag: YCbCrPositioning (531) - type: short (3) - value: b'\x01\x00'
DEBUG:PIL.TiffImagePlugin:tag: ExifIFD (34665) - type: long (4) - value: b'\xe2\x00\x00\x00'
DEBUG:PIL.TiffImagePlugin:tag: ImageWidth (256) - type: long (4) - value: b'\xa0\x0f\x00\x00'
DEBUG:PIL.TiffImagePlugin:tag: ImageLength (257) - type: long (4) - value: b'\xca\x08\x00\x00'
DEBUG:PIL.TiffImagePlugin:tag: Make (271) - type: string (2) Tag Location: 46 - Data Location: 158 - value: b'samsung\x00'
DEBUG:PIL.TiffImagePlugin:tag: Model (272) - type: string (2) Tag Location: 58 - Data Location: 166 - value: b'SM-A415F\x00'
DEBUG:PIL.TiffImagePlugin:tag: Orientation (274) - type: short (3) - value: b'\x06\x00'
DEBUG:PIL.TiffImagePlugin:tag: XResolution (282) - type: rational (5) Tag Location: 82 - Data Location: 210 - value: b'H\x00\x00\x00\x01\x00\x00\x00'
DEBUG:PIL.TiffImagePlugin:tag: YResolution (283) - type: rational (5) Tag Location: 94 - Data Location: 218 - value: b'H\x00\x00\x00\x01\x00\x00\x00'
DEBUG:PIL.TiffImagePlugin:tag: ResolutionUnit (296) - type: short (3) - value: b'\x02\x00'
DEBUG:PIL.TiffImagePlugin:tag: Software (305) - type: string (2) Tag Location: 118 - Data Location: 176 - value: b'A415FXXS5DWI1\x00'
DEBUG:PIL.TiffImagePlugin:tag: DateTime (306) - type: string (2) Tag Location: 130 - Data Location: 190 - value: b'2024:01:31 10:31:02\x00'
DEBUG:PIL.TiffImagePlugin:tag: YCbCrPositioning (531) - type: short (3) - value: b'\x01\x00'
DEBUG:PIL.TiffImagePlugin:tag: ExifIFD (34665) - type: long (4) - value: b'\xe2\x00\x00\x00'
DEBUG:PIL.TiffImagePlugin:tag: ImageWidth (256) - type: long (4) - value: b'\xa0\x0f\x00\x00'
DEBUG:PIL.TiffImagePlugin:tag: ImageLength (257) - type: long (4) - value: b'\xca\x08\x00\x00'
DEBUG:PIL.TiffImagePlugin:tag: Make (271) - type: string (2) Tag Location: 46 - Data Location: 158 - value: b'samsung\x00'
DEBUG:PIL.TiffImagePlugin:tag: Model (272) - type: string (2) Tag Location: 58 - Data Location: 166 - value: b'SM-A415F\x00'
DEBUG:PIL.TiffImagePlugin:tag: Orientation (274) - type: short (3) - value: b'\x06\x00'
DEBUG:PIL.TiffImagePlugin:tag: XResolution (282) - type: rational (5) Tag Location: 82 - Data Location: 210 - value: b'H\x00\x00\x00\x01\x00\x00\x00'
DEBUG:PIL.TiffImagePlugin:tag: YResolution (283) - type: rational (5) Tag Location: 94 - Data Location: 218 - value: b'H\x00\x00\x00\x01\x00\x00\x00'
DEBUG:PIL.TiffImagePlugin:tag: ResolutionUnit (296) - type: short (3) - value: b'\x02\x00'
DEBUG:PIL.TiffImagePlugin:tag: Software (305) - type: string (2) Tag Location: 118 - Data Location: 176 - value: b'A415FXXS5DWI1\x00'
DEBUG:PIL.TiffImagePlugin:tag: DateTime (306) - type: string (2) Tag Location: 130 - Data Location: 190 - value: b'2024:01:31 10:31:06\x00'
DEBUG:PIL.TiffImagePlugin:tag: YCbCrPositioning (531) - type: short (3) - value: b'\x01\x00'
DEBUG:PIL.TiffImagePlugin:tag: ExifIFD (34665) - type: long (4) - value: b'\xe2\x00\x00\x00'
DEBUG:PIL.TiffImagePlugin:tag: ImageWidth (256) - type: long (4) - value: b'\xa0\x0f\x00\x00'
DEBUG:PIL.TiffImagePlugin:tag: ImageLength (257) - type: long (4) - value: b'\xca\x08\x00\x00'
DEBUG:PIL.TiffImagePlugin:tag: Make (271) - type: string (2) Tag Location: 46 - Data Location: 158 - value: b'samsung\x00'
DEBUG:PIL.TiffImagePlugin:tag: Model (272) - type: string (2) Tag Location: 58 - Data Location: 166 - value: b'SM-A415F\x00'
DEBUG:PIL.TiffImagePlugin:tag: Orientation (274) - type: short (3) - value: b'\x06\x00'
DEBUG:PIL.TiffImagePlugin:tag: XResolution (282) - type: rational (5) Tag Location: 82 - Data Location: 210 - value: b'H\x00\x00\x00\x01\x00\x00\x00'
DEBUG:PIL.TiffImagePlugin:tag: YResolution (283) - type: rational (5) Tag Location: 94 - Data Location: 218 - value: b'H\x00\x00\x00\x01\x00\x00\x00'
DEBUG:PIL.TiffImagePlugin:tag: ResolutionUnit (296) - type: short (3) - value: b'\x02\x00'
DEBUG:PIL.TiffImagePlugin:tag: Software (305) - type: string (2) Tag Location: 118 - Data Location: 176 - value: b'A415FXXS5DWI1\x00'
DEBUG:PIL.TiffImagePlugin:tag: DateTime (306) - type: string (2) Tag Location: 130 - Data Location: 190 - value: b'2024:01:31 10:31:15\x00'
DEBUG:PIL.TiffImagePlugin:tag: YCbCrPositioning (531) - type: short (3) - value: b'\x01\x00'
DEBUG:PIL.TiffImagePlugin:tag: ExifIFD (34665) - type: long (4) - value: b'\xe2\x00\x00\x00'
DEBUG:PIL.TiffImagePlugin:tag: ImageWidth (256) - type: long (4) - value: b'\xa0\x0f\x00\x00'
DEBUG:PIL.TiffImagePlugin:tag: ImageLength (257) - type: long (4) - value: b'\xca\x08\x00\x00'
DEBUG:PIL.TiffImagePlugin:tag: Make (271) - type: string (2) Tag Location: 46 - Data Location: 158 - value: b'samsung\x00'
DEBUG:PIL.TiffImagePlugin:tag: Model (272) - type: string (2) Tag Location: 58 - Data Location: 166 - value: b'SM-A415F\x00'
DEBUG:PIL.TiffImagePlugin:tag: Orientation (274) - type: short (3) - value: b'\x06\x00'
DEBUG:PIL.TiffImagePlugin:tag: XResolution (282) - type: rational (5) Tag Location: 82 - Data Location: 210 - value: b'H\x00\x00\x00\x01\x00\x00\x00'
DEBUG:PIL.TiffImagePlugin:tag: YResolution (283) - type: rational (5) Tag Location: 94 - Data Location: 218 - value: b'H\x00\x00\x00\x01\x00\x00\x00'
DEBUG:PIL.TiffImagePlugin:tag: ResolutionUnit (296) - type: short (3) - value: b'\x02\x00'
DEBUG:PIL.TiffImagePlugin:tag: Software (305) - type: string (2) Tag Location: 118 - Data Location: 176 - value: b'A415FXXS5DWI1\x00'
DEBUG:PIL.TiffImagePlugin:tag: DateTime (306) - type: string (2) Tag Location: 130 - Data Location: 190 - value: b'2024:01:31 10:31:18\x00'
DEBUG:PIL.TiffImagePlugin:tag: YCbCrPositioning (531) - type: short (3) - value: b'\x01\x00'
DEBUG:PIL.TiffImagePlugin:tag: ExifIFD (34665) - type: long (4) - value: b'\xe2\x00\x00\x00'
DEBUG:PIL.TiffImagePlugin:tag: ImageWidth (256) - type: long (4) - value: b'\xa0\x0f\x00\x00'
DEBUG:PIL.TiffImagePlugin:tag: ImageLength (257) - type: long (4) - value: b'\xca\x08\x00\x00'
DEBUG:PIL.TiffImagePlugin:tag: Make (271) - type: string (2) Tag Location: 46 - Data Location: 158 - value: b'samsung\x00'
DEBUG:PIL.TiffImagePlugin:tag: Model (272) - type: string (2) Tag Location: 58 - Data Location: 166 - value: b'SM-A415F\x00'
DEBUG:PIL.TiffImagePlugin:tag: Orientation (274) - type: short (3) - value: b'\x03\x00'
DEBUG:PIL.TiffImagePlugin:tag: XResolution (282) - type: rational (5) Tag Location: 82 - Data Location: 210 - value: b'H\x00\x00\x00\x01\x00\x00\x00'
DEBUG:PIL.TiffImagePlugin:tag: YResolution (283) - type: rational (5) Tag Location: 94 - Data Location: 218 - value: b'H\x00\x00\x00\x01\x00\x00\x00'
DEBUG:PIL.TiffImagePlugin:tag: ResolutionUnit (296) - type: short (3) - value: b'\x02\x00'
DEBUG:PIL.TiffImagePlugin:tag: Software (305) - type: string (2) Tag Location: 118 - Data Location: 176 - value: b'A415FXXS5DWI1\x00'
DEBUG:PIL.TiffImagePlugin:tag: DateTime (306) - type: string (2) Tag Location: 130 - Data Location: 190 - value: b'2024:01:31 10:37:35\x00'
DEBUG:PIL.TiffImagePlugin:tag: YCbCrPositioning (531) - type: short (3) - value: b'\x01\x00'
DEBUG:PIL.TiffImagePlugin:tag: ExifIFD (34665) - type: long (4) - value: b'\xe2\x00\x00\x00'
DEBUG:PIL.TiffImagePlugin:tag: ImageWidth (256) - type: long (4) - value: b'\xa0\x0f\x00\x00'
DEBUG:PIL.TiffImagePlugin:tag: ImageLength (257) - type: long (4) - value: b'\xb8\x0b\x00\x00'
DEBUG:PIL.TiffImagePlugin:tag: Make (271) - type: string (2) Tag Location: 46 - Data Location: 158 - value: b'samsung\x00'
DEBUG:PIL.TiffImagePlugin:tag: Model (272) - type: string (2) Tag Location: 58 - Data Location: 166 - value: b'SM-A415F\x00'
DEBUG:PIL.TiffImagePlugin:tag: Orientation (274) - type: short (3) - value: b'\x06\x00'
DEBUG:PIL.TiffImagePlugin:tag: XResolution (282) - type: rational (5) Tag Location: 82 - Data Location: 210 - value: b'H\x00\x00\x00\x01\x00\x00\x00'
DEBUG:PIL.TiffImagePlugin:tag: YResolution (283) - type: rational (5) Tag Location: 94 - Data Location: 218 - value: b'H\x00\x00\x00\x01\x00\x00\x00'
DEBUG:PIL.TiffImagePlugin:tag: ResolutionUnit (296) - type: short (3) - value: b'\x02\x00'
DEBUG:PIL.TiffImagePlugin:tag: Software (305) - type: string (2) Tag Location: 118 - Data Location: 176 - value: b'A415FXXU1DVH2\x00'
DEBUG:PIL.TiffImagePlugin:tag: DateTime (306) - type: string (2) Tag Location: 130 - Data Location: 190 - value: b'2022:09:23 10:21:42\x00'
DEBUG:PIL.TiffImagePlugin:tag: YCbCrPositioning (531) - type: short (3) - value: b'\x01\x00'
DEBUG:PIL.TiffImagePlugin:tag: ExifIFD (34665) - type: long (4) - value: b'\xe2\x00\x00\x00'
DEBUG:PIL.TiffImagePlugin:tag: ImageWidth (256) - type: long (4) - value: b'\xa0\x0f\x00\x00'
DEBUG:PIL.TiffImagePlugin:tag: ImageLength (257) - type: long (4) - value: b'\xb8\x0b\x00\x00'
DEBUG:PIL.TiffImagePlugin:tag: Make (271) - type: string (2) Tag Location: 46 - Data Location: 158 - value: b'samsung\x00'
DEBUG:PIL.TiffImagePlugin:tag: Model (272) - type: string (2) Tag Location: 58 - Data Location: 166 - value: b'SM-A415F\x00'
DEBUG:PIL.TiffImagePlugin:tag: Orientation (274) - type: short (3) - value: b'\x06\x00'
DEBUG:PIL.TiffImagePlugin:tag: XResolution (282) - type: rational (5) Tag Location: 82 - Data Location: 210 - value: b'H\x00\x00\x00\x01\x00\x00\x00'
DEBUG:PIL.TiffImagePlugin:tag: YResolution (283) - type: rational (5) Tag Location: 94 - Data Location: 218 - value: b'H\x00\x00\x00\x01\x00\x00\x00'
DEBUG:PIL.TiffImagePlugin:tag: ResolutionUnit (296) - type: short (3) - value: b'\x02\x00'
DEBUG:PIL.TiffImagePlugin:tag: Software (305) - type: string (2) Tag Location: 118 - Data Location: 176 - value: b'A415FXXU1DVH2\x00'
DEBUG:PIL.TiffImagePlugin:tag: DateTime (306) - type: string (2) Tag Location: 130 - Data Location: 190 - value: b'2022:09:21 13:05:24\x00'
DEBUG:PIL.TiffImagePlugin:tag: YCbCrPositioning (531) - type: short (3) - value: b'\x01\x00'
DEBUG:PIL.TiffImagePlugin:tag: ExifIFD (34665) - type: long (4) - value: b'\xe2\x00\x00\x00'
DEBUG:PIL.TiffImagePlugin:tag: ImageWidth (256) - type: long (4) - value: b'\xa0\x0f\x00\x00'
DEBUG:PIL.TiffImagePlugin:tag: ImageLength (257) - type: long (4) - value: b'\xb8\x0b\x00\x00'
DEBUG:PIL.TiffImagePlugin:tag: Make (271) - type: string (2) Tag Location: 46 - Data Location: 158 - value: b'samsung\x00'
DEBUG:PIL.TiffImagePlugin:tag: Model (272) - type: string (2) Tag Location: 58 - Data Location: 166 - value: b'SM-A415F\x00'
DEBUG:PIL.TiffImagePlugin:tag: Orientation (274) - type: short (3) - value: b'\x06\x00'
DEBUG:PIL.TiffImagePlugin:tag: XResolution (282) - type: rational (5) Tag Location: 82 - Data Location: 210 - value: b'H\x00\x00\x00\x01\x00\x00\x00'
DEBUG:PIL.TiffImagePlugin:tag: YResolution (283) - type: rational (5) Tag Location: 94 - Data Location: 218 - value: b'H\x00\x00\x00\x01\x00\x00\x00'
DEBUG:PIL.TiffImagePlugin:tag: ResolutionUnit (296) - type: short (3) - value: b'\x02\x00'
DEBUG:PIL.TiffImagePlugin:tag: Software (305) - type: string (2) Tag Location: 118 - Data Location: 176 - value: b'A415FXXU1DVH2\x00'
DEBUG:PIL.TiffImagePlugin:tag: DateTime (306) - type: string (2) Tag Location: 130 - Data Location: 190 - value: b'2022:09:21 13:12:15\x00'
DEBUG:PIL.TiffImagePlugin:tag: YCbCrPositioning (531) - type: short (3) - value: b'\x01\x00'
DEBUG:PIL.TiffImagePlugin:tag: ExifIFD (34665) - type: long (4) - value: b'\xe2\x00\x00\x00'
DEBUG:PIL.TiffImagePlugin:tag: ImageWidth (256) - type: long (4) - value: b'\xa0\x0f\x00\x00'
DEBUG:PIL.TiffImagePlugin:tag: ImageLength (257) - type: long (4) - value: b'\xb8\x0b\x00\x00'
DEBUG:PIL.TiffImagePlugin:tag: Make (271) - type: string (2) Tag Location: 46 - Data Location: 158 - value: b'samsung\x00'
DEBUG:PIL.TiffImagePlugin:tag: Model (272) - type: string (2) Tag Location: 58 - Data Location: 166 - value: b'SM-A415F\x00'
DEBUG:PIL.TiffImagePlugin:tag: Orientation (274) - type: short (3) - value: b'\x06\x00'
DEBUG:PIL.TiffImagePlugin:tag: XResolution (282) - type: rational (5) Tag Location: 82 - Data Location: 210 - value: b'H\x00\x00\x00\x01\x00\x00\x00'
DEBUG:PIL.TiffImagePlugin:tag: YResolution (283) - type: rational (5) Tag Location: 94 - Data Location: 218 - value: b'H\x00\x00\x00\x01\x00\x00\x00'
DEBUG:PIL.TiffImagePlugin:tag: ResolutionUnit (296) - type: short (3) - value: b'\x02\x00'
DEBUG:PIL.TiffImagePlugin:tag: Software (305) - type: string (2) Tag Location: 118 - Data Location: 176 - value: b'A415FXXU1DVH2\x00'
DEBUG:PIL.TiffImagePlugin:tag: DateTime (306) - type: string (2) Tag Location: 130 - Data Location: 190 - value: b'2022:09:21 12:58:13\x00'
DEBUG:PIL.TiffImagePlugin:tag: YCbCrPositioning (531) - type: short (3) - value: b'\x01\x00'
DEBUG:PIL.TiffImagePlugin:tag: ExifIFD (34665) - type: long (4) - value: b'\xe2\x00\x00\x00'
DEBUG:PIL.TiffImagePlugin:tag: ImageWidth (256) - type: long (4) - value: b'\xa0\x0f\x00\x00'
DEBUG:PIL.TiffImagePlugin:tag: ImageLength (257) - type: long (4) - value: b'\xb8\x0b\x00\x00'
DEBUG:PIL.TiffImagePlugin:tag: Make (271) - type: string (2) Tag Location: 46 - Data Location: 158 - value: b'samsung\x00'
DEBUG:PIL.TiffImagePlugin:tag: Model (272) - type: string (2) Tag Location: 58 - Data Location: 166 - value: b'SM-A415F\x00'
DEBUG:PIL.TiffImagePlugin:tag: Orientation (274) - type: short (3) - value: b'\x06\x00'
DEBUG:PIL.TiffImagePlugin:tag: XResolution (282) - type: rational (5) Tag Location: 82 - Data Location: 210 - value: b'H\x00\x00\x00\x01\x00\x00\x00'
DEBUG:PIL.TiffImagePlugin:tag: YResolution (283) - type: rational (5) Tag Location: 94 - Data Location: 218 - value: b'H\x00\x00\x00\x01\x00\x00\x00'
DEBUG:PIL.TiffImagePlugin:tag: ResolutionUnit (296) - type: short (3) - value: b'\x02\x00'
DEBUG:PIL.TiffImagePlugin:tag: Software (305) - type: string (2) Tag Location: 118 - Data Location: 176 - value: b'A415FXXU1DVH2\x00'
DEBUG:PIL.TiffImagePlugin:tag: DateTime (306) - type: string (2) Tag Location: 130 - Data Location: 190 - value: b'2022:09:20 12:53:04\x00'
DEBUG:PIL.TiffImagePlugin:tag: YCbCrPositioning (531) - type: short (3) - value: b'\x01\x00'
DEBUG:PIL.TiffImagePlugin:tag: ExifIFD (34665) - type: long (4) - value: b'\xe2\x00\x00\x00'
DEBUG:PIL.TiffImagePlugin:tag: ImageWidth (256) - type: long (4) - value: b'\xa0\x0f\x00\x00'
DEBUG:PIL.TiffImagePlugin:tag: ImageLength (257) - type: long (4) - value: b'\xb8\x0b\x00\x00'
DEBUG:PIL.TiffImagePlugin:tag: Make (271) - type: string (2) Tag Location: 46 - Data Location: 158 - value: b'samsung\x00'
DEBUG:PIL.TiffImagePlugin:tag: Model (272) - type: string (2) Tag Location: 58 - Data Location: 166 - value: b'SM-A415F\x00'
DEBUG:PIL.TiffImagePlugin:tag: Orientation (274) - type: short (3) - value: b'\x06\x00'
DEBUG:PIL.TiffImagePlugin:tag: XResolution (282) - type: rational (5) Tag Location: 82 - Data Location: 210 - value: b'H\x00\x00\x00\x01\x00\x00\x00'
DEBUG:PIL.TiffImagePlugin:tag: YResolution (283) - type: rational (5) Tag Location: 94 - Data Location: 218 - value: b'H\x00\x00\x00\x01\x00\x00\x00'
DEBUG:PIL.TiffImagePlugin:tag: ResolutionUnit (296) - type: short (3) - value: b'\x02\x00'
DEBUG:PIL.TiffImagePlugin:tag: Software (305) - type: string (2) Tag Location: 118 - Data Location: 176 - value: b'A415FXXU1DVH2\x00'
DEBUG:PIL.TiffImagePlugin:tag: DateTime (306) - type: string (2) Tag Location: 130 - Data Location: 190 - value: b'2022:09:20 12:58:50\x00'
DEBUG:PIL.TiffImagePlugin:tag: YCbCrPositioning (531) - type: short (3) - value: b'\x01\x00'
DEBUG:PIL.TiffImagePlugin:tag: ExifIFD (34665) - type: long (4) - value: b'\xe2\x00\x00\x00'
DEBUG:PIL.TiffImagePlugin:tag: ImageWidth (256) - type: long (4) - value: b'\xa0\x0f\x00\x00'
DEBUG:PIL.TiffImagePlugin:tag: ImageLength (257) - type: long (4) - value: b'\xb8\x0b\x00\x00'
DEBUG:PIL.TiffImagePlugin:tag: Make (271) - type: string (2) Tag Location: 46 - Data Location: 158 - value: b'samsung\x00'
DEBUG:PIL.TiffImagePlugin:tag: Model (272) - type: string (2) Tag Location: 58 - Data Location: 166 - value: b'SM-A415F\x00'
DEBUG:PIL.TiffImagePlugin:tag: Orientation (274) - type: short (3) - value: b'\x06\x00'
DEBUG:PIL.TiffImagePlugin:tag: XResolution (282) - type: rational (5) Tag Location: 82 - Data Location: 210 - value: b'H\x00\x00\x00\x01\x00\x00\x00'
DEBUG:PIL.TiffImagePlugin:tag: YResolution (283) - type: rational (5) Tag Location: 94 - Data Location: 218 - value: b'H\x00\x00\x00\x01\x00\x00\x00'
DEBUG:PIL.TiffImagePlugin:tag: ResolutionUnit (296) - type: short (3) - value: b'\x02\x00'
DEBUG:PIL.TiffImagePlugin:tag: Software (305) - type: string (2) Tag Location: 118 - Data Location: 176 - value: b'A415FXXU1DVH2\x00'
DEBUG:PIL.TiffImagePlugin:tag: DateTime (306) - type: string (2) Tag Location: 130 - Data Location: 190 - value: b'2022:09:20 12:58:28\x00'
DEBUG:PIL.TiffImagePlugin:tag: YCbCrPositioning (531) - type: short (3) - value: b'\x01\x00'
DEBUG:PIL.TiffImagePlugin:tag: ExifIFD (34665) - type: long (4) - value: b'\xe2\x00\x00\x00'
DEBUG:PIL.TiffImagePlugin:tag: ImageWidth (256) - type: long (4) - value: b'\xa0\x0f\x00\x00'
DEBUG:PIL.TiffImagePlugin:tag: ImageLength (257) - type: long (4) - value: b'\xb8\x0b\x00\x00'
DEBUG:PIL.TiffImagePlugin:tag: Make (271) - type: string (2) Tag Location: 46 - Data Location: 158 - value: b'samsung\x00'
DEBUG:PIL.TiffImagePlugin:tag: Model (272) - type: string (2) Tag Location: 58 - Data Location: 166 - value: b'SM-A415F\x00'
DEBUG:PIL.TiffImagePlugin:tag: Orientation (274) - type: short (3) - value: b'\x06\x00'
DEBUG:PIL.TiffImagePlugin:tag: XResolution (282) - type: rational (5) Tag Location: 82 - Data Location: 210 - value: b'H\x00\x00\x00\x01\x00\x00\x00'
DEBUG:PIL.TiffImagePlugin:tag: YResolution (283) - type: rational (5) Tag Location: 94 - Data Location: 218 - value: b'H\x00\x00\x00\x01\x00\x00\x00'
DEBUG:PIL.TiffImagePlugin:tag: ResolutionUnit (296) - type: short (3) - value: b'\x02\x00'
DEBUG:PIL.TiffImagePlugin:tag: Software (305) - type: string (2) Tag Location: 118 - Data Location: 176 - value: b'A415FXXU1DVH2\x00'
DEBUG:PIL.TiffImagePlugin:tag: DateTime (306) - type: string (2) Tag Location: 130 - Data Location: 190 - value: b'2022:09:20 13:02:46\x00'
DEBUG:PIL.TiffImagePlugin:tag: YCbCrPositioning (531) - type: short (3) - value: b'\x01\x00'
DEBUG:PIL.TiffImagePlugin:tag: ExifIFD (34665) - type: long (4) - value: b'\xe2\x00\x00\x00'
DEBUG:PIL.TiffImagePlugin:tag: ImageWidth (256) - type: long (4) - value: b'\xa0\x0f\x00\x00'
DEBUG:PIL.TiffImagePlugin:tag: ImageLength (257) - type: long (4) - value: b'\xb8\x0b\x00\x00'
DEBUG:PIL.TiffImagePlugin:tag: Make (271) - type: string (2) Tag Location: 46 - Data Location: 158 - value: b'samsung\x00'
DEBUG:PIL.TiffImagePlugin:tag: Model (272) - type: string (2) Tag Location: 58 - Data Location: 166 - value: b'SM-A415F\x00'
DEBUG:PIL.TiffImagePlugin:tag: Orientation (274) - type: short (3) - value: b'\x06\x00'
DEBUG:PIL.TiffImagePlugin:tag: XResolution (282) - type: rational (5) Tag Location: 82 - Data Location: 210 - value: b'H\x00\x00\x00\x01\x00\x00\x00'
DEBUG:PIL.TiffImagePlugin:tag: YResolution (283) - type: rational (5) Tag Location: 94 - Data Location: 218 - value: b'H\x00\x00\x00\x01\x00\x00\x00'
DEBUG:PIL.TiffImagePlugin:tag: ResolutionUnit (296) - type: short (3) - value: b'\x02\x00'
DEBUG:PIL.TiffImagePlugin:tag: Software (305) - type: string (2) Tag Location: 118 - Data Location: 176 - value: b'A415FXXU1DVH2\x00'
DEBUG:PIL.TiffImagePlugin:tag: DateTime (306) - type: string (2) Tag Location: 130 - Data Location: 190 - value: b'2022:09:20 15:41:32\x00'
DEBUG:PIL.TiffImagePlugin:tag: YCbCrPositioning (531) - type: short (3) - value: b'\x01\x00'
DEBUG:PIL.TiffImagePlugin:tag: ExifIFD (34665) - type: long (4) - value: b'\xe2\x00\x00\x00'
DEBUG:PIL.TiffImagePlugin:tag: ImageWidth (256) - type: long (4) - value: b'\xa0\x0f\x00\x00'
DEBUG:PIL.TiffImagePlugin:tag: ImageLength (257) - type: long (4) - value: b'\xb8\x0b\x00\x00'
DEBUG:PIL.TiffImagePlugin:tag: Make (271) - type: string (2) Tag Location: 46 - Data Location: 158 - value: b'samsung\x00'
DEBUG:PIL.TiffImagePlugin:tag: Model (272) - type: string (2) Tag Location: 58 - Data Location: 166 - value: b'SM-A415F\x00'
DEBUG:PIL.TiffImagePlugin:tag: Orientation (274) - type: short (3) - value: b'\x06\x00'
DEBUG:PIL.TiffImagePlugin:tag: XResolution (282) - type: rational (5) Tag Location: 82 - Data Location: 210 - value: b'H\x00\x00\x00\x01\x00\x00\x00'
DEBUG:PIL.TiffImagePlugin:tag: YResolution (283) - type: rational (5) Tag Location: 94 - Data Location: 218 - value: b'H\x00\x00\x00\x01\x00\x00\x00'
DEBUG:PIL.TiffImagePlugin:tag: ResolutionUnit (296) - type: short (3) - value: b'\x02\x00'
DEBUG:PIL.TiffImagePlugin:tag: Software (305) - type: string (2) Tag Location: 118 - Data Location: 176 - value: b'A415FXXU1DVH2\x00'
DEBUG:PIL.TiffImagePlugin:tag: DateTime (306) - type: string (2) Tag Location: 130 - Data Location: 190 - value: b'2022:09:20 15:26:09\x00'
DEBUG:PIL.TiffImagePlugin:tag: YCbCrPositioning (531) - type: short (3) - value: b'\x01\x00'
DEBUG:PIL.TiffImagePlugin:tag: ExifIFD (34665) - type: long (4) - value: b'\xe2\x00\x00\x00'
DEBUG:urllib3.connectionpool:Starting new HTTPS connection (1): servizos.meteogalicia.gal:443
DEBUG:urllib3.connectionpool:https://servizos.meteogalicia.gal:443 "GET /apiv4/getTidesInfo?coords=-8.248277358215667,43.3638466701659&startTime=2024-04-29T09:33:45&endTime=2024-04-29T09:33:45&API_KEY=GTTp4hc9KfIWz1aSCg55H64kT98aHi3Ni97nLwD9j8zPwgzQ1min0Bugr7syiGCA%20 HTTP/1.1" 200 939
DEBUG:urllib3.connectionpool:Starting new HTTPS connection (1): servizos.meteogalicia.gal:443
DEBUG:urllib3.connectionpool:https://servizos.meteogalicia.gal:443 "GET /apiv4/getTidesInfo?coords=-8.821791548102341,42.45155300706253&startTime=2024-05-06T10:43:49&endTime=2024-05-06T10:43:49&API_KEY=GTTp4hc9KfIWz1aSCg55H64kT98aHi3Ni97nLwD9j8zPwgzQ1min0Bugr7syiGCA%20 HTTP/1.1" 200 941
DEBUG:urllib3.connectionpool:Starting new HTTPS connection (1): servizos.meteogalicia.gal:443
DEBUG:urllib3.connectionpool:https://servizos.meteogalicia.gal:443 "GET /apiv4/getTidesInfo?coords=-8.821791548102341,42.45155300706253&startTime=2024-05-06T10:49:57&endTime=2024-05-06T10:49:57&API_KEY=GTTp4hc9KfIWz1aSCg55H64kT98aHi3Ni97nLwD9j8zPwgzQ1min0Bugr7syiGCA%20 HTTP/1.1" 200 941
DEBUG:urllib3.connectionpool:Starting new HTTPS connection (1): servizos.meteogalicia.gal:443
DEBUG:urllib3.connectionpool:https://servizos.meteogalicia.gal:443 "GET /apiv4/getTidesInfo?coords=-8.723519666113264,42.70492392288041&startTime=2024-05-06T12:43:35&endTime=2024-05-06T12:43:35&API_KEY=GTTp4hc9KfIWz1aSCg55H64kT98aHi3Ni97nLwD9j8zPwgzQ1min0Bugr7syiGCA%20 HTTP/1.1" 200 949
DEBUG:urllib3.connectionpool:Starting new HTTPS connection (1): servizos.meteogalicia.gal:443
DEBUG:urllib3.connectionpool:https://servizos.meteogalicia.gal:443 "GET /apiv4/getTidesInfo?coords=-8.648803947085197,42.84342990494973&startTime=2024-05-06T15:03:48&endTime=2024-05-06T15:03:48&API_KEY=GTTp4hc9KfIWz1aSCg55H64kT98aHi3Ni97nLwD9j8zPwgzQ1min0Bugr7syiGCA%20 HTTP/1.1" 200 948
ERROR:app:Exception on /_actualiza_elem [POST]
Traceback (most recent call last):
  File "/home/cuartazona/redes/envRedes/lib/python3.11/site-packages/flask/app.py", line 2190, in wsgi_app
    response = self.full_dispatch_request()
               ^^^^^^^^^^^^^^^^^^^^^^^^^^^^
  File "/home/cuartazona/redes/envRedes/lib/python3.11/site-packages/flask/app.py", line 1486, in full_dispatch_request
    rv = self.handle_user_exception(e)
         ^^^^^^^^^^^^^^^^^^^^^^^^^^^^^
  File "/home/cuartazona/redes/envRedes/lib/python3.11/site-packages/flask/app.py", line 1484, in full_dispatch_request
    rv = self.dispatch_request()
         ^^^^^^^^^^^^^^^^^^^^^^^
  File "/home/cuartazona/redes/envRedes/lib/python3.11/site-packages/flask/app.py", line 1469, in dispatch_request
    return self.ensure_sync(self.view_functions[rule.endpoint])(**view_args)
           ^^^^^^^^^^^^^^^^^^^^^^^^^^^^^^^^^^^^^^^^^^^^^^^^^^^^^^^^^^^^^^^^^
  File "/home/cuartazona/redes/app/auxiliar.py", line 130, in wrap
    return func(*args, **kwargs)
           ^^^^^^^^^^^^^^^^^^^^^
  File "/home/cuartazona/redes/app/auxiliar.py", line 143, in wrap
    return fn(*args, **kwargs)
           ^^^^^^^^^^^^^^^^^^^
  File "/home/cuartazona/redes/app/rede.py", line 206, in _actualiza_elem
    clave, valor = par.split("=")
    ^^^^^^^^^^^^
ValueError: not enough values to unpack (expected 2, got 1)
ERROR:app:Exception on /_actualiza_elem [POST]
Traceback (most recent call last):
  File "/home/cuartazona/redes/envRedes/lib/python3.11/site-packages/flask/app.py", line 2190, in wsgi_app
    response = self.full_dispatch_request()
               ^^^^^^^^^^^^^^^^^^^^^^^^^^^^
  File "/home/cuartazona/redes/envRedes/lib/python3.11/site-packages/flask/app.py", line 1486, in full_dispatch_request
    rv = self.handle_user_exception(e)
         ^^^^^^^^^^^^^^^^^^^^^^^^^^^^^
  File "/home/cuartazona/redes/envRedes/lib/python3.11/site-packages/flask/app.py", line 1484, in full_dispatch_request
    rv = self.dispatch_request()
         ^^^^^^^^^^^^^^^^^^^^^^^
  File "/home/cuartazona/redes/envRedes/lib/python3.11/site-packages/flask/app.py", line 1469, in dispatch_request
    return self.ensure_sync(self.view_functions[rule.endpoint])(**view_args)
           ^^^^^^^^^^^^^^^^^^^^^^^^^^^^^^^^^^^^^^^^^^^^^^^^^^^^^^^^^^^^^^^^^
  File "/home/cuartazona/redes/app/auxiliar.py", line 130, in wrap
    return func(*args, **kwargs)
           ^^^^^^^^^^^^^^^^^^^^^
  File "/home/cuartazona/redes/app/auxiliar.py", line 143, in wrap
    return fn(*args, **kwargs)
           ^^^^^^^^^^^^^^^^^^^
  File "/home/cuartazona/redes/app/rede.py", line 206, in _actualiza_elem
    clave, valor = par.split("=")
    ^^^^^^^^^^^^
ValueError: not enough values to unpack (expected 2, got 1)
DEBUG:urllib3.connectionpool:Starting new HTTPS connection (1): servizos.meteogalicia.gal:443
DEBUG:urllib3.connectionpool:https://servizos.meteogalicia.gal:443 "GET /apiv4/getTidesInfo?coords=-8.751462723625814,41.95428114457765&startTime=2024-05-10T09:43:40&endTime=2024-05-10T09:43:40&API_KEY=GTTp4hc9KfIWz1aSCg55H64kT98aHi3Ni97nLwD9j8zPwgzQ1min0Bugr7syiGCA%20 HTTP/1.1" 200 854
DEBUG:urllib3.connectionpool:Starting new HTTPS connection (1): servizos.meteogalicia.gal:443
DEBUG:urllib3.connectionpool:https://servizos.meteogalicia.gal:443 "GET /apiv4/getTidesInfo?coords=-9.03701193,42.52730985&startTime=2024-05-13T09:22:09&endTime=2024-05-13T09:22:09&API_KEY=GTTp4hc9KfIWz1aSCg55H64kT98aHi3Ni97nLwD9j8zPwgzQ1min0Bugr7syiGCA%20 HTTP/1.1" 200 941
DEBUG:urllib3.connectionpool:Starting new HTTPS connection (1): servizos.meteogalicia.gal:443
DEBUG:urllib3.connectionpool:https://servizos.meteogalicia.gal:443 "GET /apiv4/getTidesInfo?coords=-8.248277358215667,43.3638466701659&startTime=2024-05-13T09:34:52&endTime=2024-05-13T09:34:52&API_KEY=GTTp4hc9KfIWz1aSCg55H64kT98aHi3Ni97nLwD9j8zPwgzQ1min0Bugr7syiGCA%20 HTTP/1.1" 200 939
ERROR:app:Exception on /_filtra_censo-1 [GET]
Traceback (most recent call last):
  File "/home/cuartazona/redes/envRedes/lib/python3.11/site-packages/flask/app.py", line 2190, in wsgi_app
    response = self.full_dispatch_request()
               ^^^^^^^^^^^^^^^^^^^^^^^^^^^^
  File "/home/cuartazona/redes/envRedes/lib/python3.11/site-packages/flask/app.py", line 1486, in full_dispatch_request
    rv = self.handle_user_exception(e)
         ^^^^^^^^^^^^^^^^^^^^^^^^^^^^^
  File "/home/cuartazona/redes/envRedes/lib/python3.11/site-packages/flask/app.py", line 1484, in full_dispatch_request
    rv = self.dispatch_request()
         ^^^^^^^^^^^^^^^^^^^^^^^
  File "/home/cuartazona/redes/envRedes/lib/python3.11/site-packages/flask/app.py", line 1469, in dispatch_request
    return self.ensure_sync(self.view_functions[rule.endpoint])(**view_args)
           ^^^^^^^^^^^^^^^^^^^^^^^^^^^^^^^^^^^^^^^^^^^^^^^^^^^^^^^^^^^^^^^^^
  File "/home/cuartazona/redes/app/auxiliar.py", line 130, in wrap
    return func(*args, **kwargs)
           ^^^^^^^^^^^^^^^^^^^^^
  File "/home/cuartazona/redes/app/censo.py", line 1278, in _filtra_censo
    genera_CSV(industrias_encontradas, sistema)
  File "/home/cuartazona/redes/app/censo.py", line 1285, in genera_CSV
    f = open(Configuracion.ruta_app + "static_p/CSV/" +  session['username'] + ".csv", "w")
        ^^^^^^^^^^^^^^^^^^^^^^^^^^^^^^^^^^^^^^^^^^^^^^^^^^^^^^^^^^^^^^^^^^^^^^^^^^^^^^^^^^^
FileNotFoundError: [Errno 2] No such file or directory: 'app/static_p/CSV/OAB.csv'
ERROR:app:Exception on /_filtra_censo-1 [GET]
Traceback (most recent call last):
  File "/home/cuartazona/redes/envRedes/lib/python3.11/site-packages/flask/app.py", line 2190, in wsgi_app
    response = self.full_dispatch_request()
               ^^^^^^^^^^^^^^^^^^^^^^^^^^^^
  File "/home/cuartazona/redes/envRedes/lib/python3.11/site-packages/flask/app.py", line 1486, in full_dispatch_request
    rv = self.handle_user_exception(e)
         ^^^^^^^^^^^^^^^^^^^^^^^^^^^^^
  File "/home/cuartazona/redes/envRedes/lib/python3.11/site-packages/flask/app.py", line 1484, in full_dispatch_request
    rv = self.dispatch_request()
         ^^^^^^^^^^^^^^^^^^^^^^^
  File "/home/cuartazona/redes/envRedes/lib/python3.11/site-packages/flask/app.py", line 1469, in dispatch_request
    return self.ensure_sync(self.view_functions[rule.endpoint])(**view_args)
           ^^^^^^^^^^^^^^^^^^^^^^^^^^^^^^^^^^^^^^^^^^^^^^^^^^^^^^^^^^^^^^^^^
  File "/home/cuartazona/redes/app/auxiliar.py", line 130, in wrap
    return func(*args, **kwargs)
           ^^^^^^^^^^^^^^^^^^^^^
  File "/home/cuartazona/redes/app/censo.py", line 1278, in _filtra_censo
    genera_CSV(industrias_encontradas, sistema)
  File "/home/cuartazona/redes/app/censo.py", line 1285, in genera_CSV
    f = open(Configuracion.ruta_app + "static_p/CSV/" +  session['username'] + ".csv", "w")
        ^^^^^^^^^^^^^^^^^^^^^^^^^^^^^^^^^^^^^^^^^^^^^^^^^^^^^^^^^^^^^^^^^^^^^^^^^^^^^^^^^^^
FileNotFoundError: [Errno 2] No such file or directory: 'app/static_p/CSV/OAB.csv'
ERROR:app:Exception on /_filtra_censo-1 [GET]
Traceback (most recent call last):
  File "/home/cuartazona/redes/envRedes/lib/python3.11/site-packages/flask/app.py", line 2190, in wsgi_app
    response = self.full_dispatch_request()
               ^^^^^^^^^^^^^^^^^^^^^^^^^^^^
  File "/home/cuartazona/redes/envRedes/lib/python3.11/site-packages/flask/app.py", line 1486, in full_dispatch_request
    rv = self.handle_user_exception(e)
         ^^^^^^^^^^^^^^^^^^^^^^^^^^^^^
  File "/home/cuartazona/redes/envRedes/lib/python3.11/site-packages/flask/app.py", line 1484, in full_dispatch_request
    rv = self.dispatch_request()
         ^^^^^^^^^^^^^^^^^^^^^^^
  File "/home/cuartazona/redes/envRedes/lib/python3.11/site-packages/flask/app.py", line 1469, in dispatch_request
    return self.ensure_sync(self.view_functions[rule.endpoint])(**view_args)
           ^^^^^^^^^^^^^^^^^^^^^^^^^^^^^^^^^^^^^^^^^^^^^^^^^^^^^^^^^^^^^^^^^
  File "/home/cuartazona/redes/app/auxiliar.py", line 130, in wrap
    return func(*args, **kwargs)
           ^^^^^^^^^^^^^^^^^^^^^
  File "/home/cuartazona/redes/app/censo.py", line 1278, in _filtra_censo
    genera_CSV(industrias_encontradas, sistema)
  File "/home/cuartazona/redes/app/censo.py", line 1285, in genera_CSV
    f = open(Configuracion.ruta_app + "static_p/CSV/" +  session['username'] + ".csv", "w")
        ^^^^^^^^^^^^^^^^^^^^^^^^^^^^^^^^^^^^^^^^^^^^^^^^^^^^^^^^^^^^^^^^^^^^^^^^^^^^^^^^^^^
FileNotFoundError: [Errno 2] No such file or directory: 'app/static_p/CSV/OAB.csv'
ERROR:app:Exception on /_filtra_censo-1 [GET]
Traceback (most recent call last):
  File "/home/cuartazona/redes/envRedes/lib/python3.11/site-packages/flask/app.py", line 2190, in wsgi_app
    response = self.full_dispatch_request()
               ^^^^^^^^^^^^^^^^^^^^^^^^^^^^
  File "/home/cuartazona/redes/envRedes/lib/python3.11/site-packages/flask/app.py", line 1486, in full_dispatch_request
    rv = self.handle_user_exception(e)
         ^^^^^^^^^^^^^^^^^^^^^^^^^^^^^
  File "/home/cuartazona/redes/envRedes/lib/python3.11/site-packages/flask/app.py", line 1484, in full_dispatch_request
    rv = self.dispatch_request()
         ^^^^^^^^^^^^^^^^^^^^^^^
  File "/home/cuartazona/redes/envRedes/lib/python3.11/site-packages/flask/app.py", line 1469, in dispatch_request
    return self.ensure_sync(self.view_functions[rule.endpoint])(**view_args)
           ^^^^^^^^^^^^^^^^^^^^^^^^^^^^^^^^^^^^^^^^^^^^^^^^^^^^^^^^^^^^^^^^^
  File "/home/cuartazona/redes/app/auxiliar.py", line 130, in wrap
    return func(*args, **kwargs)
           ^^^^^^^^^^^^^^^^^^^^^
  File "/home/cuartazona/redes/app/censo.py", line 1278, in _filtra_censo
    genera_CSV(industrias_encontradas, sistema)
  File "/home/cuartazona/redes/app/censo.py", line 1285, in genera_CSV
    f = open(Configuracion.ruta_app + "static_p/CSV/" +  session['username'] + ".csv", "w")
        ^^^^^^^^^^^^^^^^^^^^^^^^^^^^^^^^^^^^^^^^^^^^^^^^^^^^^^^^^^^^^^^^^^^^^^^^^^^^^^^^^^^
FileNotFoundError: [Errno 2] No such file or directory: 'app/static_p/CSV/OAB.csv'
ERROR:app:Exception on /_filtra_censo-1 [GET]
Traceback (most recent call last):
  File "/home/cuartazona/redes/envRedes/lib/python3.11/site-packages/flask/app.py", line 2190, in wsgi_app
    response = self.full_dispatch_request()
               ^^^^^^^^^^^^^^^^^^^^^^^^^^^^
  File "/home/cuartazona/redes/envRedes/lib/python3.11/site-packages/flask/app.py", line 1486, in full_dispatch_request
    rv = self.handle_user_exception(e)
         ^^^^^^^^^^^^^^^^^^^^^^^^^^^^^
  File "/home/cuartazona/redes/envRedes/lib/python3.11/site-packages/flask/app.py", line 1484, in full_dispatch_request
    rv = self.dispatch_request()
         ^^^^^^^^^^^^^^^^^^^^^^^
  File "/home/cuartazona/redes/envRedes/lib/python3.11/site-packages/flask/app.py", line 1469, in dispatch_request
    return self.ensure_sync(self.view_functions[rule.endpoint])(**view_args)
           ^^^^^^^^^^^^^^^^^^^^^^^^^^^^^^^^^^^^^^^^^^^^^^^^^^^^^^^^^^^^^^^^^
  File "/home/cuartazona/redes/app/auxiliar.py", line 130, in wrap
    return func(*args, **kwargs)
           ^^^^^^^^^^^^^^^^^^^^^
  File "/home/cuartazona/redes/app/censo.py", line 1278, in _filtra_censo
    genera_CSV(industrias_encontradas, sistema)
  File "/home/cuartazona/redes/app/censo.py", line 1285, in genera_CSV
    f = open(Configuracion.ruta_app + "static_p/CSV/" +  session['username'] + ".csv", "w")
        ^^^^^^^^^^^^^^^^^^^^^^^^^^^^^^^^^^^^^^^^^^^^^^^^^^^^^^^^^^^^^^^^^^^^^^^^^^^^^^^^^^^
FileNotFoundError: [Errno 2] No such file or directory: 'app/static_p/CSV/OAB.csv'
DEBUG:urllib3.connectionpool:Starting new HTTPS connection (1): servizos.meteogalicia.gal:443
DEBUG:urllib3.connectionpool:https://servizos.meteogalicia.gal:443 "GET /apiv4/getTidesInfo?coords=-7.235417883387922,43.567316006726806&startTime=2024-05-15T10:48:28&endTime=2024-05-15T10:48:28&API_KEY=GTTp4hc9KfIWz1aSCg55H64kT98aHi3Ni97nLwD9j8zPwgzQ1min0Bugr7syiGCA%20 HTTP/1.1" 200 944
DEBUG:urllib3.connectionpool:Starting new HTTPS connection (1): servizos.meteogalicia.gal:443
DEBUG:urllib3.connectionpool:https://servizos.meteogalicia.gal:443 "GET /apiv4/getTidesInfo?coords=-8.783785403459493,42.59359975046283&startTime=2024-05-15T14:07:48&endTime=2024-05-15T14:07:48&API_KEY=GTTp4hc9KfIWz1aSCg55H64kT98aHi3Ni97nLwD9j8zPwgzQ1min0Bugr7syiGCA%20 HTTP/1.1" 200 948
ERROR:app:Exception on /_actualiza_elem [POST]
Traceback (most recent call last):
  File "/home/cuartazona/redes/envRedes/lib/python3.11/site-packages/flask/app.py", line 2190, in wsgi_app
    response = self.full_dispatch_request()
               ^^^^^^^^^^^^^^^^^^^^^^^^^^^^
  File "/home/cuartazona/redes/envRedes/lib/python3.11/site-packages/flask/app.py", line 1486, in full_dispatch_request
    rv = self.handle_user_exception(e)
         ^^^^^^^^^^^^^^^^^^^^^^^^^^^^^
  File "/home/cuartazona/redes/envRedes/lib/python3.11/site-packages/flask/app.py", line 1484, in full_dispatch_request
    rv = self.dispatch_request()
         ^^^^^^^^^^^^^^^^^^^^^^^
  File "/home/cuartazona/redes/envRedes/lib/python3.11/site-packages/flask/app.py", line 1469, in dispatch_request
    return self.ensure_sync(self.view_functions[rule.endpoint])(**view_args)
           ^^^^^^^^^^^^^^^^^^^^^^^^^^^^^^^^^^^^^^^^^^^^^^^^^^^^^^^^^^^^^^^^^
  File "/home/cuartazona/redes/app/auxiliar.py", line 130, in wrap
    return func(*args, **kwargs)
           ^^^^^^^^^^^^^^^^^^^^^
  File "/home/cuartazona/redes/app/auxiliar.py", line 143, in wrap
    return fn(*args, **kwargs)
           ^^^^^^^^^^^^^^^^^^^
  File "/home/cuartazona/redes/app/rede.py", line 206, in _actualiza_elem
    clave, valor = par.split("=")
    ^^^^^^^^^^^^
ValueError: not enough values to unpack (expected 2, got 1)
DEBUG:urllib3.connectionpool:Starting new HTTPS connection (1): servizos.meteogalicia.gal:443
DEBUG:urllib3.connectionpool:https://servizos.meteogalicia.gal:443 "GET /apiv4/getTidesInfo?coords=-8.673112512077182,42.71007741180597&startTime=2024-05-20T15:09:32&endTime=2024-05-20T15:09:32&API_KEY=GTTp4hc9KfIWz1aSCg55H64kT98aHi3Ni97nLwD9j8zPwgzQ1min0Bugr7syiGCA%20 HTTP/1.1" 200 947
DEBUG:urllib3.connectionpool:Starting new HTTPS connection (1): servizos.meteogalicia.gal:443
DEBUG:urllib3.connectionpool:https://servizos.meteogalicia.gal:443 "GET /apiv4/getTidesInfo?coords=-8.783785403459493,42.59359975046283&startTime=2024-05-20T15:09:46&endTime=2024-05-20T15:09:46&API_KEY=GTTp4hc9KfIWz1aSCg55H64kT98aHi3Ni97nLwD9j8zPwgzQ1min0Bugr7syiGCA%20 HTTP/1.1" 200 946
DEBUG:urllib3.connectionpool:Starting new HTTPS connection (1): servizos.meteogalicia.gal:443
DEBUG:urllib3.connectionpool:https://servizos.meteogalicia.gal:443 "GET /apiv4/getTidesInfo?coords=-8.82625052314219,42.52339988367172&startTime=2024-05-20T15:10:19&endTime=2024-05-20T15:10:19&API_KEY=GTTp4hc9KfIWz1aSCg55H64kT98aHi3Ni97nLwD9j8zPwgzQ1min0Bugr7syiGCA%20 HTTP/1.1" 200 946
DEBUG:urllib3.connectionpool:Starting new HTTPS connection (1): servizos.meteogalicia.gal:443
DEBUG:urllib3.connectionpool:https://servizos.meteogalicia.gal:443 "GET /apiv4/getTidesInfo?coords=-8.751462723625814,41.95428114457765&startTime=2024-05-20T18:57:18&endTime=2024-05-20T18:57:18&API_KEY=GTTp4hc9KfIWz1aSCg55H64kT98aHi3Ni97nLwD9j8zPwgzQ1min0Bugr7syiGCA%20 HTTP/1.1" 200 935
DEBUG:urllib3.connectionpool:Starting new HTTPS connection (1): servizos.meteogalicia.gal:443
DEBUG:urllib3.connectionpool:https://servizos.meteogalicia.gal:443 "GET /apiv4/getTidesInfo?coords=-8.783785403459493,42.59359975046283&startTime=2024-05-21T09:43:55&endTime=2024-05-21T09:43:55&API_KEY=GTTp4hc9KfIWz1aSCg55H64kT98aHi3Ni97nLwD9j8zPwgzQ1min0Bugr7syiGCA%20 HTTP/1.1" 200 948
DEBUG:PIL.PngImagePlugin:STREAM b'IHDR' 16 13
DEBUG:PIL.PngImagePlugin:STREAM b'IDAT' 41 8192
DEBUG:urllib3.connectionpool:Starting new HTTPS connection (1): servizos.meteogalicia.gal:443
DEBUG:urllib3.connectionpool:https://servizos.meteogalicia.gal:443 "GET /apiv4/getTidesInfo?coords=-8.680974871850715,42.4067220219467&startTime=2024-05-23T14:07:58&endTime=2024-05-23T14:07:58&API_KEY=GTTp4hc9KfIWz1aSCg55H64kT98aHi3Ni97nLwD9j8zPwgzQ1min0Bugr7syiGCA%20 HTTP/1.1" 200 941
DEBUG:urllib3.connectionpool:Starting new HTTPS connection (1): servizos.meteogalicia.gal:443
DEBUG:urllib3.connectionpool:https://servizos.meteogalicia.gal:443 "GET /apiv4/getTidesInfo?coords=-8.821791548102341,42.45155300706253&startTime=2024-05-31T11:44:49&endTime=2024-05-31T11:44:49&API_KEY=GTTp4hc9KfIWz1aSCg55H64kT98aHi3Ni97nLwD9j8zPwgzQ1min0Bugr7syiGCA%20 HTTP/1.1" 200 939
DEBUG:urllib3.connectionpool:Starting new HTTPS connection (1): servizos.meteogalicia.gal:443
DEBUG:urllib3.connectionpool:https://servizos.meteogalicia.gal:443 "GET /apiv4/getTidesInfo?coords=-8.821791548102341,42.45155300706253&startTime=2024-05-31T11:45:38&endTime=2024-05-31T11:45:38&API_KEY=GTTp4hc9KfIWz1aSCg55H64kT98aHi3Ni97nLwD9j8zPwgzQ1min0Bugr7syiGCA%20 HTTP/1.1" 200 939
DEBUG:urllib3.connectionpool:Starting new HTTPS connection (1): servizos.meteogalicia.gal:443
DEBUG:urllib3.connectionpool:https://servizos.meteogalicia.gal:443 "GET /apiv4/getTidesInfo?coords=-8.007127964961228,43.15720677633901&startTime=2024-06-05T18:58:10&endTime=2024-06-05T18:58:10&API_KEY=GTTp4hc9KfIWz1aSCg55H64kT98aHi3Ni97nLwD9j8zPwgzQ1min0Bugr7syiGCA%20 HTTP/1.1" 200 939
DEBUG:urllib3.connectionpool:Starting new HTTPS connection (1): servizos.meteogalicia.gal:443
DEBUG:urllib3.connectionpool:https://servizos.meteogalicia.gal:443 "GET /apiv4/getTidesInfo?coords=-8.783785403459493,42.59359975046283&startTime=2024-06-05T18:58:38&endTime=2024-06-05T18:58:38&API_KEY=GTTp4hc9KfIWz1aSCg55H64kT98aHi3Ni97nLwD9j8zPwgzQ1min0Bugr7syiGCA%20 HTTP/1.1" 200 948
DEBUG:urllib3.connectionpool:Starting new HTTPS connection (1): servizos.meteogalicia.gal:443
DEBUG:urllib3.connectionpool:https://servizos.meteogalicia.gal:443 "GET /apiv4/getTidesInfo?coords=-8.248277358215667,43.3638466701659&startTime=2024-06-05T18:58:45&endTime=2024-06-05T18:58:45&API_KEY=GTTp4hc9KfIWz1aSCg55H64kT98aHi3Ni97nLwD9j8zPwgzQ1min0Bugr7syiGCA%20 HTTP/1.1" 200 939
DEBUG:urllib3.connectionpool:Starting new HTTPS connection (1): servizos.meteogalicia.gal:443
DEBUG:urllib3.connectionpool:https://servizos.meteogalicia.gal:443 "GET /apiv4/getTidesInfo?coords=-8.882290952876643,42.49803859393068&startTime=2024-06-05T18:59:20&endTime=2024-06-05T18:59:20&API_KEY=GTTp4hc9KfIWz1aSCg55H64kT98aHi3Ni97nLwD9j8zPwgzQ1min0Bugr7syiGCA%20 HTTP/1.1" 200 943
DEBUG:urllib3.connectionpool:Starting new HTTPS connection (1): servizos.meteogalicia.gal:443
DEBUG:urllib3.connectionpool:https://servizos.meteogalicia.gal:443 "GET /apiv4/getTidesInfo?coords=-7.354152145727465,43.44963922338999&startTime=2024-06-05T19:00:03&endTime=2024-06-05T19:00:03&API_KEY=GTTp4hc9KfIWz1aSCg55H64kT98aHi3Ni97nLwD9j8zPwgzQ1min0Bugr7syiGCA%20 HTTP/1.1" 200 944
ERROR:app:Exception on /_actualiza_elem [POST]
Traceback (most recent call last):
  File "/home/cuartazona/redes/envRedes/lib/python3.11/site-packages/flask/app.py", line 2190, in wsgi_app
    response = self.full_dispatch_request()
               ^^^^^^^^^^^^^^^^^^^^^^^^^^^^
  File "/home/cuartazona/redes/envRedes/lib/python3.11/site-packages/flask/app.py", line 1486, in full_dispatch_request
    rv = self.handle_user_exception(e)
         ^^^^^^^^^^^^^^^^^^^^^^^^^^^^^
  File "/home/cuartazona/redes/envRedes/lib/python3.11/site-packages/flask/app.py", line 1484, in full_dispatch_request
    rv = self.dispatch_request()
         ^^^^^^^^^^^^^^^^^^^^^^^
  File "/home/cuartazona/redes/envRedes/lib/python3.11/site-packages/flask/app.py", line 1469, in dispatch_request
    return self.ensure_sync(self.view_functions[rule.endpoint])(**view_args)
           ^^^^^^^^^^^^^^^^^^^^^^^^^^^^^^^^^^^^^^^^^^^^^^^^^^^^^^^^^^^^^^^^^
  File "/home/cuartazona/redes/app/auxiliar.py", line 130, in wrap
    return func(*args, **kwargs)
           ^^^^^^^^^^^^^^^^^^^^^
  File "/home/cuartazona/redes/app/auxiliar.py", line 143, in wrap
    return fn(*args, **kwargs)
           ^^^^^^^^^^^^^^^^^^^
  File "/home/cuartazona/redes/app/rede.py", line 206, in _actualiza_elem
    clave, valor = par.split("=")
    ^^^^^^^^^^^^
ValueError: not enough values to unpack (expected 2, got 1)
DEBUG:urllib3.connectionpool:Starting new HTTPS connection (1): servizos.meteogalicia.gal:443
DEBUG:urllib3.connectionpool:https://servizos.meteogalicia.gal:443 "GET /apiv4/getTidesInfo?coords=-8.007127964961228,43.15720677633901&startTime=2024-06-06T18:05:02&endTime=2024-06-06T18:05:02&API_KEY=GTTp4hc9KfIWz1aSCg55H64kT98aHi3Ni97nLwD9j8zPwgzQ1min0Bugr7syiGCA%20 HTTP/1.1" 200 939
DEBUG:urllib3.connectionpool:Starting new HTTPS connection (1): servizos.meteogalicia.gal:443
DEBUG:urllib3.connectionpool:https://servizos.meteogalicia.gal:443 "GET /apiv4/getTidesInfo?coords=-8.248277358215667,43.3638466701659&startTime=2024-06-06T18:05:10&endTime=2024-06-06T18:05:10&API_KEY=GTTp4hc9KfIWz1aSCg55H64kT98aHi3Ni97nLwD9j8zPwgzQ1min0Bugr7syiGCA%20 HTTP/1.1" 200 939
DEBUG:urllib3.connectionpool:Starting new HTTPS connection (1): servizos.meteogalicia.gal:443
DEBUG:urllib3.connectionpool:https://servizos.meteogalicia.gal:443 "GET /apiv4/getTidesInfo?coords=-8.248277358215667,43.3638466701659&startTime=2024-06-06T18:56:59&endTime=2024-06-06T18:56:59&API_KEY=GTTp4hc9KfIWz1aSCg55H64kT98aHi3Ni97nLwD9j8zPwgzQ1min0Bugr7syiGCA%20 HTTP/1.1" 200 939
DEBUG:urllib3.connectionpool:Starting new HTTPS connection (1): servizos.meteogalicia.gal:443
DEBUG:urllib3.connectionpool:https://servizos.meteogalicia.gal:443 "GET /apiv4/getTidesInfo?coords=-8.673112512077182,42.71007741180597&startTime=2024-06-10T09:26:06&endTime=2024-06-10T09:26:06&API_KEY=GTTp4hc9KfIWz1aSCg55H64kT98aHi3Ni97nLwD9j8zPwgzQ1min0Bugr7syiGCA%20 HTTP/1.1" 200 947
ERROR:app:Exception on /revisions_pendentes-RIXO [GET]
Traceback (most recent call last):
  File "/home/cuartazona/redes/envRedes/lib/python3.11/site-packages/flask/app.py", line 2190, in wsgi_app
    response = self.full_dispatch_request()
               ^^^^^^^^^^^^^^^^^^^^^^^^^^^^
  File "/home/cuartazona/redes/envRedes/lib/python3.11/site-packages/flask/app.py", line 1486, in full_dispatch_request
    rv = self.handle_user_exception(e)
         ^^^^^^^^^^^^^^^^^^^^^^^^^^^^^
  File "/home/cuartazona/redes/envRedes/lib/python3.11/site-packages/flask/app.py", line 1484, in full_dispatch_request
    rv = self.dispatch_request()
         ^^^^^^^^^^^^^^^^^^^^^^^
  File "/home/cuartazona/redes/envRedes/lib/python3.11/site-packages/flask/app.py", line 1469, in dispatch_request
    return self.ensure_sync(self.view_functions[rule.endpoint])(**view_args)
           ^^^^^^^^^^^^^^^^^^^^^^^^^^^^^^^^^^^^^^^^^^^^^^^^^^^^^^^^^^^^^^^^^
  File "/home/cuartazona/redes/app/auxiliar.py", line 118, in wrap
    return f(*args, **kwargs)
           ^^^^^^^^^^^^^^^^^^
  File "/home/cuartazona/redes/app/auditoria.py", line 269, in revisiones_pendentes
    "cod_EDAR": revisiones[0]['cod_EDAR'],
                ~~~~~~~~~~^^^
IndexError: list index out of range
ERROR:app:Exception on /revisions_pendentes-RIXO [GET]
Traceback (most recent call last):
  File "/home/cuartazona/redes/envRedes/lib/python3.11/site-packages/flask/app.py", line 2190, in wsgi_app
    response = self.full_dispatch_request()
               ^^^^^^^^^^^^^^^^^^^^^^^^^^^^
  File "/home/cuartazona/redes/envRedes/lib/python3.11/site-packages/flask/app.py", line 1486, in full_dispatch_request
    rv = self.handle_user_exception(e)
         ^^^^^^^^^^^^^^^^^^^^^^^^^^^^^
  File "/home/cuartazona/redes/envRedes/lib/python3.11/site-packages/flask/app.py", line 1484, in full_dispatch_request
    rv = self.dispatch_request()
         ^^^^^^^^^^^^^^^^^^^^^^^
  File "/home/cuartazona/redes/envRedes/lib/python3.11/site-packages/flask/app.py", line 1469, in dispatch_request
    return self.ensure_sync(self.view_functions[rule.endpoint])(**view_args)
           ^^^^^^^^^^^^^^^^^^^^^^^^^^^^^^^^^^^^^^^^^^^^^^^^^^^^^^^^^^^^^^^^^
  File "/home/cuartazona/redes/app/auxiliar.py", line 118, in wrap
    return f(*args, **kwargs)
           ^^^^^^^^^^^^^^^^^^
  File "/home/cuartazona/redes/app/auditoria.py", line 269, in revisiones_pendentes
    "cod_EDAR": revisiones[0]['cod_EDAR'],
                ~~~~~~~~~~^^^
IndexError: list index out of range
ERROR:app:Exception on /censo-RIXO [GET]
Traceback (most recent call last):
  File "/home/cuartazona/redes/envRedes/lib/python3.11/site-packages/flask/app.py", line 2190, in wsgi_app
    response = self.full_dispatch_request()
               ^^^^^^^^^^^^^^^^^^^^^^^^^^^^
  File "/home/cuartazona/redes/envRedes/lib/python3.11/site-packages/flask/app.py", line 1486, in full_dispatch_request
    rv = self.handle_user_exception(e)
         ^^^^^^^^^^^^^^^^^^^^^^^^^^^^^
  File "/home/cuartazona/redes/envRedes/lib/python3.11/site-packages/flask/app.py", line 1484, in full_dispatch_request
    rv = self.dispatch_request()
         ^^^^^^^^^^^^^^^^^^^^^^^
  File "/home/cuartazona/redes/envRedes/lib/python3.11/site-packages/flask/app.py", line 1469, in dispatch_request
    return self.ensure_sync(self.view_functions[rule.endpoint])(**view_args)
           ^^^^^^^^^^^^^^^^^^^^^^^^^^^^^^^^^^^^^^^^^^^^^^^^^^^^^^^^^^^^^^^^^
  File "/home/cuartazona/redes/app/auxiliar.py", line 119, in wrap
    return f(*args, **kwargs)
           ^^^^^^^^^^^^^^^^^^
  File "/home/cuartazona/redes/app/censo.py", line 20, in censo
    if not verificarPermiso(session, 'galicia', 0):
           ^^^^^^^^^^^^^^^^^^^^^^^^^^^^^^^^^^^^^^^
TypeError: verificarPermiso() takes 2 positional arguments but 3 were given
ERROR:app:Exception on /rede-RIXO [GET]
Traceback (most recent call last):
  File "/home/cuartazona/redes/envRedes/lib/python3.11/site-packages/flask/app.py", line 2190, in wsgi_app
    response = self.full_dispatch_request()
               ^^^^^^^^^^^^^^^^^^^^^^^^^^^^
  File "/home/cuartazona/redes/envRedes/lib/python3.11/site-packages/flask/app.py", line 1486, in full_dispatch_request
    rv = self.handle_user_exception(e)
         ^^^^^^^^^^^^^^^^^^^^^^^^^^^^^
  File "/home/cuartazona/redes/envRedes/lib/python3.11/site-packages/flask/app.py", line 1484, in full_dispatch_request
    rv = self.dispatch_request()
         ^^^^^^^^^^^^^^^^^^^^^^^
  File "/home/cuartazona/redes/envRedes/lib/python3.11/site-packages/flask/app.py", line 1469, in dispatch_request
    return self.ensure_sync(self.view_functions[rule.endpoint])(**view_args)
           ^^^^^^^^^^^^^^^^^^^^^^^^^^^^^^^^^^^^^^^^^^^^^^^^^^^^^^^^^^^^^^^^^
  File "/home/cuartazona/redes/app/auxiliar.py", line 119, in wrap
    return f(*args, **kwargs)
           ^^^^^^^^^^^^^^^^^^
  File "/home/cuartazona/redes/app/rede.py", line 17, in red
    if not verificarPermiso(session, cod_edar, 0):
           ^^^^^^^^^^^^^^^^^^^^^^^^^^^^^^^^^^^^^^
TypeError: verificarPermiso() takes 2 positional arguments but 3 were given
ERROR:app:Exception on /censo-RIAN [GET]
Traceback (most recent call last):
  File "/home/cuartazona/redes/envRedes/lib/python3.11/site-packages/flask/app.py", line 2190, in wsgi_app
    response = self.full_dispatch_request()
               ^^^^^^^^^^^^^^^^^^^^^^^^^^^^
  File "/home/cuartazona/redes/envRedes/lib/python3.11/site-packages/flask/app.py", line 1486, in full_dispatch_request
    rv = self.handle_user_exception(e)
         ^^^^^^^^^^^^^^^^^^^^^^^^^^^^^
  File "/home/cuartazona/redes/envRedes/lib/python3.11/site-packages/flask/app.py", line 1484, in full_dispatch_request
    rv = self.dispatch_request()
         ^^^^^^^^^^^^^^^^^^^^^^^
  File "/home/cuartazona/redes/envRedes/lib/python3.11/site-packages/flask/app.py", line 1469, in dispatch_request
    return self.ensure_sync(self.view_functions[rule.endpoint])(**view_args)
           ^^^^^^^^^^^^^^^^^^^^^^^^^^^^^^^^^^^^^^^^^^^^^^^^^^^^^^^^^^^^^^^^^
  File "/home/cuartazona/redes/app/auxiliar.py", line 119, in wrap
    return f(*args, **kwargs)
           ^^^^^^^^^^^^^^^^^^
  File "/home/cuartazona/redes/app/censo.py", line 20, in censo
    if not verificarPermiso(session, 'galicia', 0):
           ^^^^^^^^^^^^^^^^^^^^^^^^^^^^^^^^^^^^^^^
TypeError: verificarPermiso() takes 2 positional arguments but 3 were given
ERROR:app:Exception on /censo-VGAR [GET]
Traceback (most recent call last):
  File "/home/cuartazona/redes/envRedes/lib/python3.11/site-packages/flask/app.py", line 2190, in wsgi_app
    response = self.full_dispatch_request()
               ^^^^^^^^^^^^^^^^^^^^^^^^^^^^
  File "/home/cuartazona/redes/envRedes/lib/python3.11/site-packages/flask/app.py", line 1486, in full_dispatch_request
    rv = self.handle_user_exception(e)
         ^^^^^^^^^^^^^^^^^^^^^^^^^^^^^
  File "/home/cuartazona/redes/envRedes/lib/python3.11/site-packages/flask/app.py", line 1484, in full_dispatch_request
    rv = self.dispatch_request()
         ^^^^^^^^^^^^^^^^^^^^^^^
  File "/home/cuartazona/redes/envRedes/lib/python3.11/site-packages/flask/app.py", line 1469, in dispatch_request
    return self.ensure_sync(self.view_functions[rule.endpoint])(**view_args)
           ^^^^^^^^^^^^^^^^^^^^^^^^^^^^^^^^^^^^^^^^^^^^^^^^^^^^^^^^^^^^^^^^^
  File "/home/cuartazona/redes/app/auxiliar.py", line 119, in wrap
    return f(*args, **kwargs)
           ^^^^^^^^^^^^^^^^^^
  File "/home/cuartazona/redes/app/censo.py", line 20, in censo
    if not verificarPermiso(session, 'galicia', 0):
           ^^^^^^^^^^^^^^^^^^^^^^^^^^^^^^^^^^^^^^^
TypeError: verificarPermiso() takes 2 positional arguments but 3 were given
ERROR:app:Exception on /censo-BETA [GET]
Traceback (most recent call last):
  File "/home/cuartazona/redes/envRedes/lib/python3.11/site-packages/flask/app.py", line 2190, in wsgi_app
    response = self.full_dispatch_request()
               ^^^^^^^^^^^^^^^^^^^^^^^^^^^^
  File "/home/cuartazona/redes/envRedes/lib/python3.11/site-packages/flask/app.py", line 1486, in full_dispatch_request
    rv = self.handle_user_exception(e)
         ^^^^^^^^^^^^^^^^^^^^^^^^^^^^^
  File "/home/cuartazona/redes/envRedes/lib/python3.11/site-packages/flask/app.py", line 1484, in full_dispatch_request
    rv = self.dispatch_request()
         ^^^^^^^^^^^^^^^^^^^^^^^
  File "/home/cuartazona/redes/envRedes/lib/python3.11/site-packages/flask/app.py", line 1469, in dispatch_request
    return self.ensure_sync(self.view_functions[rule.endpoint])(**view_args)
           ^^^^^^^^^^^^^^^^^^^^^^^^^^^^^^^^^^^^^^^^^^^^^^^^^^^^^^^^^^^^^^^^^
  File "/home/cuartazona/redes/app/auxiliar.py", line 119, in wrap
    return f(*args, **kwargs)
           ^^^^^^^^^^^^^^^^^^
  File "/home/cuartazona/redes/app/censo.py", line 20, in censo
    if not verificarPermiso(session, 'galicia', 0):
           ^^^^^^^^^^^^^^^^^^^^^^^^^^^^^^^^^^^^^^^
TypeError: verificarPermiso() takes 2 positional arguments but 3 were given
DEBUG:urllib3.connectionpool:Starting new HTTPS connection (1): servizos.meteogalicia.gal:443
DEBUG:urllib3.connectionpool:https://servizos.meteogalicia.gal:443 "GET /apiv4/getTidesInfo?coords=-8.82625052314219,42.52339988367172&startTime=2024-06-12T11:16:06&endTime=2024-06-12T11:16:06&API_KEY=GTTp4hc9KfIWz1aSCg55H64kT98aHi3Ni97nLwD9j8zPwgzQ1min0Bugr7syiGCA%20 HTTP/1.1" 200 3581
DEBUG:urllib3.connectionpool:Starting new HTTPS connection (1): servizos.meteogalicia.gal:443
DEBUG:urllib3.connectionpool:https://servizos.meteogalicia.gal:443 "GET /apiv4/getTidesInfo?coords=-8.82625052314219,42.52339988367172&startTime=2024-06-12T12:16:53&endTime=2024-06-12T12:16:53&API_KEY=GTTp4hc9KfIWz1aSCg55H64kT98aHi3Ni97nLwD9j8zPwgzQ1min0Bugr7syiGCA%20 HTTP/1.1" 200 3581
DEBUG:urllib3.connectionpool:Starting new HTTPS connection (1): servizos.meteogalicia.gal:443
DEBUG:urllib3.connectionpool:https://servizos.meteogalicia.gal:443 "GET /apiv4/getTidesInfo?coords=-8.82625052314219,42.52339988367172&startTime=2024-06-12T12:20:35&endTime=2024-06-12T12:20:35&API_KEY=GTTp4hc9KfIWz1aSCg55H64kT98aHi3Ni97nLwD9j8zPwgzQ1min0Bugr7syiGCA%20 HTTP/1.1" 200 3581
DEBUG:urllib3.connectionpool:Starting new HTTPS connection (1): servizos.meteogalicia.gal:443
DEBUG:urllib3.connectionpool:https://servizos.meteogalicia.gal:443 "GET /apiv4/getTidesInfo?coords=-8.774237002,42.50721256&startTime=2024-06-12T13:17:59&endTime=2024-06-12T13:17:59&API_KEY=GTTp4hc9KfIWz1aSCg55H64kT98aHi3Ni97nLwD9j8zPwgzQ1min0Bugr7syiGCA%20 HTTP/1.1" 200 3582
DEBUG:urllib3.connectionpool:Starting new HTTPS connection (1): servizos.meteogalicia.gal:443
DEBUG:urllib3.connectionpool:https://servizos.meteogalicia.gal:443 "GET /apiv4/getTidesInfo?coords=-8.82625052314219,42.52339988367172&startTime=2024-06-12T13:18:36&endTime=2024-06-12T13:18:36&API_KEY=GTTp4hc9KfIWz1aSCg55H64kT98aHi3Ni97nLwD9j8zPwgzQ1min0Bugr7syiGCA%20 HTTP/1.1" 200 3581
DEBUG:urllib3.connectionpool:Starting new HTTPS connection (1): servizos.meteogalicia.gal:443
DEBUG:urllib3.connectionpool:https://servizos.meteogalicia.gal:443 "GET /apiv4/getTidesInfo?coords=-8.774237002,42.50721256&startTime=2024-06-12T13:19:18&endTime=2024-06-12T13:19:18&API_KEY=GTTp4hc9KfIWz1aSCg55H64kT98aHi3Ni97nLwD9j8zPwgzQ1min0Bugr7syiGCA%20 HTTP/1.1" 200 3582
DEBUG:urllib3.connectionpool:Starting new HTTPS connection (1): servizos.meteogalicia.gal:443
DEBUG:urllib3.connectionpool:https://servizos.meteogalicia.gal:443 "GET /apiv4/getTidesInfo?coords=-8.774237002,42.50721256&startTime=2024-06-12T13:21:22&endTime=2024-06-12T13:21:22&API_KEY=GTTp4hc9KfIWz1aSCg55H64kT98aHi3Ni97nLwD9j8zPwgzQ1min0Bugr7syiGCA%20 HTTP/1.1" 200 3582
DEBUG:urllib3.connectionpool:Starting new HTTPS connection (1): servizos.meteogalicia.gal:443
DEBUG:urllib3.connectionpool:https://servizos.meteogalicia.gal:443 "GET /apiv4/getTidesInfo?coords=-8.82625052314219,42.52339988367172&startTime=2024-06-12T13:31:29&endTime=2024-06-12T13:31:29&API_KEY=GTTp4hc9KfIWz1aSCg55H64kT98aHi3Ni97nLwD9j8zPwgzQ1min0Bugr7syiGCA%20 HTTP/1.1" 200 3581
DEBUG:urllib3.connectionpool:Starting new HTTPS connection (1): servizos.meteogalicia.gal:443
DEBUG:urllib3.connectionpool:https://servizos.meteogalicia.gal:443 "GET /apiv4/getTidesInfo?coords=-8.82625052314219,42.52339988367172&startTime=2024-06-12T13:38:48&endTime=2024-06-12T13:38:48&API_KEY=GTTp4hc9KfIWz1aSCg55H64kT98aHi3Ni97nLwD9j8zPwgzQ1min0Bugr7syiGCA%20 HTTP/1.1" 200 3581
DEBUG:urllib3.connectionpool:Starting new HTTPS connection (1): servizos.meteogalicia.gal:443
DEBUG:urllib3.connectionpool:https://servizos.meteogalicia.gal:443 "GET /apiv4/getTidesInfo?coords=-8.821008307501847,42.64512244527745&startTime=2024-06-12T16:53:29&endTime=2024-06-12T16:53:29&API_KEY=GTTp4hc9KfIWz1aSCg55H64kT98aHi3Ni97nLwD9j8zPwgzQ1min0Bugr7syiGCA%20 HTTP/1.1" 200 3582
DEBUG:urllib3.connectionpool:Starting new HTTPS connection (1): servizos.meteogalicia.gal:443
DEBUG:urllib3.connectionpool:https://servizos.meteogalicia.gal:443 "GET /apiv4/getTidesInfo?coords=-8.82625052314219,42.52339988367172&startTime=2024-06-13T08:40:59&endTime=2024-06-13T08:40:59&API_KEY=GTTp4hc9KfIWz1aSCg55H64kT98aHi3Ni97nLwD9j8zPwgzQ1min0Bugr7syiGCA%20 HTTP/1.1" 200 3575
DEBUG:urllib3.connectionpool:Starting new HTTPS connection (1): servizos.meteogalicia.gal:443
DEBUG:urllib3.connectionpool:https://servizos.meteogalicia.gal:443 "GET /apiv4/getTidesInfo?coords=-8.82625052314219,42.52339988367172&startTime=2024-06-13T09:09:42&endTime=2024-06-13T09:09:42&API_KEY=GTTp4hc9KfIWz1aSCg55H64kT98aHi3Ni97nLwD9j8zPwgzQ1min0Bugr7syiGCA%20 HTTP/1.1" 200 3575
DEBUG:urllib3.connectionpool:Starting new HTTPS connection (1): servizos.meteogalicia.gal:443
DEBUG:urllib3.connectionpool:https://servizos.meteogalicia.gal:443 "GET /apiv4/getTidesInfo?coords=-8.82625052314219,42.52339988367172&startTime=2024-06-13T11:25:25&endTime=2024-06-13T11:25:25&API_KEY=GTTp4hc9KfIWz1aSCg55H64kT98aHi3Ni97nLwD9j8zPwgzQ1min0Bugr7syiGCA%20 HTTP/1.1" 200 3575
DEBUG:urllib3.connectionpool:Starting new HTTPS connection (1): servizos.meteogalicia.gal:443
DEBUG:urllib3.connectionpool:https://servizos.meteogalicia.gal:443 "GET /apiv4/getTidesInfo?coords=-8.774237002,42.50721256&startTime=2024-06-13T11:25:34&endTime=2024-06-13T11:25:34&API_KEY=GTTp4hc9KfIWz1aSCg55H64kT98aHi3Ni97nLwD9j8zPwgzQ1min0Bugr7syiGCA%20 HTTP/1.1" 200 3576
DEBUG:urllib3.connectionpool:Starting new HTTPS connection (1): servizos.meteogalicia.gal:443
DEBUG:urllib3.connectionpool:https://servizos.meteogalicia.gal:443 "GET /apiv4/getTidesInfo?coords=-8.774237002,42.50721256&startTime=2024-06-13T12:10:17&endTime=2024-06-13T12:10:17&API_KEY=GTTp4hc9KfIWz1aSCg55H64kT98aHi3Ni97nLwD9j8zPwgzQ1min0Bugr7syiGCA%20 HTTP/1.1" 200 3576
ERROR:app:Exception on /_actualiza_elem [POST]
Traceback (most recent call last):
  File "/home/cuartazona/redes/envRedes/lib/python3.11/site-packages/flask/app.py", line 2190, in wsgi_app
    response = self.full_dispatch_request()
               ^^^^^^^^^^^^^^^^^^^^^^^^^^^^
  File "/home/cuartazona/redes/envRedes/lib/python3.11/site-packages/flask/app.py", line 1486, in full_dispatch_request
    rv = self.handle_user_exception(e)
         ^^^^^^^^^^^^^^^^^^^^^^^^^^^^^
  File "/home/cuartazona/redes/envRedes/lib/python3.11/site-packages/flask/app.py", line 1484, in full_dispatch_request
    rv = self.dispatch_request()
         ^^^^^^^^^^^^^^^^^^^^^^^
  File "/home/cuartazona/redes/envRedes/lib/python3.11/site-packages/flask/app.py", line 1469, in dispatch_request
    return self.ensure_sync(self.view_functions[rule.endpoint])(**view_args)
           ^^^^^^^^^^^^^^^^^^^^^^^^^^^^^^^^^^^^^^^^^^^^^^^^^^^^^^^^^^^^^^^^^
  File "/home/cuartazona/redes/app/auxiliar.py", line 131, in wrap
    return func(*args, **kwargs)
           ^^^^^^^^^^^^^^^^^^^^^
  File "/home/cuartazona/redes/app/auxiliar.py", line 144, in wrap
    return fn(*args, **kwargs)
           ^^^^^^^^^^^^^^^^^^^
  File "/home/cuartazona/redes/app/rede.py", line 206, in _actualiza_elem
    clave, valor = par.split("=")
    ^^^^^^^^^^^^
ValueError: not enough values to unpack (expected 2, got 1)
ERROR:app:Exception on /_actualiza_elem [POST]
Traceback (most recent call last):
  File "/home/cuartazona/redes/envRedes/lib/python3.11/site-packages/flask/app.py", line 2190, in wsgi_app
    response = self.full_dispatch_request()
               ^^^^^^^^^^^^^^^^^^^^^^^^^^^^
  File "/home/cuartazona/redes/envRedes/lib/python3.11/site-packages/flask/app.py", line 1486, in full_dispatch_request
    rv = self.handle_user_exception(e)
         ^^^^^^^^^^^^^^^^^^^^^^^^^^^^^
  File "/home/cuartazona/redes/envRedes/lib/python3.11/site-packages/flask/app.py", line 1484, in full_dispatch_request
    rv = self.dispatch_request()
         ^^^^^^^^^^^^^^^^^^^^^^^
  File "/home/cuartazona/redes/envRedes/lib/python3.11/site-packages/flask/app.py", line 1469, in dispatch_request
    return self.ensure_sync(self.view_functions[rule.endpoint])(**view_args)
           ^^^^^^^^^^^^^^^^^^^^^^^^^^^^^^^^^^^^^^^^^^^^^^^^^^^^^^^^^^^^^^^^^
  File "/home/cuartazona/redes/app/auxiliar.py", line 131, in wrap
    return func(*args, **kwargs)
           ^^^^^^^^^^^^^^^^^^^^^
  File "/home/cuartazona/redes/app/auxiliar.py", line 144, in wrap
    return fn(*args, **kwargs)
           ^^^^^^^^^^^^^^^^^^^
  File "/home/cuartazona/redes/app/rede.py", line 206, in _actualiza_elem
    clave, valor = par.split("=")
    ^^^^^^^^^^^^
ValueError: not enough values to unpack (expected 2, got 1)
DEBUG:urllib3.connectionpool:Starting new HTTPS connection (1): servizos.meteogalicia.gal:443
DEBUG:urllib3.connectionpool:https://servizos.meteogalicia.gal:443 "GET /apiv4/getTidesInfo?coords=-8.673112512077182,42.71007741180597&startTime=2024-06-14T13:51:58&endTime=2024-06-14T13:51:58&API_KEY=GTTp4hc9KfIWz1aSCg55H64kT98aHi3Ni97nLwD9j8zPwgzQ1min0Bugr7syiGCA%20 HTTP/1.1" 200 3585
DEBUG:urllib3.connectionpool:Starting new HTTPS connection (1): servizos.meteogalicia.gal:443
DEBUG:urllib3.connectionpool:https://servizos.meteogalicia.gal:443 "GET /apiv4/getTidesInfo?coords=-8.673112512077182,42.71007741180597&startTime=2024-06-18T13:28:05&endTime=2024-06-18T13:28:05&API_KEY=GTTp4hc9KfIWz1aSCg55H64kT98aHi3Ni97nLwD9j8zPwgzQ1min0Bugr7syiGCA%20 HTTP/1.1" 200 3582
DEBUG:urllib3.connectionpool:Starting new HTTPS connection (1): servizos.meteogalicia.gal:443
DEBUG:urllib3.connectionpool:https://servizos.meteogalicia.gal:443 "GET /apiv4/getTidesInfo?coords=-8.82625052314219,42.52339988367172&startTime=2024-06-19T09:48:54&endTime=2024-06-19T09:48:54&API_KEY=GTTp4hc9KfIWz1aSCg55H64kT98aHi3Ni97nLwD9j8zPwgzQ1min0Bugr7syiGCA%20 HTTP/1.1" 200 3578
DEBUG:urllib3.connectionpool:Starting new HTTPS connection (1): servizos.meteogalicia.gal:443
DEBUG:urllib3.connectionpool:https://servizos.meteogalicia.gal:443 "GET /apiv4/getTidesInfo?coords=-8.70864804125306,42.27741380450664&startTime=2024-06-19T12:46:17&endTime=2024-06-19T12:46:17&API_KEY=GTTp4hc9KfIWz1aSCg55H64kT98aHi3Ni97nLwD9j8zPwgzQ1min0Bugr7syiGCA%20 HTTP/1.1" 200 3564
DEBUG:urllib3.connectionpool:Starting new HTTPS connection (1): servizos.meteogalicia.gal:443
DEBUG:urllib3.connectionpool:https://servizos.meteogalicia.gal:443 "GET /apiv4/getTidesInfo?coords=-8.82625052314219,42.52339988367172&startTime=2024-06-19T13:44:26&endTime=2024-06-19T13:44:26&API_KEY=GTTp4hc9KfIWz1aSCg55H64kT98aHi3Ni97nLwD9j8zPwgzQ1min0Bugr7syiGCA%20 HTTP/1.1" 200 3578
DEBUG:urllib3.connectionpool:Starting new HTTPS connection (1): servizos.meteogalicia.gal:443
DEBUG:urllib3.connectionpool:https://servizos.meteogalicia.gal:443 "GET /apiv4/getTidesInfo?coords=-8.525473679510286,42.8321608059451&startTime=2024-06-19T16:42:56&endTime=2024-06-19T16:42:56&API_KEY=GTTp4hc9KfIWz1aSCg55H64kT98aHi3Ni97nLwD9j8zPwgzQ1min0Bugr7syiGCA%20 HTTP/1.1" 200 3579
DEBUG:urllib3.connectionpool:Starting new HTTPS connection (1): servizos.meteogalicia.gal:443
DEBUG:urllib3.connectionpool:https://servizos.meteogalicia.gal:443 "GET /apiv4/getTidesInfo?coords=-8.82625052314219,42.52339988367172&startTime=2024-06-19T17:49:23&endTime=2024-06-19T17:49:23&API_KEY=GTTp4hc9KfIWz1aSCg55H64kT98aHi3Ni97nLwD9j8zPwgzQ1min0Bugr7syiGCA%20 HTTP/1.1" 200 3578
ERROR:app:Exception on /_subir_aai [POST]
Traceback (most recent call last):
  File "/home/cuartazona/redes/envRedes/lib/python3.11/site-packages/flask/app.py", line 2190, in wsgi_app
    response = self.full_dispatch_request()
               ^^^^^^^^^^^^^^^^^^^^^^^^^^^^
  File "/home/cuartazona/redes/envRedes/lib/python3.11/site-packages/flask/app.py", line 1486, in full_dispatch_request
    rv = self.handle_user_exception(e)
         ^^^^^^^^^^^^^^^^^^^^^^^^^^^^^
  File "/home/cuartazona/redes/envRedes/lib/python3.11/site-packages/flask/app.py", line 1484, in full_dispatch_request
    rv = self.dispatch_request()
         ^^^^^^^^^^^^^^^^^^^^^^^
  File "/home/cuartazona/redes/envRedes/lib/python3.11/site-packages/flask/app.py", line 1469, in dispatch_request
    return self.ensure_sync(self.view_functions[rule.endpoint])(**view_args)
           ^^^^^^^^^^^^^^^^^^^^^^^^^^^^^^^^^^^^^^^^^^^^^^^^^^^^^^^^^^^^^^^^^
  File "/home/cuartazona/redes/app/auxiliar.py", line 131, in wrap
    return func(*args, **kwargs)
           ^^^^^^^^^^^^^^^^^^^^^
  File "/home/cuartazona/redes/app/auxiliar.py", line 144, in wrap
    return fn(*args, **kwargs)
           ^^^^^^^^^^^^^^^^^^^
  File "/home/cuartazona/redes/app/censo.py", line 943, in _subir_aai
    nombre_archivo = sistema + "_" + cod_industria
                     ~~~~~~~~~~~~~~^~~~~~~~~~~~~~~
TypeError: can only concatenate str (not "NoneType") to str
DEBUG:urllib3.connectionpool:Starting new HTTPS connection (1): servizos.meteogalicia.gal:443
DEBUG:urllib3.connectionpool:https://servizos.meteogalicia.gal:443 "GET /apiv4/getTidesInfo?coords=-8.82625052314219,42.52339988367172&startTime=2024-06-24T09:37:54&endTime=2024-06-24T09:37:54&API_KEY=GTTp4hc9KfIWz1aSCg55H64kT98aHi3Ni97nLwD9j8zPwgzQ1min0Bugr7syiGCA%20 HTTP/1.1" 200 3582
DEBUG:urllib3.connectionpool:Starting new HTTPS connection (1): servizos.meteogalicia.gal:443
DEBUG:urllib3.connectionpool:https://servizos.meteogalicia.gal:443 "GET /apiv4/getTidesInfo?coords=-8.774237002,42.50721256&startTime=2024-06-24T09:38:17&endTime=2024-06-24T09:38:17&API_KEY=GTTp4hc9KfIWz1aSCg55H64kT98aHi3Ni97nLwD9j8zPwgzQ1min0Bugr7syiGCA%20 HTTP/1.1" 200 3583
DEBUG:urllib3.connectionpool:Starting new HTTPS connection (1): servizos.meteogalicia.gal:443
DEBUG:urllib3.connectionpool:https://servizos.meteogalicia.gal:443 "GET /apiv4/getTidesInfo?coords=-8.935249936497238,42.597369738438985&startTime=2024-06-27T12:30:00&endTime=2024-06-27T12:30:00&API_KEY=GTTp4hc9KfIWz1aSCg55H64kT98aHi3Ni97nLwD9j8zPwgzQ1min0Bugr7syiGCA%20 HTTP/1.1" 200 3571
DEBUG:urllib3.connectionpool:Starting new HTTPS connection (1): servizos.meteogalicia.gal:443
DEBUG:urllib3.connectionpool:https://servizos.meteogalicia.gal:443 "GET /apiv4/getTidesInfo?coords=-8.774237002,42.50721256&startTime=2024-06-27T12:39:39&endTime=2024-06-27T12:39:39&API_KEY=GTTp4hc9KfIWz1aSCg55H64kT98aHi3Ni97nLwD9j8zPwgzQ1min0Bugr7syiGCA%20 HTTP/1.1" 200 3577
DEBUG:urllib3.connectionpool:Starting new HTTPS connection (1): servizos.meteogalicia.gal:443
DEBUG:urllib3.connectionpool:https://servizos.meteogalicia.gal:443 "GET /apiv4/getTidesInfo?coords=-8.774237002,42.50721256&startTime=2024-06-27T13:58:25&endTime=2024-06-27T13:58:25&API_KEY=GTTp4hc9KfIWz1aSCg55H64kT98aHi3Ni97nLwD9j8zPwgzQ1min0Bugr7syiGCA%20 HTTP/1.1" 200 3577
ERROR:app:Exception on /censo-RIAN_COR [GET]
Traceback (most recent call last):
  File "/home/cuartazona/redes/envRedes/lib/python3.11/site-packages/flask/app.py", line 2190, in wsgi_app
    response = self.full_dispatch_request()
               ^^^^^^^^^^^^^^^^^^^^^^^^^^^^
  File "/home/cuartazona/redes/envRedes/lib/python3.11/site-packages/flask/app.py", line 1486, in full_dispatch_request
    rv = self.handle_user_exception(e)
         ^^^^^^^^^^^^^^^^^^^^^^^^^^^^^
  File "/home/cuartazona/redes/envRedes/lib/python3.11/site-packages/flask/app.py", line 1484, in full_dispatch_request
    rv = self.dispatch_request()
         ^^^^^^^^^^^^^^^^^^^^^^^
  File "/home/cuartazona/redes/envRedes/lib/python3.11/site-packages/flask/app.py", line 1469, in dispatch_request
    return self.ensure_sync(self.view_functions[rule.endpoint])(**view_args)
           ^^^^^^^^^^^^^^^^^^^^^^^^^^^^^^^^^^^^^^^^^^^^^^^^^^^^^^^^^^^^^^^^^
  File "/home/cuartazona/redes/app/auxiliar.py", line 119, in wrap
    return f(*args, **kwargs)
           ^^^^^^^^^^^^^^^^^^
  File "/home/cuartazona/redes/app/censo.py", line 65, in redirige_censo
    id_industria, latitud, longitud = cur.fetchone()
    ^^^^^^^^^^^^^^^^^^^^^^^^^^^^^^^
TypeError: cannot unpack non-iterable NoneType object
DEBUG:urllib3.connectionpool:Starting new HTTPS connection (1): servizos.meteogalicia.gal:443
DEBUG:urllib3.connectionpool:https://servizos.meteogalicia.gal:443 "GET /apiv4/getTidesInfo?coords=-8.774237002,42.50721256&startTime=2024-06-27T16:28:50&endTime=2024-06-27T16:28:50&API_KEY=GTTp4hc9KfIWz1aSCg55H64kT98aHi3Ni97nLwD9j8zPwgzQ1min0Bugr7syiGCA%20 HTTP/1.1" 200 3577
ERROR:app:Exception on /equipos-115 [GET]
Traceback (most recent call last):
  File "/home/cuartazona/redes/envRedes/lib/python3.11/site-packages/flask/app.py", line 2190, in wsgi_app
    response = self.full_dispatch_request()
               ^^^^^^^^^^^^^^^^^^^^^^^^^^^^
  File "/home/cuartazona/redes/envRedes/lib/python3.11/site-packages/flask/app.py", line 1486, in full_dispatch_request
    rv = self.handle_user_exception(e)
         ^^^^^^^^^^^^^^^^^^^^^^^^^^^^^
  File "/home/cuartazona/redes/envRedes/lib/python3.11/site-packages/flask/app.py", line 1484, in full_dispatch_request
    rv = self.dispatch_request()
         ^^^^^^^^^^^^^^^^^^^^^^^
  File "/home/cuartazona/redes/envRedes/lib/python3.11/site-packages/flask/app.py", line 1469, in dispatch_request
    return self.ensure_sync(self.view_functions[rule.endpoint])(**view_args)
           ^^^^^^^^^^^^^^^^^^^^^^^^^^^^^^^^^^^^^^^^^^^^^^^^^^^^^^^^^^^^^^^^^
  File "/home/cuartazona/redes/app/auxiliar.py", line 119, in wrap
    return f(*args, **kwargs)
           ^^^^^^^^^^^^^^^^^^
  File "/home/cuartazona/redes/app/auxiliar.py", line 283, in wrap
    return fn(*args, **kwargs)
           ^^^^^^^^^^^^^^^^^^^
  File "/home/cuartazona/redes/app/auditoria.py", line 137, in equipos
    tratamiento_texto = tratamiento['nombre']
                        ~~~~~~~~~~~^^^^^^^^^^
TypeError: 'NoneType' object is not subscriptable
ERROR:app:Exception on /equipos-115 [GET]
Traceback (most recent call last):
  File "/home/cuartazona/redes/envRedes/lib/python3.11/site-packages/flask/app.py", line 2190, in wsgi_app
    response = self.full_dispatch_request()
               ^^^^^^^^^^^^^^^^^^^^^^^^^^^^
  File "/home/cuartazona/redes/envRedes/lib/python3.11/site-packages/flask/app.py", line 1486, in full_dispatch_request
    rv = self.handle_user_exception(e)
         ^^^^^^^^^^^^^^^^^^^^^^^^^^^^^
  File "/home/cuartazona/redes/envRedes/lib/python3.11/site-packages/flask/app.py", line 1484, in full_dispatch_request
    rv = self.dispatch_request()
         ^^^^^^^^^^^^^^^^^^^^^^^
  File "/home/cuartazona/redes/envRedes/lib/python3.11/site-packages/flask/app.py", line 1469, in dispatch_request
    return self.ensure_sync(self.view_functions[rule.endpoint])(**view_args)
           ^^^^^^^^^^^^^^^^^^^^^^^^^^^^^^^^^^^^^^^^^^^^^^^^^^^^^^^^^^^^^^^^^
  File "/home/cuartazona/redes/app/auxiliar.py", line 119, in wrap
    return f(*args, **kwargs)
           ^^^^^^^^^^^^^^^^^^
  File "/home/cuartazona/redes/app/auxiliar.py", line 283, in wrap
    return fn(*args, **kwargs)
           ^^^^^^^^^^^^^^^^^^^
  File "/home/cuartazona/redes/app/auditoria.py", line 137, in equipos
    tratamiento_texto = tratamiento['nombre']
                        ~~~~~~~~~~~^^^^^^^^^^
TypeError: 'NoneType' object is not subscriptable
DEBUG:urllib3.connectionpool:Starting new HTTPS connection (1): servizos.meteogalicia.gal:443
DEBUG:urllib3.connectionpool:https://servizos.meteogalicia.gal:443 "GET /apiv4/getTidesInfo?coords=-7.5934215705592925,43.674180194481394&startTime=2024-07-03T08:12:17&endTime=2024-07-03T08:12:17&API_KEY=GTTp4hc9KfIWz1aSCg55H64kT98aHi3Ni97nLwD9j8zPwgzQ1min0Bugr7syiGCA%20 HTTP/1.1" 200 3576
DEBUG:urllib3.connectionpool:Starting new HTTPS connection (1): servizos.meteogalicia.gal:443
DEBUG:urllib3.connectionpool:https://servizos.meteogalicia.gal:443 "GET /apiv4/getTidesInfo?coords=-8.774237002,42.50721256&startTime=2024-07-03T10:27:34&endTime=2024-07-03T10:27:34&API_KEY=GTTp4hc9KfIWz1aSCg55H64kT98aHi3Ni97nLwD9j8zPwgzQ1min0Bugr7syiGCA%20 HTTP/1.1" 200 3578
DEBUG:urllib3.connectionpool:Starting new HTTPS connection (1): servizos.meteogalicia.gal:443
DEBUG:urllib3.connectionpool:https://servizos.meteogalicia.gal:443 "GET /apiv4/getTidesInfo?coords=-7.5934215705592925,43.674180194481394&startTime=2024-07-03T10:27:52&endTime=2024-07-03T10:27:52&API_KEY=GTTp4hc9KfIWz1aSCg55H64kT98aHi3Ni97nLwD9j8zPwgzQ1min0Bugr7syiGCA%20 HTTP/1.1" 200 3576
DEBUG:urllib3.connectionpool:Starting new HTTPS connection (1): servizos.meteogalicia.gal:443
DEBUG:urllib3.connectionpool:https://servizos.meteogalicia.gal:443 "GET /apiv4/getTidesInfo?coords=-7.5934215705592925,43.674180194481394&startTime=2024-07-03T14:23:11&endTime=2024-07-03T14:23:11&API_KEY=GTTp4hc9KfIWz1aSCg55H64kT98aHi3Ni97nLwD9j8zPwgzQ1min0Bugr7syiGCA%20 HTTP/1.1" 200 3576
DEBUG:urllib3.connectionpool:Starting new HTTPS connection (1): servizos.meteogalicia.gal:443
DEBUG:urllib3.connectionpool:https://servizos.meteogalicia.gal:443 "GET /apiv4/getTidesInfo?coords=-7.5934215705592925,43.674180194481394&startTime=2024-07-03T15:00:53&endTime=2024-07-03T15:00:53&API_KEY=GTTp4hc9KfIWz1aSCg55H64kT98aHi3Ni97nLwD9j8zPwgzQ1min0Bugr7syiGCA%20 HTTP/1.1" 200 3576
DEBUG:urllib3.connectionpool:Starting new HTTPS connection (1): servizos.meteogalicia.gal:443
DEBUG:urllib3.connectionpool:https://servizos.meteogalicia.gal:443 "GET /apiv4/getTidesInfo?coords=-7.5934215705592925,43.674180194481394&startTime=2024-07-04T08:27:55&endTime=2024-07-04T08:27:55&API_KEY=GTTp4hc9KfIWz1aSCg55H64kT98aHi3Ni97nLwD9j8zPwgzQ1min0Bugr7syiGCA%20 HTTP/1.1" 200 3572
ERROR:app:Exception on /_actualiza_elem [POST]
Traceback (most recent call last):
  File "/home/cuartazona/redes/envRedes/lib/python3.11/site-packages/flask/app.py", line 2190, in wsgi_app
    response = self.full_dispatch_request()
               ^^^^^^^^^^^^^^^^^^^^^^^^^^^^
  File "/home/cuartazona/redes/envRedes/lib/python3.11/site-packages/flask/app.py", line 1486, in full_dispatch_request
    rv = self.handle_user_exception(e)
         ^^^^^^^^^^^^^^^^^^^^^^^^^^^^^
  File "/home/cuartazona/redes/envRedes/lib/python3.11/site-packages/flask/app.py", line 1484, in full_dispatch_request
    rv = self.dispatch_request()
         ^^^^^^^^^^^^^^^^^^^^^^^
  File "/home/cuartazona/redes/envRedes/lib/python3.11/site-packages/flask/app.py", line 1469, in dispatch_request
    return self.ensure_sync(self.view_functions[rule.endpoint])(**view_args)
           ^^^^^^^^^^^^^^^^^^^^^^^^^^^^^^^^^^^^^^^^^^^^^^^^^^^^^^^^^^^^^^^^^
  File "/home/cuartazona/redes/app/auxiliar.py", line 131, in wrap
    return func(*args, **kwargs)
           ^^^^^^^^^^^^^^^^^^^^^
  File "/home/cuartazona/redes/app/auxiliar.py", line 144, in wrap
    return fn(*args, **kwargs)
           ^^^^^^^^^^^^^^^^^^^
  File "/home/cuartazona/redes/app/rede.py", line 206, in _actualiza_elem
    clave, valor = par.split("=")
    ^^^^^^^^^^^^
ValueError: not enough values to unpack (expected 2, got 1)
ERROR:app:Exception on /_actualiza_elem [POST]
Traceback (most recent call last):
  File "/home/cuartazona/redes/envRedes/lib/python3.11/site-packages/flask/app.py", line 2190, in wsgi_app
    response = self.full_dispatch_request()
               ^^^^^^^^^^^^^^^^^^^^^^^^^^^^
  File "/home/cuartazona/redes/envRedes/lib/python3.11/site-packages/flask/app.py", line 1486, in full_dispatch_request
    rv = self.handle_user_exception(e)
         ^^^^^^^^^^^^^^^^^^^^^^^^^^^^^
  File "/home/cuartazona/redes/envRedes/lib/python3.11/site-packages/flask/app.py", line 1484, in full_dispatch_request
    rv = self.dispatch_request()
         ^^^^^^^^^^^^^^^^^^^^^^^
  File "/home/cuartazona/redes/envRedes/lib/python3.11/site-packages/flask/app.py", line 1469, in dispatch_request
    return self.ensure_sync(self.view_functions[rule.endpoint])(**view_args)
           ^^^^^^^^^^^^^^^^^^^^^^^^^^^^^^^^^^^^^^^^^^^^^^^^^^^^^^^^^^^^^^^^^
  File "/home/cuartazona/redes/app/auxiliar.py", line 131, in wrap
    return func(*args, **kwargs)
           ^^^^^^^^^^^^^^^^^^^^^
  File "/home/cuartazona/redes/app/auxiliar.py", line 144, in wrap
    return fn(*args, **kwargs)
           ^^^^^^^^^^^^^^^^^^^
  File "/home/cuartazona/redes/app/rede.py", line 206, in _actualiza_elem
    clave, valor = par.split("=")
    ^^^^^^^^^^^^
ValueError: not enough values to unpack (expected 2, got 1)
ERROR:app:Exception on /_nuevo_equipo [POST]
Traceback (most recent call last):
  File "/home/cuartazona/redes/envRedes/lib/python3.11/site-packages/flask/app.py", line 2190, in wsgi_app
    response = self.full_dispatch_request()
               ^^^^^^^^^^^^^^^^^^^^^^^^^^^^
  File "/home/cuartazona/redes/envRedes/lib/python3.11/site-packages/flask/app.py", line 1486, in full_dispatch_request
    rv = self.handle_user_exception(e)
         ^^^^^^^^^^^^^^^^^^^^^^^^^^^^^
  File "/home/cuartazona/redes/envRedes/lib/python3.11/site-packages/flask/app.py", line 1484, in full_dispatch_request
    rv = self.dispatch_request()
         ^^^^^^^^^^^^^^^^^^^^^^^
  File "/home/cuartazona/redes/envRedes/lib/python3.11/site-packages/flask/app.py", line 1469, in dispatch_request
    return self.ensure_sync(self.view_functions[rule.endpoint])(**view_args)
           ^^^^^^^^^^^^^^^^^^^^^^^^^^^^^^^^^^^^^^^^^^^^^^^^^^^^^^^^^^^^^^^^^
  File "/home/cuartazona/redes/app/auxiliar.py", line 131, in wrap
    return func(*args, **kwargs)
           ^^^^^^^^^^^^^^^^^^^^^
  File "/home/cuartazona/redes/app/auxiliar.py", line 144, in wrap
    return fn(*args, **kwargs)
           ^^^^^^^^^^^^^^^^^^^
  File "/home/cuartazona/redes/app/auxiliar.py", line 283, in wrap
    return fn(*args, **kwargs)
           ^^^^^^^^^^^^^^^^^^^
  File "/home/cuartazona/redes/app/auditoria.py", line 601, in _nuevo_equipo
    cur.execute("""
sqlite3.OperationalError: a JOIN clause is required before ON
DEBUG:PIL.PngImagePlugin:STREAM b'IHDR' 16 13
DEBUG:PIL.PngImagePlugin:STREAM b'sRGB' 41 1
DEBUG:PIL.PngImagePlugin:STREAM b'IDAT' 54 8192
ERROR:app:Exception on /_subir_aai [POST]
Traceback (most recent call last):
  File "/home/cuartazona/redes/envRedes/lib/python3.11/site-packages/flask/app.py", line 2190, in wsgi_app
    response = self.full_dispatch_request()
               ^^^^^^^^^^^^^^^^^^^^^^^^^^^^
  File "/home/cuartazona/redes/envRedes/lib/python3.11/site-packages/flask/app.py", line 1486, in full_dispatch_request
    rv = self.handle_user_exception(e)
         ^^^^^^^^^^^^^^^^^^^^^^^^^^^^^
  File "/home/cuartazona/redes/envRedes/lib/python3.11/site-packages/flask/app.py", line 1484, in full_dispatch_request
    rv = self.dispatch_request()
         ^^^^^^^^^^^^^^^^^^^^^^^
  File "/home/cuartazona/redes/envRedes/lib/python3.11/site-packages/flask/app.py", line 1469, in dispatch_request
    return self.ensure_sync(self.view_functions[rule.endpoint])(**view_args)
           ^^^^^^^^^^^^^^^^^^^^^^^^^^^^^^^^^^^^^^^^^^^^^^^^^^^^^^^^^^^^^^^^^
  File "/home/cuartazona/redes/app/auxiliar.py", line 131, in wrap
    return func(*args, **kwargs)
           ^^^^^^^^^^^^^^^^^^^^^
  File "/home/cuartazona/redes/app/auxiliar.py", line 144, in wrap
    return fn(*args, **kwargs)
           ^^^^^^^^^^^^^^^^^^^
  File "/home/cuartazona/redes/app/censo.py", line 943, in _subir_aai
    nombre_archivo = sistema + "_" + cod_industria
                     ~~~~~~~~~~~~~~^~~~~~~~~~~~~~~
TypeError: can only concatenate str (not "NoneType") to str
DEBUG:urllib3.connectionpool:Starting new HTTPS connection (1): servizos.meteogalicia.gal:443
DEBUG:urllib3.connectionpool:https://servizos.meteogalicia.gal:443 "GET /apiv4/getTidesInfo?coords=-7.5934215705592925,43.674180194481394&startTime=2024-07-08T11:53:58&endTime=2024-07-08T11:53:58&API_KEY=GTTp4hc9KfIWz1aSCg55H64kT98aHi3Ni97nLwD9j8zPwgzQ1min0Bugr7syiGCA%20 HTTP/1.1" 200 3578
ERROR:app:Exception on /_visor_industria [GET]
Traceback (most recent call last):
  File "/home/cuartazona/redes/envRedes/lib/python3.11/site-packages/flask/app.py", line 2190, in wsgi_app
    response = self.full_dispatch_request()
               ^^^^^^^^^^^^^^^^^^^^^^^^^^^^
  File "/home/cuartazona/redes/envRedes/lib/python3.11/site-packages/flask/app.py", line 1486, in full_dispatch_request
    rv = self.handle_user_exception(e)
         ^^^^^^^^^^^^^^^^^^^^^^^^^^^^^
  File "/home/cuartazona/redes/envRedes/lib/python3.11/site-packages/flask/app.py", line 1484, in full_dispatch_request
    rv = self.dispatch_request()
         ^^^^^^^^^^^^^^^^^^^^^^^
  File "/home/cuartazona/redes/envRedes/lib/python3.11/site-packages/flask/app.py", line 1469, in dispatch_request
    return self.ensure_sync(self.view_functions[rule.endpoint])(**view_args)
           ^^^^^^^^^^^^^^^^^^^^^^^^^^^^^^^^^^^^^^^^^^^^^^^^^^^^^^^^^^^^^^^^^
  File "/home/cuartazona/redes/app/auxiliar.py", line 131, in wrap
    return func(*args, **kwargs)
           ^^^^^^^^^^^^^^^^^^^^^
  File "/home/cuartazona/redes/app/laboratorio.py", line 322, in _visor_industria
    url = f"censo-{ind['sistema']}-{ind['id']},OpenStreetMap,{ind['latitud']},{ind['longitud']},18"
                   ~~~^^^^^^^^^^^
TypeError: 'NoneType' object is not subscriptable
DEBUG:urllib3.connectionpool:Starting new HTTPS connection (1): servizos.meteogalicia.gal:443
DEBUG:urllib3.connectionpool:https://servizos.meteogalicia.gal:443 "GET /apiv4/getTidesInfo?coords=-8.82625052314219,42.52339988367172&startTime=2024-07-09T12:19:22&endTime=2024-07-09T12:19:22&API_KEY=GTTp4hc9KfIWz1aSCg55H64kT98aHi3Ni97nLwD9j8zPwgzQ1min0Bugr7syiGCA%20 HTTP/1.1" 200 3580
DEBUG:urllib3.connectionpool:Starting new HTTPS connection (1): servizos.meteogalicia.gal:443
DEBUG:urllib3.connectionpool:https://servizos.meteogalicia.gal:443 "GET /apiv4/getTidesInfo?coords=-8.821008307501847,42.64512244527745&startTime=2024-07-09T12:19:45&endTime=2024-07-09T12:19:45&API_KEY=GTTp4hc9KfIWz1aSCg55H64kT98aHi3Ni97nLwD9j8zPwgzQ1min0Bugr7syiGCA%20 HTTP/1.1" 200 3581
DEBUG:urllib3.connectionpool:Starting new HTTPS connection (1): servizos.meteogalicia.gal:443
DEBUG:urllib3.connectionpool:https://servizos.meteogalicia.gal:443 "GET /apiv4/getTidesInfo?coords=-8.525473679510286,42.8321608059451&startTime=2024-07-09T12:19:51&endTime=2024-07-09T12:19:51&API_KEY=GTTp4hc9KfIWz1aSCg55H64kT98aHi3Ni97nLwD9j8zPwgzQ1min0Bugr7syiGCA%20 HTTP/1.1" 200 3581
ERROR:app:Exception on /ficha_industria-384 [GET]
Traceback (most recent call last):
  File "/home/cuartazona/redes/envRedes/lib/python3.11/site-packages/flask/app.py", line 2190, in wsgi_app
    response = self.full_dispatch_request()
               ^^^^^^^^^^^^^^^^^^^^^^^^^^^^
  File "/home/cuartazona/redes/envRedes/lib/python3.11/site-packages/flask/app.py", line 1486, in full_dispatch_request
    rv = self.handle_user_exception(e)
         ^^^^^^^^^^^^^^^^^^^^^^^^^^^^^
  File "/home/cuartazona/redes/envRedes/lib/python3.11/site-packages/flask/app.py", line 1484, in full_dispatch_request
    rv = self.dispatch_request()
         ^^^^^^^^^^^^^^^^^^^^^^^
  File "/home/cuartazona/redes/envRedes/lib/python3.11/site-packages/flask/app.py", line 1469, in dispatch_request
    return self.ensure_sync(self.view_functions[rule.endpoint])(**view_args)
           ^^^^^^^^^^^^^^^^^^^^^^^^^^^^^^^^^^^^^^^^^^^^^^^^^^^^^^^^^^^^^^^^^
  File "/home/cuartazona/redes/app/auxiliar.py", line 119, in wrap
    return f(*args, **kwargs)
           ^^^^^^^^^^^^^^^^^^
  File "/home/cuartazona/redes/app/censo.py", line 221, in ficha_industria_imprimir
    analitica['valor_sin_incertidumbre'] = analitica['valor'] - analitica['incertidumbre']
                                           ~~~~~~~~~~~~~~~~~~~^~~~~~~~~~~~~~~~~~~~~~~~~~~~
TypeError: unsupported operand type(s) for -: 'str' and 'float'
ERROR:app:Exception on /ficha_industria-384 [GET]
Traceback (most recent call last):
  File "/home/cuartazona/redes/envRedes/lib/python3.11/site-packages/flask/app.py", line 2190, in wsgi_app
    response = self.full_dispatch_request()
               ^^^^^^^^^^^^^^^^^^^^^^^^^^^^
  File "/home/cuartazona/redes/envRedes/lib/python3.11/site-packages/flask/app.py", line 1486, in full_dispatch_request
    rv = self.handle_user_exception(e)
         ^^^^^^^^^^^^^^^^^^^^^^^^^^^^^
  File "/home/cuartazona/redes/envRedes/lib/python3.11/site-packages/flask/app.py", line 1484, in full_dispatch_request
    rv = self.dispatch_request()
         ^^^^^^^^^^^^^^^^^^^^^^^
  File "/home/cuartazona/redes/envRedes/lib/python3.11/site-packages/flask/app.py", line 1469, in dispatch_request
    return self.ensure_sync(self.view_functions[rule.endpoint])(**view_args)
           ^^^^^^^^^^^^^^^^^^^^^^^^^^^^^^^^^^^^^^^^^^^^^^^^^^^^^^^^^^^^^^^^^
  File "/home/cuartazona/redes/app/auxiliar.py", line 119, in wrap
    return f(*args, **kwargs)
           ^^^^^^^^^^^^^^^^^^
  File "/home/cuartazona/redes/app/censo.py", line 221, in ficha_industria_imprimir
    analitica['valor_sin_incertidumbre'] = analitica['valor'] - analitica['incertidumbre']
                                           ~~~~~~~~~~~~~~~~~~~^~~~~~~~~~~~~~~~~~~~~~~~~~~~
TypeError: unsupported operand type(s) for -: 'str' and 'float'
ERROR:app:Exception on /instalacions-POBR [GET]
Traceback (most recent call last):
  File "/home/cuartazona/redes/envRedes/lib/python3.11/site-packages/flask/app.py", line 2190, in wsgi_app
    response = self.full_dispatch_request()
               ^^^^^^^^^^^^^^^^^^^^^^^^^^^^
  File "/home/cuartazona/redes/envRedes/lib/python3.11/site-packages/flask/app.py", line 1486, in full_dispatch_request
    rv = self.handle_user_exception(e)
         ^^^^^^^^^^^^^^^^^^^^^^^^^^^^^
  File "/home/cuartazona/redes/envRedes/lib/python3.11/site-packages/flask/app.py", line 1484, in full_dispatch_request
    rv = self.dispatch_request()
         ^^^^^^^^^^^^^^^^^^^^^^^
  File "/home/cuartazona/redes/envRedes/lib/python3.11/site-packages/flask/app.py", line 1469, in dispatch_request
    return self.ensure_sync(self.view_functions[rule.endpoint])(**view_args)
           ^^^^^^^^^^^^^^^^^^^^^^^^^^^^^^^^^^^^^^^^^^^^^^^^^^^^^^^^^^^^^^^^^
  File "/home/cuartazona/redes/app/auxiliar.py", line 119, in wrap
    return f(*args, **kwargs)
           ^^^^^^^^^^^^^^^^^^
  File "/home/cuartazona/redes/app/auxiliar.py", line 283, in wrap
    return fn(*args, **kwargs)
           ^^^^^^^^^^^^^^^^^^^
  File "/home/cuartazona/redes/app/auditoria.py", line 75, in instalaciones
    cur.execute("""
sqlite3.OperationalError: no such table: importaciones
ERROR:app:Exception on /instalacions-POBR [GET]
Traceback (most recent call last):
  File "/home/cuartazona/redes/envRedes/lib/python3.11/site-packages/flask/app.py", line 2190, in wsgi_app
    response = self.full_dispatch_request()
               ^^^^^^^^^^^^^^^^^^^^^^^^^^^^
  File "/home/cuartazona/redes/envRedes/lib/python3.11/site-packages/flask/app.py", line 1486, in full_dispatch_request
    rv = self.handle_user_exception(e)
         ^^^^^^^^^^^^^^^^^^^^^^^^^^^^^
  File "/home/cuartazona/redes/envRedes/lib/python3.11/site-packages/flask/app.py", line 1484, in full_dispatch_request
    rv = self.dispatch_request()
         ^^^^^^^^^^^^^^^^^^^^^^^
  File "/home/cuartazona/redes/envRedes/lib/python3.11/site-packages/flask/app.py", line 1469, in dispatch_request
    return self.ensure_sync(self.view_functions[rule.endpoint])(**view_args)
           ^^^^^^^^^^^^^^^^^^^^^^^^^^^^^^^^^^^^^^^^^^^^^^^^^^^^^^^^^^^^^^^^^
  File "/home/cuartazona/redes/app/auxiliar.py", line 119, in wrap
    return f(*args, **kwargs)
           ^^^^^^^^^^^^^^^^^^
  File "/home/cuartazona/redes/app/auxiliar.py", line 283, in wrap
    return fn(*args, **kwargs)
           ^^^^^^^^^^^^^^^^^^^
  File "/home/cuartazona/redes/app/auditoria.py", line 75, in instalaciones
    cur.execute("""
sqlite3.OperationalError: no such table: importaciones
ERROR:app:Exception on /instalacions-MEAN [GET]
Traceback (most recent call last):
  File "/home/cuartazona/redes/envRedes/lib/python3.11/site-packages/flask/app.py", line 2190, in wsgi_app
    response = self.full_dispatch_request()
               ^^^^^^^^^^^^^^^^^^^^^^^^^^^^
  File "/home/cuartazona/redes/envRedes/lib/python3.11/site-packages/flask/app.py", line 1486, in full_dispatch_request
    rv = self.handle_user_exception(e)
         ^^^^^^^^^^^^^^^^^^^^^^^^^^^^^
  File "/home/cuartazona/redes/envRedes/lib/python3.11/site-packages/flask/app.py", line 1484, in full_dispatch_request
    rv = self.dispatch_request()
         ^^^^^^^^^^^^^^^^^^^^^^^
  File "/home/cuartazona/redes/envRedes/lib/python3.11/site-packages/flask/app.py", line 1469, in dispatch_request
    return self.ensure_sync(self.view_functions[rule.endpoint])(**view_args)
           ^^^^^^^^^^^^^^^^^^^^^^^^^^^^^^^^^^^^^^^^^^^^^^^^^^^^^^^^^^^^^^^^^
  File "/home/cuartazona/redes/app/auxiliar.py", line 119, in wrap
    return f(*args, **kwargs)
           ^^^^^^^^^^^^^^^^^^
  File "/home/cuartazona/redes/app/auxiliar.py", line 283, in wrap
    return fn(*args, **kwargs)
           ^^^^^^^^^^^^^^^^^^^
  File "/home/cuartazona/redes/app/auditoria.py", line 75, in instalaciones
    cur.execute("""
sqlite3.OperationalError: no such table: importaciones
ERROR:app:Exception on /instalacions-POBR [GET]
Traceback (most recent call last):
  File "/home/cuartazona/redes/envRedes/lib/python3.11/site-packages/flask/app.py", line 2190, in wsgi_app
    response = self.full_dispatch_request()
               ^^^^^^^^^^^^^^^^^^^^^^^^^^^^
  File "/home/cuartazona/redes/envRedes/lib/python3.11/site-packages/flask/app.py", line 1486, in full_dispatch_request
    rv = self.handle_user_exception(e)
         ^^^^^^^^^^^^^^^^^^^^^^^^^^^^^
  File "/home/cuartazona/redes/envRedes/lib/python3.11/site-packages/flask/app.py", line 1484, in full_dispatch_request
    rv = self.dispatch_request()
         ^^^^^^^^^^^^^^^^^^^^^^^
  File "/home/cuartazona/redes/envRedes/lib/python3.11/site-packages/flask/app.py", line 1469, in dispatch_request
    return self.ensure_sync(self.view_functions[rule.endpoint])(**view_args)
           ^^^^^^^^^^^^^^^^^^^^^^^^^^^^^^^^^^^^^^^^^^^^^^^^^^^^^^^^^^^^^^^^^
  File "/home/cuartazona/redes/app/auxiliar.py", line 119, in wrap
    return f(*args, **kwargs)
           ^^^^^^^^^^^^^^^^^^
  File "/home/cuartazona/redes/app/auxiliar.py", line 283, in wrap
    return fn(*args, **kwargs)
           ^^^^^^^^^^^^^^^^^^^
  File "/home/cuartazona/redes/app/auditoria.py", line 75, in instalaciones
    cur.execute("""
sqlite3.OperationalError: no such table: importaciones
ERROR:app:Exception on /instalacions-POBR [GET]
Traceback (most recent call last):
  File "/home/cuartazona/redes/envRedes/lib/python3.11/site-packages/flask/app.py", line 2190, in wsgi_app
    response = self.full_dispatch_request()
               ^^^^^^^^^^^^^^^^^^^^^^^^^^^^
  File "/home/cuartazona/redes/envRedes/lib/python3.11/site-packages/flask/app.py", line 1486, in full_dispatch_request
    rv = self.handle_user_exception(e)
         ^^^^^^^^^^^^^^^^^^^^^^^^^^^^^
  File "/home/cuartazona/redes/envRedes/lib/python3.11/site-packages/flask/app.py", line 1484, in full_dispatch_request
    rv = self.dispatch_request()
         ^^^^^^^^^^^^^^^^^^^^^^^
  File "/home/cuartazona/redes/envRedes/lib/python3.11/site-packages/flask/app.py", line 1469, in dispatch_request
    return self.ensure_sync(self.view_functions[rule.endpoint])(**view_args)
           ^^^^^^^^^^^^^^^^^^^^^^^^^^^^^^^^^^^^^^^^^^^^^^^^^^^^^^^^^^^^^^^^^
  File "/home/cuartazona/redes/app/auxiliar.py", line 119, in wrap
    return f(*args, **kwargs)
           ^^^^^^^^^^^^^^^^^^
  File "/home/cuartazona/redes/app/auxiliar.py", line 283, in wrap
    return fn(*args, **kwargs)
           ^^^^^^^^^^^^^^^^^^^
  File "/home/cuartazona/redes/app/auditoria.py", line 75, in instalaciones
    cur.execute("""
sqlite3.OperationalError: no such table: importaciones
ERROR:app:Exception on /instalacions-POBR [GET]
Traceback (most recent call last):
  File "/home/cuartazona/redes/envRedes/lib/python3.11/site-packages/flask/app.py", line 2190, in wsgi_app
    response = self.full_dispatch_request()
               ^^^^^^^^^^^^^^^^^^^^^^^^^^^^
  File "/home/cuartazona/redes/envRedes/lib/python3.11/site-packages/flask/app.py", line 1486, in full_dispatch_request
    rv = self.handle_user_exception(e)
         ^^^^^^^^^^^^^^^^^^^^^^^^^^^^^
  File "/home/cuartazona/redes/envRedes/lib/python3.11/site-packages/flask/app.py", line 1484, in full_dispatch_request
    rv = self.dispatch_request()
         ^^^^^^^^^^^^^^^^^^^^^^^
  File "/home/cuartazona/redes/envRedes/lib/python3.11/site-packages/flask/app.py", line 1469, in dispatch_request
    return self.ensure_sync(self.view_functions[rule.endpoint])(**view_args)
           ^^^^^^^^^^^^^^^^^^^^^^^^^^^^^^^^^^^^^^^^^^^^^^^^^^^^^^^^^^^^^^^^^
  File "/home/cuartazona/redes/app/auxiliar.py", line 119, in wrap
    return f(*args, **kwargs)
           ^^^^^^^^^^^^^^^^^^
  File "/home/cuartazona/redes/app/auxiliar.py", line 283, in wrap
    return fn(*args, **kwargs)
           ^^^^^^^^^^^^^^^^^^^
  File "/home/cuartazona/redes/app/auditoria.py", line 75, in instalaciones
    cur.execute("""
sqlite3.OperationalError: no such table: importaciones
ERROR:app:Exception on /instalacions-MEAN [GET]
Traceback (most recent call last):
  File "/home/cuartazona/redes/envRedes/lib/python3.11/site-packages/flask/app.py", line 2190, in wsgi_app
    response = self.full_dispatch_request()
               ^^^^^^^^^^^^^^^^^^^^^^^^^^^^
  File "/home/cuartazona/redes/envRedes/lib/python3.11/site-packages/flask/app.py", line 1486, in full_dispatch_request
    rv = self.handle_user_exception(e)
         ^^^^^^^^^^^^^^^^^^^^^^^^^^^^^
  File "/home/cuartazona/redes/envRedes/lib/python3.11/site-packages/flask/app.py", line 1484, in full_dispatch_request
    rv = self.dispatch_request()
         ^^^^^^^^^^^^^^^^^^^^^^^
  File "/home/cuartazona/redes/envRedes/lib/python3.11/site-packages/flask/app.py", line 1469, in dispatch_request
    return self.ensure_sync(self.view_functions[rule.endpoint])(**view_args)
           ^^^^^^^^^^^^^^^^^^^^^^^^^^^^^^^^^^^^^^^^^^^^^^^^^^^^^^^^^^^^^^^^^
  File "/home/cuartazona/redes/app/auxiliar.py", line 119, in wrap
    return f(*args, **kwargs)
           ^^^^^^^^^^^^^^^^^^
  File "/home/cuartazona/redes/app/auxiliar.py", line 283, in wrap
    return fn(*args, **kwargs)
           ^^^^^^^^^^^^^^^^^^^
  File "/home/cuartazona/redes/app/auditoria.py", line 75, in instalaciones
    cur.execute("""
sqlite3.OperationalError: no such table: importaciones
ERROR:app:Exception on /instalacions-RIXO [GET]
Traceback (most recent call last):
  File "/home/cuartazona/redes/envRedes/lib/python3.11/site-packages/flask/app.py", line 2190, in wsgi_app
    response = self.full_dispatch_request()
               ^^^^^^^^^^^^^^^^^^^^^^^^^^^^
  File "/home/cuartazona/redes/envRedes/lib/python3.11/site-packages/flask/app.py", line 1486, in full_dispatch_request
    rv = self.handle_user_exception(e)
         ^^^^^^^^^^^^^^^^^^^^^^^^^^^^^
  File "/home/cuartazona/redes/envRedes/lib/python3.11/site-packages/flask/app.py", line 1484, in full_dispatch_request
    rv = self.dispatch_request()
         ^^^^^^^^^^^^^^^^^^^^^^^
  File "/home/cuartazona/redes/envRedes/lib/python3.11/site-packages/flask/app.py", line 1469, in dispatch_request
    return self.ensure_sync(self.view_functions[rule.endpoint])(**view_args)
           ^^^^^^^^^^^^^^^^^^^^^^^^^^^^^^^^^^^^^^^^^^^^^^^^^^^^^^^^^^^^^^^^^
  File "/home/cuartazona/redes/app/auxiliar.py", line 119, in wrap
    return f(*args, **kwargs)
           ^^^^^^^^^^^^^^^^^^
  File "/home/cuartazona/redes/app/auxiliar.py", line 283, in wrap
    return fn(*args, **kwargs)
           ^^^^^^^^^^^^^^^^^^^
  File "/home/cuartazona/redes/app/auditoria.py", line 75, in instalaciones
    cur.execute("""
sqlite3.OperationalError: no such table: importaciones
ERROR:app:Exception on /ficha_industria-384 [GET]
Traceback (most recent call last):
  File "/home/cuartazona/redes/envRedes/lib/python3.11/site-packages/flask/app.py", line 2190, in wsgi_app
    response = self.full_dispatch_request()
               ^^^^^^^^^^^^^^^^^^^^^^^^^^^^
  File "/home/cuartazona/redes/envRedes/lib/python3.11/site-packages/flask/app.py", line 1486, in full_dispatch_request
    rv = self.handle_user_exception(e)
         ^^^^^^^^^^^^^^^^^^^^^^^^^^^^^
  File "/home/cuartazona/redes/envRedes/lib/python3.11/site-packages/flask/app.py", line 1484, in full_dispatch_request
    rv = self.dispatch_request()
         ^^^^^^^^^^^^^^^^^^^^^^^
  File "/home/cuartazona/redes/envRedes/lib/python3.11/site-packages/flask/app.py", line 1469, in dispatch_request
    return self.ensure_sync(self.view_functions[rule.endpoint])(**view_args)
           ^^^^^^^^^^^^^^^^^^^^^^^^^^^^^^^^^^^^^^^^^^^^^^^^^^^^^^^^^^^^^^^^^
  File "/home/cuartazona/redes/app/auxiliar.py", line 119, in wrap
    return f(*args, **kwargs)
           ^^^^^^^^^^^^^^^^^^
  File "/home/cuartazona/redes/app/censo.py", line 235, in ficha_industria_imprimir
    analitica['valor_sin_incertidumbre'] = analitica['valor'] - analitica['incertidumbre']
                                           ~~~~~~~~~~~~~~~~~~~^~~~~~~~~~~~~~~~~~~~~~~~~~~~
TypeError: unsupported operand type(s) for -: 'str' and 'float'
ERROR:app:Exception on /ficha_industria-384 [GET]
Traceback (most recent call last):
  File "/home/cuartazona/redes/envRedes/lib/python3.11/site-packages/flask/app.py", line 2190, in wsgi_app
    response = self.full_dispatch_request()
               ^^^^^^^^^^^^^^^^^^^^^^^^^^^^
  File "/home/cuartazona/redes/envRedes/lib/python3.11/site-packages/flask/app.py", line 1486, in full_dispatch_request
    rv = self.handle_user_exception(e)
         ^^^^^^^^^^^^^^^^^^^^^^^^^^^^^
  File "/home/cuartazona/redes/envRedes/lib/python3.11/site-packages/flask/app.py", line 1484, in full_dispatch_request
    rv = self.dispatch_request()
         ^^^^^^^^^^^^^^^^^^^^^^^
  File "/home/cuartazona/redes/envRedes/lib/python3.11/site-packages/flask/app.py", line 1469, in dispatch_request
    return self.ensure_sync(self.view_functions[rule.endpoint])(**view_args)
           ^^^^^^^^^^^^^^^^^^^^^^^^^^^^^^^^^^^^^^^^^^^^^^^^^^^^^^^^^^^^^^^^^
  File "/home/cuartazona/redes/app/auxiliar.py", line 119, in wrap
    return f(*args, **kwargs)
           ^^^^^^^^^^^^^^^^^^
  File "/home/cuartazona/redes/app/censo.py", line 235, in ficha_industria_imprimir
    analitica['valor_sin_incertidumbre'] = analitica['valor'] - analitica['incertidumbre']
                                           ~~~~~~~~~~~~~~~~~~~^~~~~~~~~~~~~~~~~~~~~~~~~~~~
TypeError: unsupported operand type(s) for -: 'str' and 'float'
ERROR:app:Exception on /_subir_foto_equipo [POST]
Traceback (most recent call last):
  File "/home/cuartazona/redes/envRedes/lib/python3.11/site-packages/flask/app.py", line 2190, in wsgi_app
    response = self.full_dispatch_request()
               ^^^^^^^^^^^^^^^^^^^^^^^^^^^^
  File "/home/cuartazona/redes/envRedes/lib/python3.11/site-packages/flask/app.py", line 1486, in full_dispatch_request
    rv = self.handle_user_exception(e)
         ^^^^^^^^^^^^^^^^^^^^^^^^^^^^^
  File "/home/cuartazona/redes/envRedes/lib/python3.11/site-packages/flask/app.py", line 1484, in full_dispatch_request
    rv = self.dispatch_request()
         ^^^^^^^^^^^^^^^^^^^^^^^
  File "/home/cuartazona/redes/envRedes/lib/python3.11/site-packages/flask/app.py", line 1469, in dispatch_request
    return self.ensure_sync(self.view_functions[rule.endpoint])(**view_args)
           ^^^^^^^^^^^^^^^^^^^^^^^^^^^^^^^^^^^^^^^^^^^^^^^^^^^^^^^^^^^^^^^^^
  File "/home/cuartazona/redes/app/auxiliar.py", line 131, in wrap
    return func(*args, **kwargs)
           ^^^^^^^^^^^^^^^^^^^^^
  File "/home/cuartazona/redes/app/auxiliar.py", line 144, in wrap
    return fn(*args, **kwargs)
           ^^^^^^^^^^^^^^^^^^^
  File "/home/cuartazona/redes/app/auxiliar.py", line 283, in wrap
    return fn(*args, **kwargs)
           ^^^^^^^^^^^^^^^^^^^
  File "/home/cuartazona/redes/app/auditoria.py", line 984, in _subir_foto_equipo
    if session["id_auditoria"] in auditorias:
       ~~~~~~~^^^^^^^^^^^^^^^^
  File "/home/cuartazona/redes/envRedes/lib/python3.11/site-packages/flask/sessions.py", line 79, in __getitem__
    return super().__getitem__(key)
           ^^^^^^^^^^^^^^^^^^^^^^^^
KeyError: 'id_auditoria'
ERROR:app:Exception on /_subir_foto_equipo [POST]
Traceback (most recent call last):
  File "/home/cuartazona/redes/envRedes/lib/python3.11/site-packages/flask/app.py", line 2190, in wsgi_app
    response = self.full_dispatch_request()
               ^^^^^^^^^^^^^^^^^^^^^^^^^^^^
  File "/home/cuartazona/redes/envRedes/lib/python3.11/site-packages/flask/app.py", line 1486, in full_dispatch_request
    rv = self.handle_user_exception(e)
         ^^^^^^^^^^^^^^^^^^^^^^^^^^^^^
  File "/home/cuartazona/redes/envRedes/lib/python3.11/site-packages/flask/app.py", line 1484, in full_dispatch_request
    rv = self.dispatch_request()
         ^^^^^^^^^^^^^^^^^^^^^^^
  File "/home/cuartazona/redes/envRedes/lib/python3.11/site-packages/flask/app.py", line 1469, in dispatch_request
    return self.ensure_sync(self.view_functions[rule.endpoint])(**view_args)
           ^^^^^^^^^^^^^^^^^^^^^^^^^^^^^^^^^^^^^^^^^^^^^^^^^^^^^^^^^^^^^^^^^
  File "/home/cuartazona/redes/app/auxiliar.py", line 131, in wrap
    return func(*args, **kwargs)
           ^^^^^^^^^^^^^^^^^^^^^
  File "/home/cuartazona/redes/app/auxiliar.py", line 144, in wrap
    return fn(*args, **kwargs)
           ^^^^^^^^^^^^^^^^^^^
  File "/home/cuartazona/redes/app/auxiliar.py", line 283, in wrap
    return fn(*args, **kwargs)
           ^^^^^^^^^^^^^^^^^^^
  File "/home/cuartazona/redes/app/auditoria.py", line 984, in _subir_foto_equipo
    if session["id_auditoria"] in auditorias:
       ~~~~~~~^^^^^^^^^^^^^^^^
  File "/home/cuartazona/redes/envRedes/lib/python3.11/site-packages/flask/sessions.py", line 79, in __getitem__
    return super().__getitem__(key)
           ^^^^^^^^^^^^^^^^^^^^^^^^
KeyError: 'id_auditoria'
ERROR:app:Exception on /_subir_foto_equipo [POST]
Traceback (most recent call last):
  File "/home/cuartazona/redes/envRedes/lib/python3.11/site-packages/flask/app.py", line 2190, in wsgi_app
    response = self.full_dispatch_request()
               ^^^^^^^^^^^^^^^^^^^^^^^^^^^^
  File "/home/cuartazona/redes/envRedes/lib/python3.11/site-packages/flask/app.py", line 1486, in full_dispatch_request
    rv = self.handle_user_exception(e)
         ^^^^^^^^^^^^^^^^^^^^^^^^^^^^^
  File "/home/cuartazona/redes/envRedes/lib/python3.11/site-packages/flask/app.py", line 1484, in full_dispatch_request
    rv = self.dispatch_request()
         ^^^^^^^^^^^^^^^^^^^^^^^
  File "/home/cuartazona/redes/envRedes/lib/python3.11/site-packages/flask/app.py", line 1469, in dispatch_request
    return self.ensure_sync(self.view_functions[rule.endpoint])(**view_args)
           ^^^^^^^^^^^^^^^^^^^^^^^^^^^^^^^^^^^^^^^^^^^^^^^^^^^^^^^^^^^^^^^^^
  File "/home/cuartazona/redes/app/auxiliar.py", line 131, in wrap
    return func(*args, **kwargs)
           ^^^^^^^^^^^^^^^^^^^^^
  File "/home/cuartazona/redes/app/auxiliar.py", line 144, in wrap
    return fn(*args, **kwargs)
           ^^^^^^^^^^^^^^^^^^^
  File "/home/cuartazona/redes/app/auxiliar.py", line 283, in wrap
    return fn(*args, **kwargs)
           ^^^^^^^^^^^^^^^^^^^
  File "/home/cuartazona/redes/app/auditoria.py", line 984, in _subir_foto_equipo
    if session["id_auditoria"] in auditorias:
       ~~~~~~~^^^^^^^^^^^^^^^^
  File "/home/cuartazona/redes/envRedes/lib/python3.11/site-packages/flask/sessions.py", line 79, in __getitem__
    return super().__getitem__(key)
           ^^^^^^^^^^^^^^^^^^^^^^^^
KeyError: 'id_auditoria'
ERROR:app:Exception on /_subir_foto_equipo [POST]
Traceback (most recent call last):
  File "/home/cuartazona/redes/envRedes/lib/python3.11/site-packages/flask/app.py", line 2190, in wsgi_app
    response = self.full_dispatch_request()
               ^^^^^^^^^^^^^^^^^^^^^^^^^^^^
  File "/home/cuartazona/redes/envRedes/lib/python3.11/site-packages/flask/app.py", line 1486, in full_dispatch_request
    rv = self.handle_user_exception(e)
         ^^^^^^^^^^^^^^^^^^^^^^^^^^^^^
  File "/home/cuartazona/redes/envRedes/lib/python3.11/site-packages/flask/app.py", line 1484, in full_dispatch_request
    rv = self.dispatch_request()
         ^^^^^^^^^^^^^^^^^^^^^^^
  File "/home/cuartazona/redes/envRedes/lib/python3.11/site-packages/flask/app.py", line 1469, in dispatch_request
    return self.ensure_sync(self.view_functions[rule.endpoint])(**view_args)
           ^^^^^^^^^^^^^^^^^^^^^^^^^^^^^^^^^^^^^^^^^^^^^^^^^^^^^^^^^^^^^^^^^
  File "/home/cuartazona/redes/app/auxiliar.py", line 131, in wrap
    return func(*args, **kwargs)
           ^^^^^^^^^^^^^^^^^^^^^
  File "/home/cuartazona/redes/app/auxiliar.py", line 144, in wrap
    return fn(*args, **kwargs)
           ^^^^^^^^^^^^^^^^^^^
  File "/home/cuartazona/redes/app/auxiliar.py", line 283, in wrap
    return fn(*args, **kwargs)
           ^^^^^^^^^^^^^^^^^^^
  File "/home/cuartazona/redes/app/auditoria.py", line 984, in _subir_foto_equipo
    if session["id_auditoria"] in auditorias:
       ~~~~~~~^^^^^^^^^^^^^^^^
  File "/home/cuartazona/redes/envRedes/lib/python3.11/site-packages/flask/sessions.py", line 79, in __getitem__
    return super().__getitem__(key)
           ^^^^^^^^^^^^^^^^^^^^^^^^
KeyError: 'id_auditoria'
ERROR:app:Exception on /_subir_foto_equipo [POST]
Traceback (most recent call last):
  File "/home/cuartazona/redes/envRedes/lib/python3.11/site-packages/flask/app.py", line 2190, in wsgi_app
    response = self.full_dispatch_request()
               ^^^^^^^^^^^^^^^^^^^^^^^^^^^^
  File "/home/cuartazona/redes/envRedes/lib/python3.11/site-packages/flask/app.py", line 1486, in full_dispatch_request
    rv = self.handle_user_exception(e)
         ^^^^^^^^^^^^^^^^^^^^^^^^^^^^^
  File "/home/cuartazona/redes/envRedes/lib/python3.11/site-packages/flask/app.py", line 1484, in full_dispatch_request
    rv = self.dispatch_request()
         ^^^^^^^^^^^^^^^^^^^^^^^
  File "/home/cuartazona/redes/envRedes/lib/python3.11/site-packages/flask/app.py", line 1469, in dispatch_request
    return self.ensure_sync(self.view_functions[rule.endpoint])(**view_args)
           ^^^^^^^^^^^^^^^^^^^^^^^^^^^^^^^^^^^^^^^^^^^^^^^^^^^^^^^^^^^^^^^^^
  File "/home/cuartazona/redes/app/auxiliar.py", line 131, in wrap
    return func(*args, **kwargs)
           ^^^^^^^^^^^^^^^^^^^^^
  File "/home/cuartazona/redes/app/auxiliar.py", line 144, in wrap
    return fn(*args, **kwargs)
           ^^^^^^^^^^^^^^^^^^^
  File "/home/cuartazona/redes/app/auxiliar.py", line 283, in wrap
    return fn(*args, **kwargs)
           ^^^^^^^^^^^^^^^^^^^
  File "/home/cuartazona/redes/app/auditoria.py", line 984, in _subir_foto_equipo
    if session["id_auditoria"] in auditorias:
       ~~~~~~~^^^^^^^^^^^^^^^^
  File "/home/cuartazona/redes/envRedes/lib/python3.11/site-packages/flask/sessions.py", line 79, in __getitem__
    return super().__getitem__(key)
           ^^^^^^^^^^^^^^^^^^^^^^^^
KeyError: 'id_auditoria'
ERROR:app:Exception on /_subir_foto_equipo [POST]
Traceback (most recent call last):
  File "/home/cuartazona/redes/envRedes/lib/python3.11/site-packages/flask/app.py", line 2190, in wsgi_app
    response = self.full_dispatch_request()
               ^^^^^^^^^^^^^^^^^^^^^^^^^^^^
  File "/home/cuartazona/redes/envRedes/lib/python3.11/site-packages/flask/app.py", line 1486, in full_dispatch_request
    rv = self.handle_user_exception(e)
         ^^^^^^^^^^^^^^^^^^^^^^^^^^^^^
  File "/home/cuartazona/redes/envRedes/lib/python3.11/site-packages/flask/app.py", line 1484, in full_dispatch_request
    rv = self.dispatch_request()
         ^^^^^^^^^^^^^^^^^^^^^^^
  File "/home/cuartazona/redes/envRedes/lib/python3.11/site-packages/flask/app.py", line 1469, in dispatch_request
    return self.ensure_sync(self.view_functions[rule.endpoint])(**view_args)
           ^^^^^^^^^^^^^^^^^^^^^^^^^^^^^^^^^^^^^^^^^^^^^^^^^^^^^^^^^^^^^^^^^
  File "/home/cuartazona/redes/app/auxiliar.py", line 131, in wrap
    return func(*args, **kwargs)
           ^^^^^^^^^^^^^^^^^^^^^
  File "/home/cuartazona/redes/app/auxiliar.py", line 144, in wrap
    return fn(*args, **kwargs)
           ^^^^^^^^^^^^^^^^^^^
  File "/home/cuartazona/redes/app/auxiliar.py", line 283, in wrap
    return fn(*args, **kwargs)
           ^^^^^^^^^^^^^^^^^^^
  File "/home/cuartazona/redes/app/auditoria.py", line 984, in _subir_foto_equipo
    if session["id_auditoria"] in auditorias:
       ~~~~~~~^^^^^^^^^^^^^^^^
  File "/home/cuartazona/redes/envRedes/lib/python3.11/site-packages/flask/sessions.py", line 79, in __getitem__
    return super().__getitem__(key)
           ^^^^^^^^^^^^^^^^^^^^^^^^
KeyError: 'id_auditoria'
ERROR:app:Exception on /_subir_foto_equipo [POST]
Traceback (most recent call last):
  File "/home/cuartazona/redes/envRedes/lib/python3.11/site-packages/flask/app.py", line 2190, in wsgi_app
    response = self.full_dispatch_request()
               ^^^^^^^^^^^^^^^^^^^^^^^^^^^^
  File "/home/cuartazona/redes/envRedes/lib/python3.11/site-packages/flask/app.py", line 1486, in full_dispatch_request
    rv = self.handle_user_exception(e)
         ^^^^^^^^^^^^^^^^^^^^^^^^^^^^^
  File "/home/cuartazona/redes/envRedes/lib/python3.11/site-packages/flask/app.py", line 1484, in full_dispatch_request
    rv = self.dispatch_request()
         ^^^^^^^^^^^^^^^^^^^^^^^
  File "/home/cuartazona/redes/envRedes/lib/python3.11/site-packages/flask/app.py", line 1469, in dispatch_request
    return self.ensure_sync(self.view_functions[rule.endpoint])(**view_args)
           ^^^^^^^^^^^^^^^^^^^^^^^^^^^^^^^^^^^^^^^^^^^^^^^^^^^^^^^^^^^^^^^^^
  File "/home/cuartazona/redes/app/auxiliar.py", line 131, in wrap
    return func(*args, **kwargs)
           ^^^^^^^^^^^^^^^^^^^^^
  File "/home/cuartazona/redes/app/auxiliar.py", line 144, in wrap
    return fn(*args, **kwargs)
           ^^^^^^^^^^^^^^^^^^^
  File "/home/cuartazona/redes/app/auxiliar.py", line 283, in wrap
    return fn(*args, **kwargs)
           ^^^^^^^^^^^^^^^^^^^
  File "/home/cuartazona/redes/app/auditoria.py", line 984, in _subir_foto_equipo
    if session["id_auditoria"] in auditorias:
       ~~~~~~~^^^^^^^^^^^^^^^^
  File "/home/cuartazona/redes/envRedes/lib/python3.11/site-packages/flask/sessions.py", line 79, in __getitem__
    return super().__getitem__(key)
           ^^^^^^^^^^^^^^^^^^^^^^^^
KeyError: 'id_auditoria'
ERROR:app:Exception on /_subir_foto_equipo [POST]
Traceback (most recent call last):
  File "/home/cuartazona/redes/envRedes/lib/python3.11/site-packages/flask/app.py", line 2190, in wsgi_app
    response = self.full_dispatch_request()
               ^^^^^^^^^^^^^^^^^^^^^^^^^^^^
  File "/home/cuartazona/redes/envRedes/lib/python3.11/site-packages/flask/app.py", line 1486, in full_dispatch_request
    rv = self.handle_user_exception(e)
         ^^^^^^^^^^^^^^^^^^^^^^^^^^^^^
  File "/home/cuartazona/redes/envRedes/lib/python3.11/site-packages/flask/app.py", line 1484, in full_dispatch_request
    rv = self.dispatch_request()
         ^^^^^^^^^^^^^^^^^^^^^^^
  File "/home/cuartazona/redes/envRedes/lib/python3.11/site-packages/flask/app.py", line 1469, in dispatch_request
    return self.ensure_sync(self.view_functions[rule.endpoint])(**view_args)
           ^^^^^^^^^^^^^^^^^^^^^^^^^^^^^^^^^^^^^^^^^^^^^^^^^^^^^^^^^^^^^^^^^
  File "/home/cuartazona/redes/app/auxiliar.py", line 131, in wrap
    return func(*args, **kwargs)
           ^^^^^^^^^^^^^^^^^^^^^
  File "/home/cuartazona/redes/app/auxiliar.py", line 144, in wrap
    return fn(*args, **kwargs)
           ^^^^^^^^^^^^^^^^^^^
  File "/home/cuartazona/redes/app/auxiliar.py", line 283, in wrap
    return fn(*args, **kwargs)
           ^^^^^^^^^^^^^^^^^^^
  File "/home/cuartazona/redes/app/auditoria.py", line 984, in _subir_foto_equipo
    if session["id_auditoria"] in auditorias:
       ~~~~~~~^^^^^^^^^^^^^^^^
  File "/home/cuartazona/redes/envRedes/lib/python3.11/site-packages/flask/sessions.py", line 79, in __getitem__
    return super().__getitem__(key)
           ^^^^^^^^^^^^^^^^^^^^^^^^
KeyError: 'id_auditoria'
ERROR:app:Exception on /_subir_foto_equipo [POST]
Traceback (most recent call last):
  File "/home/cuartazona/redes/envRedes/lib/python3.11/site-packages/flask/app.py", line 2190, in wsgi_app
    response = self.full_dispatch_request()
               ^^^^^^^^^^^^^^^^^^^^^^^^^^^^
  File "/home/cuartazona/redes/envRedes/lib/python3.11/site-packages/flask/app.py", line 1486, in full_dispatch_request
    rv = self.handle_user_exception(e)
         ^^^^^^^^^^^^^^^^^^^^^^^^^^^^^
  File "/home/cuartazona/redes/envRedes/lib/python3.11/site-packages/flask/app.py", line 1484, in full_dispatch_request
    rv = self.dispatch_request()
         ^^^^^^^^^^^^^^^^^^^^^^^
  File "/home/cuartazona/redes/envRedes/lib/python3.11/site-packages/flask/app.py", line 1469, in dispatch_request
    return self.ensure_sync(self.view_functions[rule.endpoint])(**view_args)
           ^^^^^^^^^^^^^^^^^^^^^^^^^^^^^^^^^^^^^^^^^^^^^^^^^^^^^^^^^^^^^^^^^
  File "/home/cuartazona/redes/app/auxiliar.py", line 131, in wrap
    return func(*args, **kwargs)
           ^^^^^^^^^^^^^^^^^^^^^
  File "/home/cuartazona/redes/app/auxiliar.py", line 144, in wrap
    return fn(*args, **kwargs)
           ^^^^^^^^^^^^^^^^^^^
  File "/home/cuartazona/redes/app/auxiliar.py", line 283, in wrap
    return fn(*args, **kwargs)
           ^^^^^^^^^^^^^^^^^^^
  File "/home/cuartazona/redes/app/auditoria.py", line 984, in _subir_foto_equipo
    if session["id_auditoria"] in auditorias:
       ~~~~~~~^^^^^^^^^^^^^^^^
  File "/home/cuartazona/redes/envRedes/lib/python3.11/site-packages/flask/sessions.py", line 79, in __getitem__
    return super().__getitem__(key)
           ^^^^^^^^^^^^^^^^^^^^^^^^
KeyError: 'id_auditoria'
ERROR:app:Exception on /_subir_foto_equipo [POST]
Traceback (most recent call last):
  File "/home/cuartazona/redes/envRedes/lib/python3.11/site-packages/flask/app.py", line 2190, in wsgi_app
    response = self.full_dispatch_request()
               ^^^^^^^^^^^^^^^^^^^^^^^^^^^^
  File "/home/cuartazona/redes/envRedes/lib/python3.11/site-packages/flask/app.py", line 1486, in full_dispatch_request
    rv = self.handle_user_exception(e)
         ^^^^^^^^^^^^^^^^^^^^^^^^^^^^^
  File "/home/cuartazona/redes/envRedes/lib/python3.11/site-packages/flask/app.py", line 1484, in full_dispatch_request
    rv = self.dispatch_request()
         ^^^^^^^^^^^^^^^^^^^^^^^
  File "/home/cuartazona/redes/envRedes/lib/python3.11/site-packages/flask/app.py", line 1469, in dispatch_request
    return self.ensure_sync(self.view_functions[rule.endpoint])(**view_args)
           ^^^^^^^^^^^^^^^^^^^^^^^^^^^^^^^^^^^^^^^^^^^^^^^^^^^^^^^^^^^^^^^^^
  File "/home/cuartazona/redes/app/auxiliar.py", line 131, in wrap
    return func(*args, **kwargs)
           ^^^^^^^^^^^^^^^^^^^^^
  File "/home/cuartazona/redes/app/auxiliar.py", line 144, in wrap
    return fn(*args, **kwargs)
           ^^^^^^^^^^^^^^^^^^^
  File "/home/cuartazona/redes/app/auxiliar.py", line 283, in wrap
    return fn(*args, **kwargs)
           ^^^^^^^^^^^^^^^^^^^
  File "/home/cuartazona/redes/app/auditoria.py", line 984, in _subir_foto_equipo
    if session["id_auditoria"] in auditorias:
       ~~~~~~~^^^^^^^^^^^^^^^^
  File "/home/cuartazona/redes/envRedes/lib/python3.11/site-packages/flask/sessions.py", line 79, in __getitem__
    return super().__getitem__(key)
           ^^^^^^^^^^^^^^^^^^^^^^^^
KeyError: 'id_auditoria'
ERROR:app:Exception on /_subir_foto_equipo [POST]
Traceback (most recent call last):
  File "/home/cuartazona/redes/envRedes/lib/python3.11/site-packages/flask/app.py", line 2190, in wsgi_app
    response = self.full_dispatch_request()
               ^^^^^^^^^^^^^^^^^^^^^^^^^^^^
  File "/home/cuartazona/redes/envRedes/lib/python3.11/site-packages/flask/app.py", line 1486, in full_dispatch_request
    rv = self.handle_user_exception(e)
         ^^^^^^^^^^^^^^^^^^^^^^^^^^^^^
  File "/home/cuartazona/redes/envRedes/lib/python3.11/site-packages/flask/app.py", line 1484, in full_dispatch_request
    rv = self.dispatch_request()
         ^^^^^^^^^^^^^^^^^^^^^^^
  File "/home/cuartazona/redes/envRedes/lib/python3.11/site-packages/flask/app.py", line 1469, in dispatch_request
    return self.ensure_sync(self.view_functions[rule.endpoint])(**view_args)
           ^^^^^^^^^^^^^^^^^^^^^^^^^^^^^^^^^^^^^^^^^^^^^^^^^^^^^^^^^^^^^^^^^
  File "/home/cuartazona/redes/app/auxiliar.py", line 131, in wrap
    return func(*args, **kwargs)
           ^^^^^^^^^^^^^^^^^^^^^
  File "/home/cuartazona/redes/app/auxiliar.py", line 144, in wrap
    return fn(*args, **kwargs)
           ^^^^^^^^^^^^^^^^^^^
  File "/home/cuartazona/redes/app/auxiliar.py", line 283, in wrap
    return fn(*args, **kwargs)
           ^^^^^^^^^^^^^^^^^^^
  File "/home/cuartazona/redes/app/auditoria.py", line 984, in _subir_foto_equipo
    if session["id_auditoria"] in auditorias:
       ~~~~~~~^^^^^^^^^^^^^^^^
  File "/home/cuartazona/redes/envRedes/lib/python3.11/site-packages/flask/sessions.py", line 79, in __getitem__
    return super().__getitem__(key)
           ^^^^^^^^^^^^^^^^^^^^^^^^
KeyError: 'id_auditoria'
ERROR:app:Exception on /_subir_foto_equipo [POST]
Traceback (most recent call last):
  File "/home/cuartazona/redes/envRedes/lib/python3.11/site-packages/flask/app.py", line 2190, in wsgi_app
    response = self.full_dispatch_request()
               ^^^^^^^^^^^^^^^^^^^^^^^^^^^^
  File "/home/cuartazona/redes/envRedes/lib/python3.11/site-packages/flask/app.py", line 1486, in full_dispatch_request
    rv = self.handle_user_exception(e)
         ^^^^^^^^^^^^^^^^^^^^^^^^^^^^^
  File "/home/cuartazona/redes/envRedes/lib/python3.11/site-packages/flask/app.py", line 1484, in full_dispatch_request
    rv = self.dispatch_request()
         ^^^^^^^^^^^^^^^^^^^^^^^
  File "/home/cuartazona/redes/envRedes/lib/python3.11/site-packages/flask/app.py", line 1469, in dispatch_request
    return self.ensure_sync(self.view_functions[rule.endpoint])(**view_args)
           ^^^^^^^^^^^^^^^^^^^^^^^^^^^^^^^^^^^^^^^^^^^^^^^^^^^^^^^^^^^^^^^^^
  File "/home/cuartazona/redes/app/auxiliar.py", line 131, in wrap
    return func(*args, **kwargs)
           ^^^^^^^^^^^^^^^^^^^^^
  File "/home/cuartazona/redes/app/auxiliar.py", line 144, in wrap
    return fn(*args, **kwargs)
           ^^^^^^^^^^^^^^^^^^^
  File "/home/cuartazona/redes/app/auxiliar.py", line 283, in wrap
    return fn(*args, **kwargs)
           ^^^^^^^^^^^^^^^^^^^
  File "/home/cuartazona/redes/app/auditoria.py", line 984, in _subir_foto_equipo
    if session["id_auditoria"] in auditorias:
       ~~~~~~~^^^^^^^^^^^^^^^^
  File "/home/cuartazona/redes/envRedes/lib/python3.11/site-packages/flask/sessions.py", line 79, in __getitem__
    return super().__getitem__(key)
           ^^^^^^^^^^^^^^^^^^^^^^^^
KeyError: 'id_auditoria'
ERROR:app:Exception on /_subir_foto_equipo [POST]
Traceback (most recent call last):
  File "/home/cuartazona/redes/envRedes/lib/python3.11/site-packages/flask/app.py", line 2190, in wsgi_app
    response = self.full_dispatch_request()
               ^^^^^^^^^^^^^^^^^^^^^^^^^^^^
  File "/home/cuartazona/redes/envRedes/lib/python3.11/site-packages/flask/app.py", line 1486, in full_dispatch_request
    rv = self.handle_user_exception(e)
         ^^^^^^^^^^^^^^^^^^^^^^^^^^^^^
  File "/home/cuartazona/redes/envRedes/lib/python3.11/site-packages/flask/app.py", line 1484, in full_dispatch_request
    rv = self.dispatch_request()
         ^^^^^^^^^^^^^^^^^^^^^^^
  File "/home/cuartazona/redes/envRedes/lib/python3.11/site-packages/flask/app.py", line 1469, in dispatch_request
    return self.ensure_sync(self.view_functions[rule.endpoint])(**view_args)
           ^^^^^^^^^^^^^^^^^^^^^^^^^^^^^^^^^^^^^^^^^^^^^^^^^^^^^^^^^^^^^^^^^
  File "/home/cuartazona/redes/app/auxiliar.py", line 131, in wrap
    return func(*args, **kwargs)
           ^^^^^^^^^^^^^^^^^^^^^
  File "/home/cuartazona/redes/app/auxiliar.py", line 144, in wrap
    return fn(*args, **kwargs)
           ^^^^^^^^^^^^^^^^^^^
  File "/home/cuartazona/redes/app/auxiliar.py", line 283, in wrap
    return fn(*args, **kwargs)
           ^^^^^^^^^^^^^^^^^^^
  File "/home/cuartazona/redes/app/auditoria.py", line 984, in _subir_foto_equipo
    if session["id_auditoria"] in auditorias:
       ~~~~~~~^^^^^^^^^^^^^^^^
  File "/home/cuartazona/redes/envRedes/lib/python3.11/site-packages/flask/sessions.py", line 79, in __getitem__
    return super().__getitem__(key)
           ^^^^^^^^^^^^^^^^^^^^^^^^
KeyError: 'id_auditoria'
ERROR:app:Exception on /_subir_foto_equipo [POST]
Traceback (most recent call last):
  File "/home/cuartazona/redes/envRedes/lib/python3.11/site-packages/flask/app.py", line 2190, in wsgi_app
    response = self.full_dispatch_request()
               ^^^^^^^^^^^^^^^^^^^^^^^^^^^^
  File "/home/cuartazona/redes/envRedes/lib/python3.11/site-packages/flask/app.py", line 1486, in full_dispatch_request
    rv = self.handle_user_exception(e)
         ^^^^^^^^^^^^^^^^^^^^^^^^^^^^^
  File "/home/cuartazona/redes/envRedes/lib/python3.11/site-packages/flask/app.py", line 1484, in full_dispatch_request
    rv = self.dispatch_request()
         ^^^^^^^^^^^^^^^^^^^^^^^
  File "/home/cuartazona/redes/envRedes/lib/python3.11/site-packages/flask/app.py", line 1469, in dispatch_request
    return self.ensure_sync(self.view_functions[rule.endpoint])(**view_args)
           ^^^^^^^^^^^^^^^^^^^^^^^^^^^^^^^^^^^^^^^^^^^^^^^^^^^^^^^^^^^^^^^^^
  File "/home/cuartazona/redes/app/auxiliar.py", line 131, in wrap
    return func(*args, **kwargs)
           ^^^^^^^^^^^^^^^^^^^^^
  File "/home/cuartazona/redes/app/auxiliar.py", line 144, in wrap
    return fn(*args, **kwargs)
           ^^^^^^^^^^^^^^^^^^^
  File "/home/cuartazona/redes/app/auxiliar.py", line 283, in wrap
    return fn(*args, **kwargs)
           ^^^^^^^^^^^^^^^^^^^
  File "/home/cuartazona/redes/app/auditoria.py", line 984, in _subir_foto_equipo
    if session["id_auditoria"] in auditorias:
       ~~~~~~~^^^^^^^^^^^^^^^^
  File "/home/cuartazona/redes/envRedes/lib/python3.11/site-packages/flask/sessions.py", line 79, in __getitem__
    return super().__getitem__(key)
           ^^^^^^^^^^^^^^^^^^^^^^^^
KeyError: 'id_auditoria'
ERROR:app:Exception on /_subir_foto_equipo [POST]
Traceback (most recent call last):
  File "/home/cuartazona/redes/envRedes/lib/python3.11/site-packages/flask/app.py", line 2190, in wsgi_app
    response = self.full_dispatch_request()
               ^^^^^^^^^^^^^^^^^^^^^^^^^^^^
  File "/home/cuartazona/redes/envRedes/lib/python3.11/site-packages/flask/app.py", line 1486, in full_dispatch_request
    rv = self.handle_user_exception(e)
         ^^^^^^^^^^^^^^^^^^^^^^^^^^^^^
  File "/home/cuartazona/redes/envRedes/lib/python3.11/site-packages/flask/app.py", line 1484, in full_dispatch_request
    rv = self.dispatch_request()
         ^^^^^^^^^^^^^^^^^^^^^^^
  File "/home/cuartazona/redes/envRedes/lib/python3.11/site-packages/flask/app.py", line 1469, in dispatch_request
    return self.ensure_sync(self.view_functions[rule.endpoint])(**view_args)
           ^^^^^^^^^^^^^^^^^^^^^^^^^^^^^^^^^^^^^^^^^^^^^^^^^^^^^^^^^^^^^^^^^
  File "/home/cuartazona/redes/app/auxiliar.py", line 131, in wrap
    return func(*args, **kwargs)
           ^^^^^^^^^^^^^^^^^^^^^
  File "/home/cuartazona/redes/app/auxiliar.py", line 144, in wrap
    return fn(*args, **kwargs)
           ^^^^^^^^^^^^^^^^^^^
  File "/home/cuartazona/redes/app/auxiliar.py", line 283, in wrap
    return fn(*args, **kwargs)
           ^^^^^^^^^^^^^^^^^^^
  File "/home/cuartazona/redes/app/auditoria.py", line 984, in _subir_foto_equipo
    if session["id_auditoria"] in auditorias:
       ~~~~~~~^^^^^^^^^^^^^^^^
  File "/home/cuartazona/redes/envRedes/lib/python3.11/site-packages/flask/sessions.py", line 79, in __getitem__
    return super().__getitem__(key)
           ^^^^^^^^^^^^^^^^^^^^^^^^
KeyError: 'id_auditoria'
ERROR:app:Exception on /_subir_foto_equipo [POST]
Traceback (most recent call last):
  File "/home/cuartazona/redes/envRedes/lib/python3.11/site-packages/flask/app.py", line 2190, in wsgi_app
    response = self.full_dispatch_request()
               ^^^^^^^^^^^^^^^^^^^^^^^^^^^^
  File "/home/cuartazona/redes/envRedes/lib/python3.11/site-packages/flask/app.py", line 1486, in full_dispatch_request
    rv = self.handle_user_exception(e)
         ^^^^^^^^^^^^^^^^^^^^^^^^^^^^^
  File "/home/cuartazona/redes/envRedes/lib/python3.11/site-packages/flask/app.py", line 1484, in full_dispatch_request
    rv = self.dispatch_request()
         ^^^^^^^^^^^^^^^^^^^^^^^
  File "/home/cuartazona/redes/envRedes/lib/python3.11/site-packages/flask/app.py", line 1469, in dispatch_request
    return self.ensure_sync(self.view_functions[rule.endpoint])(**view_args)
           ^^^^^^^^^^^^^^^^^^^^^^^^^^^^^^^^^^^^^^^^^^^^^^^^^^^^^^^^^^^^^^^^^
  File "/home/cuartazona/redes/app/auxiliar.py", line 131, in wrap
    return func(*args, **kwargs)
           ^^^^^^^^^^^^^^^^^^^^^
  File "/home/cuartazona/redes/app/auxiliar.py", line 144, in wrap
    return fn(*args, **kwargs)
           ^^^^^^^^^^^^^^^^^^^
  File "/home/cuartazona/redes/app/auxiliar.py", line 283, in wrap
    return fn(*args, **kwargs)
           ^^^^^^^^^^^^^^^^^^^
  File "/home/cuartazona/redes/app/auditoria.py", line 984, in _subir_foto_equipo
    if session["id_auditoria"] in auditorias:
       ~~~~~~~^^^^^^^^^^^^^^^^
  File "/home/cuartazona/redes/envRedes/lib/python3.11/site-packages/flask/sessions.py", line 79, in __getitem__
    return super().__getitem__(key)
           ^^^^^^^^^^^^^^^^^^^^^^^^
KeyError: 'id_auditoria'
ERROR:app:Exception on /_subir_foto_equipo [POST]
Traceback (most recent call last):
  File "/home/cuartazona/redes/envRedes/lib/python3.11/site-packages/flask/app.py", line 2190, in wsgi_app
    response = self.full_dispatch_request()
               ^^^^^^^^^^^^^^^^^^^^^^^^^^^^
  File "/home/cuartazona/redes/envRedes/lib/python3.11/site-packages/flask/app.py", line 1486, in full_dispatch_request
    rv = self.handle_user_exception(e)
         ^^^^^^^^^^^^^^^^^^^^^^^^^^^^^
  File "/home/cuartazona/redes/envRedes/lib/python3.11/site-packages/flask/app.py", line 1484, in full_dispatch_request
    rv = self.dispatch_request()
         ^^^^^^^^^^^^^^^^^^^^^^^
  File "/home/cuartazona/redes/envRedes/lib/python3.11/site-packages/flask/app.py", line 1469, in dispatch_request
    return self.ensure_sync(self.view_functions[rule.endpoint])(**view_args)
           ^^^^^^^^^^^^^^^^^^^^^^^^^^^^^^^^^^^^^^^^^^^^^^^^^^^^^^^^^^^^^^^^^
  File "/home/cuartazona/redes/app/auxiliar.py", line 131, in wrap
    return func(*args, **kwargs)
           ^^^^^^^^^^^^^^^^^^^^^
  File "/home/cuartazona/redes/app/auxiliar.py", line 144, in wrap
    return fn(*args, **kwargs)
           ^^^^^^^^^^^^^^^^^^^
  File "/home/cuartazona/redes/app/auxiliar.py", line 283, in wrap
    return fn(*args, **kwargs)
           ^^^^^^^^^^^^^^^^^^^
  File "/home/cuartazona/redes/app/auditoria.py", line 984, in _subir_foto_equipo
    if session["id_auditoria"] in auditorias:
       ~~~~~~~^^^^^^^^^^^^^^^^
  File "/home/cuartazona/redes/envRedes/lib/python3.11/site-packages/flask/sessions.py", line 79, in __getitem__
    return super().__getitem__(key)
           ^^^^^^^^^^^^^^^^^^^^^^^^
KeyError: 'id_auditoria'
ERROR:app:Exception on /_subir_foto_equipo [POST]
Traceback (most recent call last):
  File "/home/cuartazona/redes/envRedes/lib/python3.11/site-packages/flask/app.py", line 2190, in wsgi_app
    response = self.full_dispatch_request()
               ^^^^^^^^^^^^^^^^^^^^^^^^^^^^
  File "/home/cuartazona/redes/envRedes/lib/python3.11/site-packages/flask/app.py", line 1486, in full_dispatch_request
    rv = self.handle_user_exception(e)
         ^^^^^^^^^^^^^^^^^^^^^^^^^^^^^
  File "/home/cuartazona/redes/envRedes/lib/python3.11/site-packages/flask/app.py", line 1484, in full_dispatch_request
    rv = self.dispatch_request()
         ^^^^^^^^^^^^^^^^^^^^^^^
  File "/home/cuartazona/redes/envRedes/lib/python3.11/site-packages/flask/app.py", line 1469, in dispatch_request
    return self.ensure_sync(self.view_functions[rule.endpoint])(**view_args)
           ^^^^^^^^^^^^^^^^^^^^^^^^^^^^^^^^^^^^^^^^^^^^^^^^^^^^^^^^^^^^^^^^^
  File "/home/cuartazona/redes/app/auxiliar.py", line 131, in wrap
    return func(*args, **kwargs)
           ^^^^^^^^^^^^^^^^^^^^^
  File "/home/cuartazona/redes/app/auxiliar.py", line 144, in wrap
    return fn(*args, **kwargs)
           ^^^^^^^^^^^^^^^^^^^
  File "/home/cuartazona/redes/app/auxiliar.py", line 283, in wrap
    return fn(*args, **kwargs)
           ^^^^^^^^^^^^^^^^^^^
  File "/home/cuartazona/redes/app/auditoria.py", line 984, in _subir_foto_equipo
    if session["id_auditoria"] in auditorias:
       ~~~~~~~^^^^^^^^^^^^^^^^
  File "/home/cuartazona/redes/envRedes/lib/python3.11/site-packages/flask/sessions.py", line 79, in __getitem__
    return super().__getitem__(key)
           ^^^^^^^^^^^^^^^^^^^^^^^^
KeyError: 'id_auditoria'
ERROR:app:Exception on /_subir_foto_equipo [POST]
Traceback (most recent call last):
  File "/home/cuartazona/redes/envRedes/lib/python3.11/site-packages/flask/app.py", line 2190, in wsgi_app
    response = self.full_dispatch_request()
               ^^^^^^^^^^^^^^^^^^^^^^^^^^^^
  File "/home/cuartazona/redes/envRedes/lib/python3.11/site-packages/flask/app.py", line 1486, in full_dispatch_request
    rv = self.handle_user_exception(e)
         ^^^^^^^^^^^^^^^^^^^^^^^^^^^^^
  File "/home/cuartazona/redes/envRedes/lib/python3.11/site-packages/flask/app.py", line 1484, in full_dispatch_request
    rv = self.dispatch_request()
         ^^^^^^^^^^^^^^^^^^^^^^^
  File "/home/cuartazona/redes/envRedes/lib/python3.11/site-packages/flask/app.py", line 1469, in dispatch_request
    return self.ensure_sync(self.view_functions[rule.endpoint])(**view_args)
           ^^^^^^^^^^^^^^^^^^^^^^^^^^^^^^^^^^^^^^^^^^^^^^^^^^^^^^^^^^^^^^^^^
  File "/home/cuartazona/redes/app/auxiliar.py", line 131, in wrap
    return func(*args, **kwargs)
           ^^^^^^^^^^^^^^^^^^^^^
  File "/home/cuartazona/redes/app/auxiliar.py", line 144, in wrap
    return fn(*args, **kwargs)
           ^^^^^^^^^^^^^^^^^^^
  File "/home/cuartazona/redes/app/auxiliar.py", line 283, in wrap
    return fn(*args, **kwargs)
           ^^^^^^^^^^^^^^^^^^^
  File "/home/cuartazona/redes/app/auditoria.py", line 984, in _subir_foto_equipo
    if session["id_auditoria"] in auditorias:
       ~~~~~~~^^^^^^^^^^^^^^^^
  File "/home/cuartazona/redes/envRedes/lib/python3.11/site-packages/flask/sessions.py", line 79, in __getitem__
    return super().__getitem__(key)
           ^^^^^^^^^^^^^^^^^^^^^^^^
KeyError: 'id_auditoria'
DEBUG:urllib3.connectionpool:Starting new HTTPS connection (1): servizos.meteogalicia.gal:443
DEBUG:urllib3.connectionpool:https://servizos.meteogalicia.gal:443 "GET /apiv4/getTidesInfo?coords=-8.680974871850715,42.4067220219467&startTime=2024-07-16T12:38:41&endTime=2024-07-16T12:38:41&API_KEY=GTTp4hc9KfIWz1aSCg55H64kT98aHi3Ni97nLwD9j8zPwgzQ1min0Bugr7syiGCA%20 HTTP/1.1" 200 3573
DEBUG:urllib3.connectionpool:Starting new HTTPS connection (1): servizos.meteogalicia.gal:443
DEBUG:urllib3.connectionpool:https://servizos.meteogalicia.gal:443 "GET /apiv4/getTidesInfo?coords=-8.680974871850715,42.4067220219467&startTime=2024-07-16T12:43:29&endTime=2024-07-16T12:43:29&API_KEY=GTTp4hc9KfIWz1aSCg55H64kT98aHi3Ni97nLwD9j8zPwgzQ1min0Bugr7syiGCA%20 HTTP/1.1" 200 3573
DEBUG:urllib3.connectionpool:Starting new HTTPS connection (1): servizos.meteogalicia.gal:443
DEBUG:urllib3.connectionpool:https://servizos.meteogalicia.gal:443 "GET /apiv4/getTidesInfo?coords=-8.680974871850715,42.4067220219467&startTime=2024-07-16T12:43:56&endTime=2024-07-16T12:43:56&API_KEY=GTTp4hc9KfIWz1aSCg55H64kT98aHi3Ni97nLwD9j8zPwgzQ1min0Bugr7syiGCA%20 HTTP/1.1" 200 3573
DEBUG:urllib3.connectionpool:Starting new HTTPS connection (1): servizos.meteogalicia.gal:443
DEBUG:urllib3.connectionpool:https://servizos.meteogalicia.gal:443 "GET /apiv4/getTidesInfo?coords=-8.248277358215667,43.3638466701659&startTime=2024-07-16T13:00:14&endTime=2024-07-16T13:00:14&API_KEY=GTTp4hc9KfIWz1aSCg55H64kT98aHi3Ni97nLwD9j8zPwgzQ1min0Bugr7syiGCA%20 HTTP/1.1" 200 3573
ERROR:app:Exception on /_actualiza_elem [POST]
Traceback (most recent call last):
  File "/home/cuartazona/redes/envRedes/lib/python3.11/site-packages/flask/app.py", line 2190, in wsgi_app
    response = self.full_dispatch_request()
               ^^^^^^^^^^^^^^^^^^^^^^^^^^^^
  File "/home/cuartazona/redes/envRedes/lib/python3.11/site-packages/flask/app.py", line 1486, in full_dispatch_request
    rv = self.handle_user_exception(e)
         ^^^^^^^^^^^^^^^^^^^^^^^^^^^^^
  File "/home/cuartazona/redes/envRedes/lib/python3.11/site-packages/flask/app.py", line 1484, in full_dispatch_request
    rv = self.dispatch_request()
         ^^^^^^^^^^^^^^^^^^^^^^^
  File "/home/cuartazona/redes/envRedes/lib/python3.11/site-packages/flask/app.py", line 1469, in dispatch_request
    return self.ensure_sync(self.view_functions[rule.endpoint])(**view_args)
           ^^^^^^^^^^^^^^^^^^^^^^^^^^^^^^^^^^^^^^^^^^^^^^^^^^^^^^^^^^^^^^^^^
  File "/home/cuartazona/redes/app/auxiliar.py", line 131, in wrap
    return func(*args, **kwargs)
           ^^^^^^^^^^^^^^^^^^^^^
  File "/home/cuartazona/redes/app/auxiliar.py", line 144, in wrap
    return fn(*args, **kwargs)
           ^^^^^^^^^^^^^^^^^^^
  File "/home/cuartazona/redes/app/rede.py", line 206, in _actualiza_elem
    clave, valor = par.split("=")
    ^^^^^^^^^^^^
ValueError: not enough values to unpack (expected 2, got 1)
DEBUG:PIL.PngImagePlugin:STREAM b'IHDR' 16 13
DEBUG:PIL.PngImagePlugin:STREAM b'IDAT' 41 8192
DEBUG:PIL.PngImagePlugin:STREAM b'IHDR' 16 13
DEBUG:PIL.PngImagePlugin:STREAM b'IDAT' 41 8192
DEBUG:PIL.PngImagePlugin:STREAM b'IHDR' 16 13
DEBUG:PIL.PngImagePlugin:STREAM b'IDAT' 41 8192
DEBUG:PIL.PngImagePlugin:STREAM b'IHDR' 16 13
DEBUG:PIL.PngImagePlugin:STREAM b'IDAT' 41 8192
DEBUG:PIL.PngImagePlugin:STREAM b'IHDR' 16 13
DEBUG:PIL.PngImagePlugin:STREAM b'IDAT' 41 8192
DEBUG:PIL.PngImagePlugin:STREAM b'IHDR' 16 13
DEBUG:PIL.PngImagePlugin:STREAM b'IDAT' 41 8192
DEBUG:PIL.PngImagePlugin:STREAM b'IHDR' 16 13
DEBUG:PIL.PngImagePlugin:STREAM b'IDAT' 41 8192
DEBUG:PIL.PngImagePlugin:STREAM b'IHDR' 16 13
DEBUG:PIL.PngImagePlugin:STREAM b'IDAT' 41 8192
ERROR:app:Exception on /equipo-1769 [GET]
Traceback (most recent call last):
  File "/home/cuartazona/redes/envRedes/lib/python3.11/site-packages/flask/app.py", line 2190, in wsgi_app
    response = self.full_dispatch_request()
               ^^^^^^^^^^^^^^^^^^^^^^^^^^^^
  File "/home/cuartazona/redes/envRedes/lib/python3.11/site-packages/flask/app.py", line 1486, in full_dispatch_request
    rv = self.handle_user_exception(e)
         ^^^^^^^^^^^^^^^^^^^^^^^^^^^^^
  File "/home/cuartazona/redes/envRedes/lib/python3.11/site-packages/flask/app.py", line 1484, in full_dispatch_request
    rv = self.dispatch_request()
         ^^^^^^^^^^^^^^^^^^^^^^^
  File "/home/cuartazona/redes/envRedes/lib/python3.11/site-packages/flask/app.py", line 1469, in dispatch_request
    return self.ensure_sync(self.view_functions[rule.endpoint])(**view_args)
           ^^^^^^^^^^^^^^^^^^^^^^^^^^^^^^^^^^^^^^^^^^^^^^^^^^^^^^^^^^^^^^^^^
  File "/home/cuartazona/redes/app/auxiliar.py", line 119, in wrap
    return f(*args, **kwargs)
           ^^^^^^^^^^^^^^^^^^
  File "/home/cuartazona/redes/app/auxiliar.py", line 283, in wrap
    return fn(*args, **kwargs)
           ^^^^^^^^^^^^^^^^^^^
  File "/home/cuartazona/redes/app/auditoria.py", line 214, in equipo
    WHERE t.id = ?""", (equipo['id_tratamiento'],))
                        ~~~~~~^^^^^^^^^^^^^^^^^^
TypeError: 'NoneType' object is not subscriptable
ERROR:app:Exception on /equipo-1769 [GET]
Traceback (most recent call last):
  File "/home/cuartazona/redes/envRedes/lib/python3.11/site-packages/flask/app.py", line 2190, in wsgi_app
    response = self.full_dispatch_request()
               ^^^^^^^^^^^^^^^^^^^^^^^^^^^^
  File "/home/cuartazona/redes/envRedes/lib/python3.11/site-packages/flask/app.py", line 1486, in full_dispatch_request
    rv = self.handle_user_exception(e)
         ^^^^^^^^^^^^^^^^^^^^^^^^^^^^^
  File "/home/cuartazona/redes/envRedes/lib/python3.11/site-packages/flask/app.py", line 1484, in full_dispatch_request
    rv = self.dispatch_request()
         ^^^^^^^^^^^^^^^^^^^^^^^
  File "/home/cuartazona/redes/envRedes/lib/python3.11/site-packages/flask/app.py", line 1469, in dispatch_request
    return self.ensure_sync(self.view_functions[rule.endpoint])(**view_args)
           ^^^^^^^^^^^^^^^^^^^^^^^^^^^^^^^^^^^^^^^^^^^^^^^^^^^^^^^^^^^^^^^^^
  File "/home/cuartazona/redes/app/auxiliar.py", line 119, in wrap
    return f(*args, **kwargs)
           ^^^^^^^^^^^^^^^^^^
  File "/home/cuartazona/redes/app/auxiliar.py", line 283, in wrap
    return fn(*args, **kwargs)
           ^^^^^^^^^^^^^^^^^^^
  File "/home/cuartazona/redes/app/auditoria.py", line 214, in equipo
    WHERE t.id = ?""", (equipo['id_tratamiento'],))
                        ~~~~~~^^^^^^^^^^^^^^^^^^
TypeError: 'NoneType' object is not subscriptable
ERROR:app:Exception on /ficha-1817 [GET]
Traceback (most recent call last):
  File "/home/cuartazona/redes/envRedes/lib/python3.11/site-packages/flask/app.py", line 2190, in wsgi_app
    response = self.full_dispatch_request()
               ^^^^^^^^^^^^^^^^^^^^^^^^^^^^
  File "/home/cuartazona/redes/envRedes/lib/python3.11/site-packages/flask/app.py", line 1486, in full_dispatch_request
    rv = self.handle_user_exception(e)
         ^^^^^^^^^^^^^^^^^^^^^^^^^^^^^
  File "/home/cuartazona/redes/envRedes/lib/python3.11/site-packages/flask/app.py", line 1484, in full_dispatch_request
    rv = self.dispatch_request()
         ^^^^^^^^^^^^^^^^^^^^^^^
  File "/home/cuartazona/redes/envRedes/lib/python3.11/site-packages/flask/app.py", line 1469, in dispatch_request
    return self.ensure_sync(self.view_functions[rule.endpoint])(**view_args)
           ^^^^^^^^^^^^^^^^^^^^^^^^^^^^^^^^^^^^^^^^^^^^^^^^^^^^^^^^^^^^^^^^^
  File "/home/cuartazona/redes/app/auxiliar.py", line 119, in wrap
    return f(*args, **kwargs)
           ^^^^^^^^^^^^^^^^^^
  File "/home/cuartazona/redes/app/auxiliar.py", line 283, in wrap
    return fn(*args, **kwargs)
           ^^^^^^^^^^^^^^^^^^^
  File "/home/cuartazona/redes/app/auditoria.py", line 360, in ficha_equipo
    id_auditoria = max(ids_auditoria)
                   ^^^^^^^^^^^^^^^^^^
ValueError: max() arg is an empty sequence
ERROR:app:Exception on /ficha-1818 [GET]
Traceback (most recent call last):
  File "/home/cuartazona/redes/envRedes/lib/python3.11/site-packages/flask/app.py", line 2190, in wsgi_app
    response = self.full_dispatch_request()
               ^^^^^^^^^^^^^^^^^^^^^^^^^^^^
  File "/home/cuartazona/redes/envRedes/lib/python3.11/site-packages/flask/app.py", line 1486, in full_dispatch_request
    rv = self.handle_user_exception(e)
         ^^^^^^^^^^^^^^^^^^^^^^^^^^^^^
  File "/home/cuartazona/redes/envRedes/lib/python3.11/site-packages/flask/app.py", line 1484, in full_dispatch_request
    rv = self.dispatch_request()
         ^^^^^^^^^^^^^^^^^^^^^^^
  File "/home/cuartazona/redes/envRedes/lib/python3.11/site-packages/flask/app.py", line 1469, in dispatch_request
    return self.ensure_sync(self.view_functions[rule.endpoint])(**view_args)
           ^^^^^^^^^^^^^^^^^^^^^^^^^^^^^^^^^^^^^^^^^^^^^^^^^^^^^^^^^^^^^^^^^
  File "/home/cuartazona/redes/app/auxiliar.py", line 119, in wrap
    return f(*args, **kwargs)
           ^^^^^^^^^^^^^^^^^^
  File "/home/cuartazona/redes/app/auxiliar.py", line 283, in wrap
    return fn(*args, **kwargs)
           ^^^^^^^^^^^^^^^^^^^
  File "/home/cuartazona/redes/app/auditoria.py", line 360, in ficha_equipo
    id_auditoria = max(ids_auditoria)
                   ^^^^^^^^^^^^^^^^^^
ValueError: max() arg is an empty sequence
DEBUG:PIL.PngImagePlugin:STREAM b'IHDR' 16 13
DEBUG:PIL.PngImagePlugin:STREAM b'IDAT' 41 8192
DEBUG:PIL.PngImagePlugin:STREAM b'IDAT' 352813 3
DEBUG:PIL.PngImagePlugin:STREAM b'IHDR' 16 13
DEBUG:PIL.PngImagePlugin:STREAM b'IDAT' 41 8192
DEBUG:PIL.PngImagePlugin:STREAM b'IHDR' 16 13
DEBUG:PIL.PngImagePlugin:STREAM b'IDAT' 41 8192
DEBUG:PIL.PngImagePlugin:STREAM b'IDAT' 352813 3
DEBUG:PIL.PngImagePlugin:STREAM b'IHDR' 16 13
DEBUG:PIL.PngImagePlugin:STREAM b'IDAT' 41 8192
DEBUG:PIL.PngImagePlugin:STREAM b'IHDR' 16 13
DEBUG:PIL.PngImagePlugin:STREAM b'IDAT' 41 8192
DEBUG:PIL.PngImagePlugin:STREAM b'IHDR' 16 13
DEBUG:PIL.PngImagePlugin:STREAM b'IDAT' 41 8192
DEBUG:PIL.PngImagePlugin:STREAM b'IHDR' 16 13
DEBUG:PIL.PngImagePlugin:STREAM b'IDAT' 41 8192
ERROR:app:Exception on /equipo-2030 [GET]
Traceback (most recent call last):
  File "/home/cuartazona/redes/envRedes/lib/python3.11/site-packages/flask/app.py", line 2190, in wsgi_app
    response = self.full_dispatch_request()
               ^^^^^^^^^^^^^^^^^^^^^^^^^^^^
  File "/home/cuartazona/redes/envRedes/lib/python3.11/site-packages/flask/app.py", line 1486, in full_dispatch_request
    rv = self.handle_user_exception(e)
         ^^^^^^^^^^^^^^^^^^^^^^^^^^^^^
  File "/home/cuartazona/redes/envRedes/lib/python3.11/site-packages/flask/app.py", line 1484, in full_dispatch_request
    rv = self.dispatch_request()
         ^^^^^^^^^^^^^^^^^^^^^^^
  File "/home/cuartazona/redes/envRedes/lib/python3.11/site-packages/flask/app.py", line 1469, in dispatch_request
    return self.ensure_sync(self.view_functions[rule.endpoint])(**view_args)
           ^^^^^^^^^^^^^^^^^^^^^^^^^^^^^^^^^^^^^^^^^^^^^^^^^^^^^^^^^^^^^^^^^
  File "/home/cuartazona/redes/app/auxiliar.py", line 119, in wrap
    return f(*args, **kwargs)
           ^^^^^^^^^^^^^^^^^^
  File "/home/cuartazona/redes/app/auxiliar.py", line 283, in wrap
    return fn(*args, **kwargs)
           ^^^^^^^^^^^^^^^^^^^
  File "/home/cuartazona/redes/app/auditoria.py", line 182, in equipo
    cur.execute("""
sqlite3.OperationalError: no such column: obsoleta
ERROR:app:Exception on /equipo-2108 [GET]
Traceback (most recent call last):
  File "/home/cuartazona/redes/envRedes/lib/python3.11/site-packages/flask/app.py", line 2190, in wsgi_app
    response = self.full_dispatch_request()
               ^^^^^^^^^^^^^^^^^^^^^^^^^^^^
  File "/home/cuartazona/redes/envRedes/lib/python3.11/site-packages/flask/app.py", line 1486, in full_dispatch_request
    rv = self.handle_user_exception(e)
         ^^^^^^^^^^^^^^^^^^^^^^^^^^^^^
  File "/home/cuartazona/redes/envRedes/lib/python3.11/site-packages/flask/app.py", line 1484, in full_dispatch_request
    rv = self.dispatch_request()
         ^^^^^^^^^^^^^^^^^^^^^^^
  File "/home/cuartazona/redes/envRedes/lib/python3.11/site-packages/flask/app.py", line 1469, in dispatch_request
    return self.ensure_sync(self.view_functions[rule.endpoint])(**view_args)
           ^^^^^^^^^^^^^^^^^^^^^^^^^^^^^^^^^^^^^^^^^^^^^^^^^^^^^^^^^^^^^^^^^
  File "/home/cuartazona/redes/app/auxiliar.py", line 119, in wrap
    return f(*args, **kwargs)
           ^^^^^^^^^^^^^^^^^^
  File "/home/cuartazona/redes/app/auxiliar.py", line 283, in wrap
    return fn(*args, **kwargs)
           ^^^^^^^^^^^^^^^^^^^
  File "/home/cuartazona/redes/app/auditoria.py", line 182, in equipo
    cur.execute("""
sqlite3.OperationalError: no such column: obsoleta
ERROR:app:Exception on /_subir_foto_equipo [POST]
Traceback (most recent call last):
  File "/home/cuartazona/redes/envRedes/lib/python3.11/site-packages/flask/app.py", line 2190, in wsgi_app
    response = self.full_dispatch_request()
               ^^^^^^^^^^^^^^^^^^^^^^^^^^^^
  File "/home/cuartazona/redes/envRedes/lib/python3.11/site-packages/flask/app.py", line 1486, in full_dispatch_request
    rv = self.handle_user_exception(e)
         ^^^^^^^^^^^^^^^^^^^^^^^^^^^^^
  File "/home/cuartazona/redes/envRedes/lib/python3.11/site-packages/flask/app.py", line 1484, in full_dispatch_request
    rv = self.dispatch_request()
         ^^^^^^^^^^^^^^^^^^^^^^^
  File "/home/cuartazona/redes/envRedes/lib/python3.11/site-packages/flask/app.py", line 1469, in dispatch_request
    return self.ensure_sync(self.view_functions[rule.endpoint])(**view_args)
           ^^^^^^^^^^^^^^^^^^^^^^^^^^^^^^^^^^^^^^^^^^^^^^^^^^^^^^^^^^^^^^^^^
  File "/home/cuartazona/redes/app/auxiliar.py", line 131, in wrap
    return func(*args, **kwargs)
           ^^^^^^^^^^^^^^^^^^^^^
  File "/home/cuartazona/redes/app/auxiliar.py", line 144, in wrap
    return fn(*args, **kwargs)
           ^^^^^^^^^^^^^^^^^^^
  File "/home/cuartazona/redes/app/auxiliar.py", line 283, in wrap
    return fn(*args, **kwargs)
           ^^^^^^^^^^^^^^^^^^^
  File "/home/cuartazona/redes/app/auditoria.py", line 986, in _subir_foto_equipo
    if session["id_auditoria"] in auditorias:
       ~~~~~~~^^^^^^^^^^^^^^^^
  File "/home/cuartazona/redes/envRedes/lib/python3.11/site-packages/flask/sessions.py", line 79, in __getitem__
    return super().__getitem__(key)
           ^^^^^^^^^^^^^^^^^^^^^^^^
KeyError: 'id_auditoria'
DEBUG:PIL.PngImagePlugin:STREAM b'IHDR' 16 13
DEBUG:PIL.PngImagePlugin:STREAM b'IDAT' 41 8192
ERROR:app:Exception on /_genera_plantilla_importacion-sistemaUMIA [GET]
Traceback (most recent call last):
  File "/home/cuartazona/redes/envRedes/lib/python3.11/site-packages/flask/app.py", line 2190, in wsgi_app
    response = self.full_dispatch_request()
               ^^^^^^^^^^^^^^^^^^^^^^^^^^^^
  File "/home/cuartazona/redes/envRedes/lib/python3.11/site-packages/flask/app.py", line 1486, in full_dispatch_request
    rv = self.handle_user_exception(e)
         ^^^^^^^^^^^^^^^^^^^^^^^^^^^^^
  File "/home/cuartazona/redes/envRedes/lib/python3.11/site-packages/flask/app.py", line 1484, in full_dispatch_request
    rv = self.dispatch_request()
         ^^^^^^^^^^^^^^^^^^^^^^^
  File "/home/cuartazona/redes/envRedes/lib/python3.11/site-packages/flask/app.py", line 1469, in dispatch_request
    return self.ensure_sync(self.view_functions[rule.endpoint])(**view_args)
           ^^^^^^^^^^^^^^^^^^^^^^^^^^^^^^^^^^^^^^^^^^^^^^^^^^^^^^^^^^^^^^^^^
  File "/home/cuartazona/redes/app/auxiliar.py", line 131, in wrap
    return func(*args, **kwargs)
           ^^^^^^^^^^^^^^^^^^^^^
  File "/home/cuartazona/redes/app/auxiliar.py", line 283, in wrap
    return fn(*args, **kwargs)
           ^^^^^^^^^^^^^^^^^^^
  File "/home/cuartazona/redes/app/auditoria.py", line 1901, in _genera_plantilla
    tabla_tratamientos.to_excel(
  File "/home/cuartazona/redes/envRedes/lib/python3.11/site-packages/pandas/util/_decorators.py", line 333, in wrapper
    return func(*args, **kwargs)
           ^^^^^^^^^^^^^^^^^^^^^
  File "/home/cuartazona/redes/envRedes/lib/python3.11/site-packages/pandas/core/generic.py", line 2417, in to_excel
    formatter.write(
  File "/home/cuartazona/redes/envRedes/lib/python3.11/site-packages/pandas/io/formats/excel.py", line 952, in write
    writer._write_cells(
  File "/home/cuartazona/redes/envRedes/lib/python3.11/site-packages/pandas/io/excel/_openpyxl.py", line 486, in _write_cells
    for cell in cells:
  File "/home/cuartazona/redes/envRedes/lib/python3.11/site-packages/pandas/io/formats/excel.py", line 889, in get_formatted_cells
    for cell in itertools.chain(self._format_header(), self._format_body()):
  File "/home/cuartazona/redes/envRedes/lib/python3.11/site-packages/pandas/io/formats/excel.py", line 696, in _format_header_regular
    raise ValueError(
ValueError: Writing 0 cols but got 4 aliases
ERROR:app:Exception on /_subir_aai [POST]
Traceback (most recent call last):
  File "/home/cuartazona/redes/envRedes/lib/python3.11/site-packages/flask/app.py", line 2190, in wsgi_app
    response = self.full_dispatch_request()
               ^^^^^^^^^^^^^^^^^^^^^^^^^^^^
  File "/home/cuartazona/redes/envRedes/lib/python3.11/site-packages/flask/app.py", line 1486, in full_dispatch_request
    rv = self.handle_user_exception(e)
         ^^^^^^^^^^^^^^^^^^^^^^^^^^^^^
  File "/home/cuartazona/redes/envRedes/lib/python3.11/site-packages/flask/app.py", line 1484, in full_dispatch_request
    rv = self.dispatch_request()
         ^^^^^^^^^^^^^^^^^^^^^^^
  File "/home/cuartazona/redes/envRedes/lib/python3.11/site-packages/flask/app.py", line 1469, in dispatch_request
    return self.ensure_sync(self.view_functions[rule.endpoint])(**view_args)
           ^^^^^^^^^^^^^^^^^^^^^^^^^^^^^^^^^^^^^^^^^^^^^^^^^^^^^^^^^^^^^^^^^
  File "/home/cuartazona/redes/app/auxiliar.py", line 131, in wrap
    return func(*args, **kwargs)
           ^^^^^^^^^^^^^^^^^^^^^
  File "/home/cuartazona/redes/app/auxiliar.py", line 144, in wrap
    return fn(*args, **kwargs)
           ^^^^^^^^^^^^^^^^^^^
  File "/home/cuartazona/redes/app/censo.py", line 959, in _subir_aai
    nombre_archivo = sistema + "_" + cod_industria
                     ~~~~~~~~~~~~~~^~~~~~~~~~~~~~~
TypeError: can only concatenate str (not "NoneType") to str
DEBUG:urllib3.connectionpool:Starting new HTTPS connection (1): servizos.meteogalicia.gal:443
DEBUG:urllib3.connectionpool:https://servizos.meteogalicia.gal:443 "GET /apiv4/getTidesInfo?coords=-7.621355175749208,43.09254350541321&startTime=2024-07-22T08:48:00&endTime=2024-07-22T08:48:00&API_KEY=GTTp4hc9KfIWz1aSCg55H64kT98aHi3Ni97nLwD9j8zPwgzQ1min0Bugr7syiGCA%20 HTTP/1.1" 200 103
ERROR:app:Exception on /_subir_foto_equipo [POST]
Traceback (most recent call last):
  File "/home/cuartazona/redes/envRedes/lib/python3.11/site-packages/flask/app.py", line 2190, in wsgi_app
    response = self.full_dispatch_request()
               ^^^^^^^^^^^^^^^^^^^^^^^^^^^^
  File "/home/cuartazona/redes/envRedes/lib/python3.11/site-packages/flask/app.py", line 1486, in full_dispatch_request
    rv = self.handle_user_exception(e)
         ^^^^^^^^^^^^^^^^^^^^^^^^^^^^^
  File "/home/cuartazona/redes/envRedes/lib/python3.11/site-packages/flask/app.py", line 1484, in full_dispatch_request
    rv = self.dispatch_request()
         ^^^^^^^^^^^^^^^^^^^^^^^
  File "/home/cuartazona/redes/envRedes/lib/python3.11/site-packages/flask/app.py", line 1469, in dispatch_request
    return self.ensure_sync(self.view_functions[rule.endpoint])(**view_args)
           ^^^^^^^^^^^^^^^^^^^^^^^^^^^^^^^^^^^^^^^^^^^^^^^^^^^^^^^^^^^^^^^^^
  File "/home/cuartazona/redes/app/auxiliar.py", line 131, in wrap
    return func(*args, **kwargs)
           ^^^^^^^^^^^^^^^^^^^^^
  File "/home/cuartazona/redes/app/auxiliar.py", line 144, in wrap
    return fn(*args, **kwargs)
           ^^^^^^^^^^^^^^^^^^^
  File "/home/cuartazona/redes/app/auxiliar.py", line 283, in wrap
    return fn(*args, **kwargs)
           ^^^^^^^^^^^^^^^^^^^
  File "/home/cuartazona/redes/app/auditoria.py", line 986, in _subir_foto_equipo
    if session["id_auditoria"] in auditorias:
       ~~~~~~~^^^^^^^^^^^^^^^^
  File "/home/cuartazona/redes/envRedes/lib/python3.11/site-packages/flask/sessions.py", line 79, in __getitem__
    return super().__getitem__(key)
           ^^^^^^^^^^^^^^^^^^^^^^^^
KeyError: 'id_auditoria'
ERROR:app:Exception on /_subir_foto_equipo [POST]
Traceback (most recent call last):
  File "/home/cuartazona/redes/envRedes/lib/python3.11/site-packages/flask/app.py", line 2190, in wsgi_app
    response = self.full_dispatch_request()
               ^^^^^^^^^^^^^^^^^^^^^^^^^^^^
  File "/home/cuartazona/redes/envRedes/lib/python3.11/site-packages/flask/app.py", line 1486, in full_dispatch_request
    rv = self.handle_user_exception(e)
         ^^^^^^^^^^^^^^^^^^^^^^^^^^^^^
  File "/home/cuartazona/redes/envRedes/lib/python3.11/site-packages/flask/app.py", line 1484, in full_dispatch_request
    rv = self.dispatch_request()
         ^^^^^^^^^^^^^^^^^^^^^^^
  File "/home/cuartazona/redes/envRedes/lib/python3.11/site-packages/flask/app.py", line 1469, in dispatch_request
    return self.ensure_sync(self.view_functions[rule.endpoint])(**view_args)
           ^^^^^^^^^^^^^^^^^^^^^^^^^^^^^^^^^^^^^^^^^^^^^^^^^^^^^^^^^^^^^^^^^
  File "/home/cuartazona/redes/app/auxiliar.py", line 131, in wrap
    return func(*args, **kwargs)
           ^^^^^^^^^^^^^^^^^^^^^
  File "/home/cuartazona/redes/app/auxiliar.py", line 144, in wrap
    return fn(*args, **kwargs)
           ^^^^^^^^^^^^^^^^^^^
  File "/home/cuartazona/redes/app/auxiliar.py", line 283, in wrap
    return fn(*args, **kwargs)
           ^^^^^^^^^^^^^^^^^^^
  File "/home/cuartazona/redes/app/auditoria.py", line 986, in _subir_foto_equipo
    if session["id_auditoria"] in auditorias:
       ~~~~~~~^^^^^^^^^^^^^^^^
  File "/home/cuartazona/redes/envRedes/lib/python3.11/site-packages/flask/sessions.py", line 79, in __getitem__
    return super().__getitem__(key)
           ^^^^^^^^^^^^^^^^^^^^^^^^
KeyError: 'id_auditoria'
ERROR:app:Exception on /_subir_foto_equipo [POST]
Traceback (most recent call last):
  File "/home/cuartazona/redes/envRedes/lib/python3.11/site-packages/flask/app.py", line 2190, in wsgi_app
    response = self.full_dispatch_request()
               ^^^^^^^^^^^^^^^^^^^^^^^^^^^^
  File "/home/cuartazona/redes/envRedes/lib/python3.11/site-packages/flask/app.py", line 1486, in full_dispatch_request
    rv = self.handle_user_exception(e)
         ^^^^^^^^^^^^^^^^^^^^^^^^^^^^^
  File "/home/cuartazona/redes/envRedes/lib/python3.11/site-packages/flask/app.py", line 1484, in full_dispatch_request
    rv = self.dispatch_request()
         ^^^^^^^^^^^^^^^^^^^^^^^
  File "/home/cuartazona/redes/envRedes/lib/python3.11/site-packages/flask/app.py", line 1469, in dispatch_request
    return self.ensure_sync(self.view_functions[rule.endpoint])(**view_args)
           ^^^^^^^^^^^^^^^^^^^^^^^^^^^^^^^^^^^^^^^^^^^^^^^^^^^^^^^^^^^^^^^^^
  File "/home/cuartazona/redes/app/auxiliar.py", line 131, in wrap
    return func(*args, **kwargs)
           ^^^^^^^^^^^^^^^^^^^^^
  File "/home/cuartazona/redes/app/auxiliar.py", line 144, in wrap
    return fn(*args, **kwargs)
           ^^^^^^^^^^^^^^^^^^^
  File "/home/cuartazona/redes/app/auxiliar.py", line 283, in wrap
    return fn(*args, **kwargs)
           ^^^^^^^^^^^^^^^^^^^
  File "/home/cuartazona/redes/app/auditoria.py", line 986, in _subir_foto_equipo
    if session["id_auditoria"] in auditorias:
       ~~~~~~~^^^^^^^^^^^^^^^^
  File "/home/cuartazona/redes/envRedes/lib/python3.11/site-packages/flask/sessions.py", line 79, in __getitem__
    return super().__getitem__(key)
           ^^^^^^^^^^^^^^^^^^^^^^^^
KeyError: 'id_auditoria'
ERROR:app:Exception on /_subir_foto_equipo [POST]
Traceback (most recent call last):
  File "/home/cuartazona/redes/envRedes/lib/python3.11/site-packages/flask/app.py", line 2190, in wsgi_app
    response = self.full_dispatch_request()
               ^^^^^^^^^^^^^^^^^^^^^^^^^^^^
  File "/home/cuartazona/redes/envRedes/lib/python3.11/site-packages/flask/app.py", line 1486, in full_dispatch_request
    rv = self.handle_user_exception(e)
         ^^^^^^^^^^^^^^^^^^^^^^^^^^^^^
  File "/home/cuartazona/redes/envRedes/lib/python3.11/site-packages/flask/app.py", line 1484, in full_dispatch_request
    rv = self.dispatch_request()
         ^^^^^^^^^^^^^^^^^^^^^^^
  File "/home/cuartazona/redes/envRedes/lib/python3.11/site-packages/flask/app.py", line 1469, in dispatch_request
    return self.ensure_sync(self.view_functions[rule.endpoint])(**view_args)
           ^^^^^^^^^^^^^^^^^^^^^^^^^^^^^^^^^^^^^^^^^^^^^^^^^^^^^^^^^^^^^^^^^
  File "/home/cuartazona/redes/app/auxiliar.py", line 131, in wrap
    return func(*args, **kwargs)
           ^^^^^^^^^^^^^^^^^^^^^
  File "/home/cuartazona/redes/app/auxiliar.py", line 144, in wrap
    return fn(*args, **kwargs)
           ^^^^^^^^^^^^^^^^^^^
  File "/home/cuartazona/redes/app/auxiliar.py", line 283, in wrap
    return fn(*args, **kwargs)
           ^^^^^^^^^^^^^^^^^^^
  File "/home/cuartazona/redes/app/auditoria.py", line 986, in _subir_foto_equipo
    if session["id_auditoria"] in auditorias:
       ~~~~~~~^^^^^^^^^^^^^^^^
  File "/home/cuartazona/redes/envRedes/lib/python3.11/site-packages/flask/sessions.py", line 79, in __getitem__
    return super().__getitem__(key)
           ^^^^^^^^^^^^^^^^^^^^^^^^
KeyError: 'id_auditoria'
DEBUG:urllib3.connectionpool:Starting new HTTPS connection (1): servizos.meteogalicia.gal:443
DEBUG:urllib3.connectionpool:https://servizos.meteogalicia.gal:443 "GET /apiv4/getTidesInfo?coords=-7.5934215705592925,43.674180194481394&startTime=2024-07-22T09:13:16&endTime=2024-07-22T09:13:16&API_KEY=GTTp4hc9KfIWz1aSCg55H64kT98aHi3Ni97nLwD9j8zPwgzQ1min0Bugr7syiGCA%20 HTTP/1.1" 200 3490
DEBUG:urllib3.connectionpool:Starting new HTTPS connection (1): servizos.meteogalicia.gal:443
DEBUG:urllib3.connectionpool:https://servizos.meteogalicia.gal:443 "GET /apiv4/getTidesInfo?coords=-8.248277358215667,43.3638466701659&startTime=2024-07-22T09:15:27&endTime=2024-07-22T09:15:27&API_KEY=GTTp4hc9KfIWz1aSCg55H64kT98aHi3Ni97nLwD9j8zPwgzQ1min0Bugr7syiGCA%20 HTTP/1.1" 200 3483
DEBUG:urllib3.connectionpool:Starting new HTTPS connection (1): servizos.meteogalicia.gal:443
DEBUG:urllib3.connectionpool:https://servizos.meteogalicia.gal:443 "GET /apiv4/getTidesInfo?coords=-8.680974871850715,42.4067220219467&startTime=2024-07-22T11:18:23&endTime=2024-07-22T11:18:23&API_KEY=GTTp4hc9KfIWz1aSCg55H64kT98aHi3Ni97nLwD9j8zPwgzQ1min0Bugr7syiGCA%20 HTTP/1.1" 200 3568
DEBUG:urllib3.connectionpool:Starting new HTTPS connection (1): servizos.meteogalicia.gal:443
DEBUG:urllib3.connectionpool:https://servizos.meteogalicia.gal:443 "GET /apiv4/getTidesInfo?coords=-8.882290952876643,42.49803859393068&startTime=2024-07-22T11:18:38&endTime=2024-07-22T11:18:38&API_KEY=GTTp4hc9KfIWz1aSCg55H64kT98aHi3Ni97nLwD9j8zPwgzQ1min0Bugr7syiGCA%20 HTTP/1.1" 200 3495
ERROR:app:Exception on /_subir_foto_equipo [POST]
Traceback (most recent call last):
  File "/home/cuartazona/redes/envRedes/lib/python3.11/site-packages/flask/app.py", line 2190, in wsgi_app
    response = self.full_dispatch_request()
               ^^^^^^^^^^^^^^^^^^^^^^^^^^^^
  File "/home/cuartazona/redes/envRedes/lib/python3.11/site-packages/flask/app.py", line 1486, in full_dispatch_request
    rv = self.handle_user_exception(e)
         ^^^^^^^^^^^^^^^^^^^^^^^^^^^^^
  File "/home/cuartazona/redes/envRedes/lib/python3.11/site-packages/flask/app.py", line 1484, in full_dispatch_request
    rv = self.dispatch_request()
         ^^^^^^^^^^^^^^^^^^^^^^^
  File "/home/cuartazona/redes/envRedes/lib/python3.11/site-packages/flask/app.py", line 1469, in dispatch_request
    return self.ensure_sync(self.view_functions[rule.endpoint])(**view_args)
           ^^^^^^^^^^^^^^^^^^^^^^^^^^^^^^^^^^^^^^^^^^^^^^^^^^^^^^^^^^^^^^^^^
  File "/home/cuartazona/redes/app/auxiliar.py", line 131, in wrap
    return func(*args, **kwargs)
           ^^^^^^^^^^^^^^^^^^^^^
  File "/home/cuartazona/redes/app/auxiliar.py", line 144, in wrap
    return fn(*args, **kwargs)
           ^^^^^^^^^^^^^^^^^^^
  File "/home/cuartazona/redes/app/auxiliar.py", line 283, in wrap
    return fn(*args, **kwargs)
           ^^^^^^^^^^^^^^^^^^^
  File "/home/cuartazona/redes/app/auditoria.py", line 986, in _subir_foto_equipo
    if session["id_auditoria"] in auditorias:
       ~~~~~~~^^^^^^^^^^^^^^^^
  File "/home/cuartazona/redes/envRedes/lib/python3.11/site-packages/flask/sessions.py", line 79, in __getitem__
    return super().__getitem__(key)
           ^^^^^^^^^^^^^^^^^^^^^^^^
KeyError: 'id_auditoria'
DEBUG:urllib3.connectionpool:Starting new HTTPS connection (1): servizos.meteogalicia.gal:443
DEBUG:urllib3.connectionpool:https://servizos.meteogalicia.gal:443 "GET /apiv4/getTidesInfo?coords=-7.621355175749208,43.09254350541321&startTime=2024-07-23T12:52:20&endTime=2024-07-23T12:52:20&API_KEY=GTTp4hc9KfIWz1aSCg55H64kT98aHi3Ni97nLwD9j8zPwgzQ1min0Bugr7syiGCA%20 HTTP/1.1" 200 103
DEBUG:urllib3.connectionpool:Starting new HTTPS connection (1): servizos.meteogalicia.gal:443
DEBUG:urllib3.connectionpool:https://servizos.meteogalicia.gal:443 "GET /apiv4/getTidesInfo?coords=-8.248277358215667,43.3638466701659&startTime=2024-07-23T14:03:50&endTime=2024-07-23T14:03:50&API_KEY=GTTp4hc9KfIWz1aSCg55H64kT98aHi3Ni97nLwD9j8zPwgzQ1min0Bugr7syiGCA%20 HTTP/1.1" 200 3576
DEBUG:urllib3.connectionpool:Starting new HTTPS connection (1): servizos.meteogalicia.gal:443
DEBUG:urllib3.connectionpool:https://servizos.meteogalicia.gal:443 "GET /apiv4/getTidesInfo?coords=-8.248277358215667,43.3638466701659&startTime=2024-07-24T08:38:16&endTime=2024-07-24T08:38:16&API_KEY=GTTp4hc9KfIWz1aSCg55H64kT98aHi3Ni97nLwD9j8zPwgzQ1min0Bugr7syiGCA%20 HTTP/1.1" 200 3573
ERROR:app:Exception on / [GET]
Traceback (most recent call last):
  File "/home/cuartazona/redes/envRedes/lib/python3.11/site-packages/flask/app.py", line 2190, in wsgi_app
    response = self.full_dispatch_request()
               ^^^^^^^^^^^^^^^^^^^^^^^^^^^^
  File "/home/cuartazona/redes/envRedes/lib/python3.11/site-packages/flask/app.py", line 1486, in full_dispatch_request
    rv = self.handle_user_exception(e)
         ^^^^^^^^^^^^^^^^^^^^^^^^^^^^^
  File "/home/cuartazona/redes/envRedes/lib/python3.11/site-packages/flask/app.py", line 1484, in full_dispatch_request
    rv = self.dispatch_request()
         ^^^^^^^^^^^^^^^^^^^^^^^
  File "/home/cuartazona/redes/envRedes/lib/python3.11/site-packages/flask/app.py", line 1469, in dispatch_request
    return self.ensure_sync(self.view_functions[rule.endpoint])(**view_args)
           ^^^^^^^^^^^^^^^^^^^^^^^^^^^^^^^^^^^^^^^^^^^^^^^^^^^^^^^^^^^^^^^^^
  File "/home/cuartazona/redes/app/menu.py", line 24, in indice
    num_caminos = len(session['ambito'].split("|"))
                      ^^^^^^^^^^^^^^^^^^^^^^^
AttributeError: 'NoneType' object has no attribute 'split'
ERROR:app:Exception on /auditorias_EDAR [GET]
Traceback (most recent call last):
  File "/home/cuartazona/redes/envRedes/lib/python3.11/site-packages/flask/app.py", line 2190, in wsgi_app
    response = self.full_dispatch_request()
               ^^^^^^^^^^^^^^^^^^^^^^^^^^^^
  File "/home/cuartazona/redes/envRedes/lib/python3.11/site-packages/flask/app.py", line 1486, in full_dispatch_request
    rv = self.handle_user_exception(e)
         ^^^^^^^^^^^^^^^^^^^^^^^^^^^^^
  File "/home/cuartazona/redes/envRedes/lib/python3.11/site-packages/flask/app.py", line 1484, in full_dispatch_request
    rv = self.dispatch_request()
         ^^^^^^^^^^^^^^^^^^^^^^^
  File "/home/cuartazona/redes/envRedes/lib/python3.11/site-packages/flask/app.py", line 1469, in dispatch_request
    return self.ensure_sync(self.view_functions[rule.endpoint])(**view_args)
           ^^^^^^^^^^^^^^^^^^^^^^^^^^^^^^^^^^^^^^^^^^^^^^^^^^^^^^^^^^^^^^^^^
  File "/home/cuartazona/redes/app/auxiliar.py", line 119, in wrap
    return f(*args, **kwargs)
           ^^^^^^^^^^^^^^^^^^
  File "/home/cuartazona/redes/app/auxiliar.py", line 193, in wrap
    if permiso <= session['permiso']:
       ^^^^^^^^^^^^^^^^^^^^^^^^^^^^^
TypeError: '<=' not supported between instances of 'int' and 'NoneType'
ERROR:app:Exception on /instalacions-MEAN [GET]
Traceback (most recent call last):
  File "/home/cuartazona/redes/envRedes/lib/python3.11/site-packages/flask/app.py", line 2190, in wsgi_app
    response = self.full_dispatch_request()
               ^^^^^^^^^^^^^^^^^^^^^^^^^^^^
  File "/home/cuartazona/redes/envRedes/lib/python3.11/site-packages/flask/app.py", line 1486, in full_dispatch_request
    rv = self.handle_user_exception(e)
         ^^^^^^^^^^^^^^^^^^^^^^^^^^^^^
  File "/home/cuartazona/redes/envRedes/lib/python3.11/site-packages/flask/app.py", line 1484, in full_dispatch_request
    rv = self.dispatch_request()
         ^^^^^^^^^^^^^^^^^^^^^^^
  File "/home/cuartazona/redes/envRedes/lib/python3.11/site-packages/flask/app.py", line 1469, in dispatch_request
    return self.ensure_sync(self.view_functions[rule.endpoint])(**view_args)
           ^^^^^^^^^^^^^^^^^^^^^^^^^^^^^^^^^^^^^^^^^^^^^^^^^^^^^^^^^^^^^^^^^
  File "/home/cuartazona/redes/app/auxiliar.py", line 119, in wrap
    return f(*args, **kwargs)
           ^^^^^^^^^^^^^^^^^^
  File "/home/cuartazona/redes/app/auxiliar.py", line 193, in wrap
    if permiso <= session['permiso']:
       ^^^^^^^^^^^^^^^^^^^^^^^^^^^^^
TypeError: '<=' not supported between instances of 'int' and 'NoneType'
ERROR:app:Exception on / [GET]
Traceback (most recent call last):
  File "/home/cuartazona/redes/envRedes/lib/python3.11/site-packages/flask/app.py", line 2190, in wsgi_app
    response = self.full_dispatch_request()
               ^^^^^^^^^^^^^^^^^^^^^^^^^^^^
  File "/home/cuartazona/redes/envRedes/lib/python3.11/site-packages/flask/app.py", line 1486, in full_dispatch_request
    rv = self.handle_user_exception(e)
         ^^^^^^^^^^^^^^^^^^^^^^^^^^^^^
  File "/home/cuartazona/redes/envRedes/lib/python3.11/site-packages/flask/app.py", line 1484, in full_dispatch_request
    rv = self.dispatch_request()
         ^^^^^^^^^^^^^^^^^^^^^^^
  File "/home/cuartazona/redes/envRedes/lib/python3.11/site-packages/flask/app.py", line 1469, in dispatch_request
    return self.ensure_sync(self.view_functions[rule.endpoint])(**view_args)
           ^^^^^^^^^^^^^^^^^^^^^^^^^^^^^^^^^^^^^^^^^^^^^^^^^^^^^^^^^^^^^^^^^
  File "/home/cuartazona/redes/app/menu.py", line 24, in indice
    num_caminos = len(session['ambito'].split("|"))
                      ^^^^^^^^^^^^^^^^^^^^^^^
AttributeError: 'NoneType' object has no attribute 'split'
ERROR:app:Exception on /_subir_foto_equipo [POST]
Traceback (most recent call last):
  File "/home/cuartazona/redes/envRedes/lib/python3.11/site-packages/flask/app.py", line 2190, in wsgi_app
    response = self.full_dispatch_request()
               ^^^^^^^^^^^^^^^^^^^^^^^^^^^^
  File "/home/cuartazona/redes/envRedes/lib/python3.11/site-packages/flask/app.py", line 1486, in full_dispatch_request
    rv = self.handle_user_exception(e)
         ^^^^^^^^^^^^^^^^^^^^^^^^^^^^^
  File "/home/cuartazona/redes/envRedes/lib/python3.11/site-packages/flask/app.py", line 1484, in full_dispatch_request
    rv = self.dispatch_request()
         ^^^^^^^^^^^^^^^^^^^^^^^
  File "/home/cuartazona/redes/envRedes/lib/python3.11/site-packages/flask/app.py", line 1469, in dispatch_request
    return self.ensure_sync(self.view_functions[rule.endpoint])(**view_args)
           ^^^^^^^^^^^^^^^^^^^^^^^^^^^^^^^^^^^^^^^^^^^^^^^^^^^^^^^^^^^^^^^^^
  File "/home/cuartazona/redes/app/auxiliar.py", line 131, in wrap
    return func(*args, **kwargs)
           ^^^^^^^^^^^^^^^^^^^^^
  File "/home/cuartazona/redes/app/auxiliar.py", line 144, in wrap
    return fn(*args, **kwargs)
           ^^^^^^^^^^^^^^^^^^^
  File "/home/cuartazona/redes/app/auxiliar.py", line 283, in wrap
    return fn(*args, **kwargs)
           ^^^^^^^^^^^^^^^^^^^
  File "/home/cuartazona/redes/app/auditoria.py", line 986, in _subir_foto_equipo
    if session["id_auditoria"] in auditorias:
       ~~~~~~~^^^^^^^^^^^^^^^^
  File "/home/cuartazona/redes/envRedes/lib/python3.11/site-packages/flask/sessions.py", line 79, in __getitem__
    return super().__getitem__(key)
           ^^^^^^^^^^^^^^^^^^^^^^^^
KeyError: 'id_auditoria'
ERROR:app:Exception on /_subir_foto_equipo [POST]
Traceback (most recent call last):
  File "/home/cuartazona/redes/envRedes/lib/python3.11/site-packages/flask/app.py", line 2190, in wsgi_app
    response = self.full_dispatch_request()
               ^^^^^^^^^^^^^^^^^^^^^^^^^^^^
  File "/home/cuartazona/redes/envRedes/lib/python3.11/site-packages/flask/app.py", line 1486, in full_dispatch_request
    rv = self.handle_user_exception(e)
         ^^^^^^^^^^^^^^^^^^^^^^^^^^^^^
  File "/home/cuartazona/redes/envRedes/lib/python3.11/site-packages/flask/app.py", line 1484, in full_dispatch_request
    rv = self.dispatch_request()
         ^^^^^^^^^^^^^^^^^^^^^^^
  File "/home/cuartazona/redes/envRedes/lib/python3.11/site-packages/flask/app.py", line 1469, in dispatch_request
    return self.ensure_sync(self.view_functions[rule.endpoint])(**view_args)
           ^^^^^^^^^^^^^^^^^^^^^^^^^^^^^^^^^^^^^^^^^^^^^^^^^^^^^^^^^^^^^^^^^
  File "/home/cuartazona/redes/app/auxiliar.py", line 131, in wrap
    return func(*args, **kwargs)
           ^^^^^^^^^^^^^^^^^^^^^
  File "/home/cuartazona/redes/app/auxiliar.py", line 144, in wrap
    return fn(*args, **kwargs)
           ^^^^^^^^^^^^^^^^^^^
  File "/home/cuartazona/redes/app/auxiliar.py", line 283, in wrap
    return fn(*args, **kwargs)
           ^^^^^^^^^^^^^^^^^^^
  File "/home/cuartazona/redes/app/auditoria.py", line 986, in _subir_foto_equipo
    if session["id_auditoria"] in auditorias:
       ~~~~~~~^^^^^^^^^^^^^^^^
  File "/home/cuartazona/redes/envRedes/lib/python3.11/site-packages/flask/sessions.py", line 79, in __getitem__
    return super().__getitem__(key)
           ^^^^^^^^^^^^^^^^^^^^^^^^
KeyError: 'id_auditoria'
ERROR:app:Exception on /_subir_foto_equipo [POST]
Traceback (most recent call last):
  File "/home/cuartazona/redes/envRedes/lib/python3.11/site-packages/flask/app.py", line 2190, in wsgi_app
    response = self.full_dispatch_request()
               ^^^^^^^^^^^^^^^^^^^^^^^^^^^^
  File "/home/cuartazona/redes/envRedes/lib/python3.11/site-packages/flask/app.py", line 1486, in full_dispatch_request
    rv = self.handle_user_exception(e)
         ^^^^^^^^^^^^^^^^^^^^^^^^^^^^^
  File "/home/cuartazona/redes/envRedes/lib/python3.11/site-packages/flask/app.py", line 1484, in full_dispatch_request
    rv = self.dispatch_request()
         ^^^^^^^^^^^^^^^^^^^^^^^
  File "/home/cuartazona/redes/envRedes/lib/python3.11/site-packages/flask/app.py", line 1469, in dispatch_request
    return self.ensure_sync(self.view_functions[rule.endpoint])(**view_args)
           ^^^^^^^^^^^^^^^^^^^^^^^^^^^^^^^^^^^^^^^^^^^^^^^^^^^^^^^^^^^^^^^^^
  File "/home/cuartazona/redes/app/auxiliar.py", line 131, in wrap
    return func(*args, **kwargs)
           ^^^^^^^^^^^^^^^^^^^^^
  File "/home/cuartazona/redes/app/auxiliar.py", line 144, in wrap
    return fn(*args, **kwargs)
           ^^^^^^^^^^^^^^^^^^^
  File "/home/cuartazona/redes/app/auxiliar.py", line 283, in wrap
    return fn(*args, **kwargs)
           ^^^^^^^^^^^^^^^^^^^
  File "/home/cuartazona/redes/app/auditoria.py", line 986, in _subir_foto_equipo
    if session["id_auditoria"] in auditorias:
       ~~~~~~~^^^^^^^^^^^^^^^^
  File "/home/cuartazona/redes/envRedes/lib/python3.11/site-packages/flask/sessions.py", line 79, in __getitem__
    return super().__getitem__(key)
           ^^^^^^^^^^^^^^^^^^^^^^^^
KeyError: 'id_auditoria'
ERROR:app:Exception on /_subir_foto_equipo [POST]
Traceback (most recent call last):
  File "/home/cuartazona/redes/envRedes/lib/python3.11/site-packages/flask/app.py", line 2190, in wsgi_app
    response = self.full_dispatch_request()
               ^^^^^^^^^^^^^^^^^^^^^^^^^^^^
  File "/home/cuartazona/redes/envRedes/lib/python3.11/site-packages/flask/app.py", line 1486, in full_dispatch_request
    rv = self.handle_user_exception(e)
         ^^^^^^^^^^^^^^^^^^^^^^^^^^^^^
  File "/home/cuartazona/redes/envRedes/lib/python3.11/site-packages/flask/app.py", line 1484, in full_dispatch_request
    rv = self.dispatch_request()
         ^^^^^^^^^^^^^^^^^^^^^^^
  File "/home/cuartazona/redes/envRedes/lib/python3.11/site-packages/flask/app.py", line 1469, in dispatch_request
    return self.ensure_sync(self.view_functions[rule.endpoint])(**view_args)
           ^^^^^^^^^^^^^^^^^^^^^^^^^^^^^^^^^^^^^^^^^^^^^^^^^^^^^^^^^^^^^^^^^
  File "/home/cuartazona/redes/app/auxiliar.py", line 131, in wrap
    return func(*args, **kwargs)
           ^^^^^^^^^^^^^^^^^^^^^
  File "/home/cuartazona/redes/app/auxiliar.py", line 144, in wrap
    return fn(*args, **kwargs)
           ^^^^^^^^^^^^^^^^^^^
  File "/home/cuartazona/redes/app/auxiliar.py", line 283, in wrap
    return fn(*args, **kwargs)
           ^^^^^^^^^^^^^^^^^^^
  File "/home/cuartazona/redes/app/auditoria.py", line 986, in _subir_foto_equipo
    if session["id_auditoria"] in auditorias:
       ~~~~~~~^^^^^^^^^^^^^^^^
  File "/home/cuartazona/redes/envRedes/lib/python3.11/site-packages/flask/sessions.py", line 79, in __getitem__
    return super().__getitem__(key)
           ^^^^^^^^^^^^^^^^^^^^^^^^
KeyError: 'id_auditoria'
ERROR:app:Exception on /_subir_foto_equipo [POST]
Traceback (most recent call last):
  File "/home/cuartazona/redes/envRedes/lib/python3.11/site-packages/flask/app.py", line 2190, in wsgi_app
    response = self.full_dispatch_request()
               ^^^^^^^^^^^^^^^^^^^^^^^^^^^^
  File "/home/cuartazona/redes/envRedes/lib/python3.11/site-packages/flask/app.py", line 1486, in full_dispatch_request
    rv = self.handle_user_exception(e)
         ^^^^^^^^^^^^^^^^^^^^^^^^^^^^^
  File "/home/cuartazona/redes/envRedes/lib/python3.11/site-packages/flask/app.py", line 1484, in full_dispatch_request
    rv = self.dispatch_request()
         ^^^^^^^^^^^^^^^^^^^^^^^
  File "/home/cuartazona/redes/envRedes/lib/python3.11/site-packages/flask/app.py", line 1469, in dispatch_request
    return self.ensure_sync(self.view_functions[rule.endpoint])(**view_args)
           ^^^^^^^^^^^^^^^^^^^^^^^^^^^^^^^^^^^^^^^^^^^^^^^^^^^^^^^^^^^^^^^^^
  File "/home/cuartazona/redes/app/auxiliar.py", line 131, in wrap
    return func(*args, **kwargs)
           ^^^^^^^^^^^^^^^^^^^^^
  File "/home/cuartazona/redes/app/auxiliar.py", line 144, in wrap
    return fn(*args, **kwargs)
           ^^^^^^^^^^^^^^^^^^^
  File "/home/cuartazona/redes/app/auxiliar.py", line 283, in wrap
    return fn(*args, **kwargs)
           ^^^^^^^^^^^^^^^^^^^
  File "/home/cuartazona/redes/app/auditoria.py", line 986, in _subir_foto_equipo
    if session["id_auditoria"] in auditorias:
       ~~~~~~~^^^^^^^^^^^^^^^^
  File "/home/cuartazona/redes/envRedes/lib/python3.11/site-packages/flask/sessions.py", line 79, in __getitem__
    return super().__getitem__(key)
           ^^^^^^^^^^^^^^^^^^^^^^^^
KeyError: 'id_auditoria'
ERROR:app:Exception on /_subir_foto_equipo [POST]
Traceback (most recent call last):
  File "/home/cuartazona/redes/envRedes/lib/python3.11/site-packages/flask/app.py", line 2190, in wsgi_app
    response = self.full_dispatch_request()
               ^^^^^^^^^^^^^^^^^^^^^^^^^^^^
  File "/home/cuartazona/redes/envRedes/lib/python3.11/site-packages/flask/app.py", line 1486, in full_dispatch_request
    rv = self.handle_user_exception(e)
         ^^^^^^^^^^^^^^^^^^^^^^^^^^^^^
  File "/home/cuartazona/redes/envRedes/lib/python3.11/site-packages/flask/app.py", line 1484, in full_dispatch_request
    rv = self.dispatch_request()
         ^^^^^^^^^^^^^^^^^^^^^^^
  File "/home/cuartazona/redes/envRedes/lib/python3.11/site-packages/flask/app.py", line 1469, in dispatch_request
    return self.ensure_sync(self.view_functions[rule.endpoint])(**view_args)
           ^^^^^^^^^^^^^^^^^^^^^^^^^^^^^^^^^^^^^^^^^^^^^^^^^^^^^^^^^^^^^^^^^
  File "/home/cuartazona/redes/app/auxiliar.py", line 131, in wrap
    return func(*args, **kwargs)
           ^^^^^^^^^^^^^^^^^^^^^
  File "/home/cuartazona/redes/app/auxiliar.py", line 144, in wrap
    return fn(*args, **kwargs)
           ^^^^^^^^^^^^^^^^^^^
  File "/home/cuartazona/redes/app/auxiliar.py", line 283, in wrap
    return fn(*args, **kwargs)
           ^^^^^^^^^^^^^^^^^^^
  File "/home/cuartazona/redes/app/auditoria.py", line 986, in _subir_foto_equipo
    if session["id_auditoria"] in auditorias:
       ~~~~~~~^^^^^^^^^^^^^^^^
  File "/home/cuartazona/redes/envRedes/lib/python3.11/site-packages/flask/sessions.py", line 79, in __getitem__
    return super().__getitem__(key)
           ^^^^^^^^^^^^^^^^^^^^^^^^
KeyError: 'id_auditoria'
DEBUG:urllib3.connectionpool:Starting new HTTPS connection (1): servizos.meteogalicia.gal:443
DEBUG:urllib3.connectionpool:https://servizos.meteogalicia.gal:443 "GET /apiv4/getTidesInfo?coords=-8.680974871850715,42.4067220219467&startTime=2024-07-29T11:09:40&endTime=2024-07-29T11:09:40&API_KEY=GTTp4hc9KfIWz1aSCg55H64kT98aHi3Ni97nLwD9j8zPwgzQ1min0Bugr7syiGCA%20 HTTP/1.1" 200 3568
ERROR:app:Exception on /_subir_foto_equipo [POST]
Traceback (most recent call last):
  File "/home/cuartazona/redes/envRedes/lib/python3.11/site-packages/flask/app.py", line 2190, in wsgi_app
    response = self.full_dispatch_request()
               ^^^^^^^^^^^^^^^^^^^^^^^^^^^^
  File "/home/cuartazona/redes/envRedes/lib/python3.11/site-packages/flask/app.py", line 1486, in full_dispatch_request
    rv = self.handle_user_exception(e)
         ^^^^^^^^^^^^^^^^^^^^^^^^^^^^^
  File "/home/cuartazona/redes/envRedes/lib/python3.11/site-packages/flask/app.py", line 1484, in full_dispatch_request
    rv = self.dispatch_request()
         ^^^^^^^^^^^^^^^^^^^^^^^
  File "/home/cuartazona/redes/envRedes/lib/python3.11/site-packages/flask/app.py", line 1469, in dispatch_request
    return self.ensure_sync(self.view_functions[rule.endpoint])(**view_args)
           ^^^^^^^^^^^^^^^^^^^^^^^^^^^^^^^^^^^^^^^^^^^^^^^^^^^^^^^^^^^^^^^^^
  File "/home/cuartazona/redes/app/auxiliar.py", line 131, in wrap
    return func(*args, **kwargs)
           ^^^^^^^^^^^^^^^^^^^^^
  File "/home/cuartazona/redes/app/auxiliar.py", line 144, in wrap
    return fn(*args, **kwargs)
           ^^^^^^^^^^^^^^^^^^^
  File "/home/cuartazona/redes/app/auxiliar.py", line 283, in wrap
    return fn(*args, **kwargs)
           ^^^^^^^^^^^^^^^^^^^
  File "/home/cuartazona/redes/app/auditoria.py", line 986, in _subir_foto_equipo
    if session["id_auditoria"] in auditorias:
       ~~~~~~~^^^^^^^^^^^^^^^^
  File "/home/cuartazona/redes/envRedes/lib/python3.11/site-packages/flask/sessions.py", line 79, in __getitem__
    return super().__getitem__(key)
           ^^^^^^^^^^^^^^^^^^^^^^^^
KeyError: 'id_auditoria'
ERROR:app:Exception on /_subir_foto_equipo [POST]
Traceback (most recent call last):
  File "/home/cuartazona/redes/envRedes/lib/python3.11/site-packages/flask/app.py", line 2190, in wsgi_app
    response = self.full_dispatch_request()
               ^^^^^^^^^^^^^^^^^^^^^^^^^^^^
  File "/home/cuartazona/redes/envRedes/lib/python3.11/site-packages/flask/app.py", line 1486, in full_dispatch_request
    rv = self.handle_user_exception(e)
         ^^^^^^^^^^^^^^^^^^^^^^^^^^^^^
  File "/home/cuartazona/redes/envRedes/lib/python3.11/site-packages/flask/app.py", line 1484, in full_dispatch_request
    rv = self.dispatch_request()
         ^^^^^^^^^^^^^^^^^^^^^^^
  File "/home/cuartazona/redes/envRedes/lib/python3.11/site-packages/flask/app.py", line 1469, in dispatch_request
    return self.ensure_sync(self.view_functions[rule.endpoint])(**view_args)
           ^^^^^^^^^^^^^^^^^^^^^^^^^^^^^^^^^^^^^^^^^^^^^^^^^^^^^^^^^^^^^^^^^
  File "/home/cuartazona/redes/app/auxiliar.py", line 131, in wrap
    return func(*args, **kwargs)
           ^^^^^^^^^^^^^^^^^^^^^
  File "/home/cuartazona/redes/app/auxiliar.py", line 144, in wrap
    return fn(*args, **kwargs)
           ^^^^^^^^^^^^^^^^^^^
  File "/home/cuartazona/redes/app/auxiliar.py", line 283, in wrap
    return fn(*args, **kwargs)
           ^^^^^^^^^^^^^^^^^^^
  File "/home/cuartazona/redes/app/auditoria.py", line 986, in _subir_foto_equipo
    if session["id_auditoria"] in auditorias:
       ~~~~~~~^^^^^^^^^^^^^^^^
  File "/home/cuartazona/redes/envRedes/lib/python3.11/site-packages/flask/sessions.py", line 79, in __getitem__
    return super().__getitem__(key)
           ^^^^^^^^^^^^^^^^^^^^^^^^
KeyError: 'id_auditoria'
ERROR:app:Exception on /rede-MORA [GET]
Traceback (most recent call last):
  File "/home/cuartazona/redes/envRedes/lib/python3.11/site-packages/flask/app.py", line 2190, in wsgi_app
    response = self.full_dispatch_request()
               ^^^^^^^^^^^^^^^^^^^^^^^^^^^^
  File "/home/cuartazona/redes/envRedes/lib/python3.11/site-packages/flask/app.py", line 1486, in full_dispatch_request
    rv = self.handle_user_exception(e)
         ^^^^^^^^^^^^^^^^^^^^^^^^^^^^^
  File "/home/cuartazona/redes/envRedes/lib/python3.11/site-packages/flask/app.py", line 1484, in full_dispatch_request
    rv = self.dispatch_request()
         ^^^^^^^^^^^^^^^^^^^^^^^
  File "/home/cuartazona/redes/envRedes/lib/python3.11/site-packages/flask/app.py", line 1469, in dispatch_request
    return self.ensure_sync(self.view_functions[rule.endpoint])(**view_args)
           ^^^^^^^^^^^^^^^^^^^^^^^^^^^^^^^^^^^^^^^^^^^^^^^^^^^^^^^^^^^^^^^^^
  File "/home/cuartazona/redes/app/auxiliar.py", line 119, in wrap
    return f(*args, **kwargs)
           ^^^^^^^^^^^^^^^^^^
  File "/home/cuartazona/redes/app/rede.py", line 17, in red
    if not verificarPermiso(session, cod_edar, 0):
           ^^^^^^^^^^^^^^^^^^^^^^^^^^^^^^^^^^^^^^
  File "/home/cuartazona/redes/app/auxiliar.py", line 169, in verificarPermiso
    ambitos_usuario = session['ambito'].split("|")
                      ^^^^^^^^^^^^^^^^^^^^^^^
AttributeError: 'NoneType' object has no attribute 'split'
ERROR:app:Exception on /censo-CRUC [GET]
Traceback (most recent call last):
  File "/home/cuartazona/redes/envRedes/lib/python3.11/site-packages/flask/app.py", line 2190, in wsgi_app
    response = self.full_dispatch_request()
               ^^^^^^^^^^^^^^^^^^^^^^^^^^^^
  File "/home/cuartazona/redes/envRedes/lib/python3.11/site-packages/flask/app.py", line 1486, in full_dispatch_request
    rv = self.handle_user_exception(e)
         ^^^^^^^^^^^^^^^^^^^^^^^^^^^^^
  File "/home/cuartazona/redes/envRedes/lib/python3.11/site-packages/flask/app.py", line 1484, in full_dispatch_request
    rv = self.dispatch_request()
         ^^^^^^^^^^^^^^^^^^^^^^^
  File "/home/cuartazona/redes/envRedes/lib/python3.11/site-packages/flask/app.py", line 1469, in dispatch_request
    return self.ensure_sync(self.view_functions[rule.endpoint])(**view_args)
           ^^^^^^^^^^^^^^^^^^^^^^^^^^^^^^^^^^^^^^^^^^^^^^^^^^^^^^^^^^^^^^^^^
  File "/home/cuartazona/redes/app/auxiliar.py", line 119, in wrap
    return f(*args, **kwargs)
           ^^^^^^^^^^^^^^^^^^
  File "/home/cuartazona/redes/app/censo.py", line 20, in censo
    if not verificarPermiso(session, 'galicia', 0):
           ^^^^^^^^^^^^^^^^^^^^^^^^^^^^^^^^^^^^^^^
  File "/home/cuartazona/redes/app/auxiliar.py", line 169, in verificarPermiso
    ambitos_usuario = session['ambito'].split("|")
                      ^^^^^^^^^^^^^^^^^^^^^^^
AttributeError: 'NoneType' object has no attribute 'split'
ERROR:app:Exception on /rede-NOIA [GET]
Traceback (most recent call last):
  File "/home/cuartazona/redes/envRedes/lib/python3.11/site-packages/flask/app.py", line 2190, in wsgi_app
    response = self.full_dispatch_request()
               ^^^^^^^^^^^^^^^^^^^^^^^^^^^^
  File "/home/cuartazona/redes/envRedes/lib/python3.11/site-packages/flask/app.py", line 1486, in full_dispatch_request
    rv = self.handle_user_exception(e)
         ^^^^^^^^^^^^^^^^^^^^^^^^^^^^^
  File "/home/cuartazona/redes/envRedes/lib/python3.11/site-packages/flask/app.py", line 1484, in full_dispatch_request
    rv = self.dispatch_request()
         ^^^^^^^^^^^^^^^^^^^^^^^
  File "/home/cuartazona/redes/envRedes/lib/python3.11/site-packages/flask/app.py", line 1469, in dispatch_request
    return self.ensure_sync(self.view_functions[rule.endpoint])(**view_args)
           ^^^^^^^^^^^^^^^^^^^^^^^^^^^^^^^^^^^^^^^^^^^^^^^^^^^^^^^^^^^^^^^^^
  File "/home/cuartazona/redes/app/auxiliar.py", line 119, in wrap
    return f(*args, **kwargs)
           ^^^^^^^^^^^^^^^^^^
  File "/home/cuartazona/redes/app/rede.py", line 17, in red
    if not verificarPermiso(session, cod_edar, 0):
           ^^^^^^^^^^^^^^^^^^^^^^^^^^^^^^^^^^^^^^
  File "/home/cuartazona/redes/app/auxiliar.py", line 169, in verificarPermiso
    ambitos_usuario = session['ambito'].split("|")
                      ^^^^^^^^^^^^^^^^^^^^^^^
AttributeError: 'NoneType' object has no attribute 'split'
ERROR:app:Exception on /_subir_foto_equipo [POST]
Traceback (most recent call last):
  File "/home/cuartazona/redes/envRedes/lib/python3.11/site-packages/flask/app.py", line 2190, in wsgi_app
    response = self.full_dispatch_request()
               ^^^^^^^^^^^^^^^^^^^^^^^^^^^^
  File "/home/cuartazona/redes/envRedes/lib/python3.11/site-packages/flask/app.py", line 1486, in full_dispatch_request
    rv = self.handle_user_exception(e)
         ^^^^^^^^^^^^^^^^^^^^^^^^^^^^^
  File "/home/cuartazona/redes/envRedes/lib/python3.11/site-packages/flask/app.py", line 1484, in full_dispatch_request
    rv = self.dispatch_request()
         ^^^^^^^^^^^^^^^^^^^^^^^
  File "/home/cuartazona/redes/envRedes/lib/python3.11/site-packages/flask/app.py", line 1469, in dispatch_request
    return self.ensure_sync(self.view_functions[rule.endpoint])(**view_args)
           ^^^^^^^^^^^^^^^^^^^^^^^^^^^^^^^^^^^^^^^^^^^^^^^^^^^^^^^^^^^^^^^^^
  File "/home/cuartazona/redes/app/auxiliar.py", line 131, in wrap
    return func(*args, **kwargs)
           ^^^^^^^^^^^^^^^^^^^^^
  File "/home/cuartazona/redes/app/auxiliar.py", line 144, in wrap
    return fn(*args, **kwargs)
           ^^^^^^^^^^^^^^^^^^^
  File "/home/cuartazona/redes/app/auxiliar.py", line 283, in wrap
    return fn(*args, **kwargs)
           ^^^^^^^^^^^^^^^^^^^
  File "/home/cuartazona/redes/app/auditoria.py", line 986, in _subir_foto_equipo
    if session["id_auditoria"] in auditorias:
       ~~~~~~~^^^^^^^^^^^^^^^^
  File "/home/cuartazona/redes/envRedes/lib/python3.11/site-packages/flask/sessions.py", line 79, in __getitem__
    return super().__getitem__(key)
           ^^^^^^^^^^^^^^^^^^^^^^^^
KeyError: 'id_auditoria'
ERROR:app:Exception on /_subir_foto_equipo [POST]
Traceback (most recent call last):
  File "/home/cuartazona/redes/envRedes/lib/python3.11/site-packages/flask/app.py", line 2190, in wsgi_app
    response = self.full_dispatch_request()
               ^^^^^^^^^^^^^^^^^^^^^^^^^^^^
  File "/home/cuartazona/redes/envRedes/lib/python3.11/site-packages/flask/app.py", line 1486, in full_dispatch_request
    rv = self.handle_user_exception(e)
         ^^^^^^^^^^^^^^^^^^^^^^^^^^^^^
  File "/home/cuartazona/redes/envRedes/lib/python3.11/site-packages/flask/app.py", line 1484, in full_dispatch_request
    rv = self.dispatch_request()
         ^^^^^^^^^^^^^^^^^^^^^^^
  File "/home/cuartazona/redes/envRedes/lib/python3.11/site-packages/flask/app.py", line 1469, in dispatch_request
    return self.ensure_sync(self.view_functions[rule.endpoint])(**view_args)
           ^^^^^^^^^^^^^^^^^^^^^^^^^^^^^^^^^^^^^^^^^^^^^^^^^^^^^^^^^^^^^^^^^
  File "/home/cuartazona/redes/app/auxiliar.py", line 131, in wrap
    return func(*args, **kwargs)
           ^^^^^^^^^^^^^^^^^^^^^
  File "/home/cuartazona/redes/app/auxiliar.py", line 144, in wrap
    return fn(*args, **kwargs)
           ^^^^^^^^^^^^^^^^^^^
  File "/home/cuartazona/redes/app/auxiliar.py", line 283, in wrap
    return fn(*args, **kwargs)
           ^^^^^^^^^^^^^^^^^^^
  File "/home/cuartazona/redes/app/auditoria.py", line 986, in _subir_foto_equipo
    if session["id_auditoria"] in auditorias:
       ~~~~~~~^^^^^^^^^^^^^^^^
  File "/home/cuartazona/redes/envRedes/lib/python3.11/site-packages/flask/sessions.py", line 79, in __getitem__
    return super().__getitem__(key)
           ^^^^^^^^^^^^^^^^^^^^^^^^
KeyError: 'id_auditoria'
DEBUG:urllib3.connectionpool:Starting new HTTPS connection (1): servizos.meteogalicia.gal:443
DEBUG:urllib3.connectionpool:https://servizos.meteogalicia.gal:443 "GET /apiv4/getTidesInfo?coords=-8.783785403459493,42.59359975046283&startTime=2024-08-01T08:39:49&endTime=2024-08-01T08:39:49&API_KEY=GTTp4hc9KfIWz1aSCg55H64kT98aHi3Ni97nLwD9j8zPwgzQ1min0Bugr7syiGCA%20 HTTP/1.1" 200 3577
DEBUG:PIL.PngImagePlugin:STREAM b'IHDR' 16 13
DEBUG:PIL.PngImagePlugin:STREAM b'IDAT' 41 8192
DEBUG:urllib3.connectionpool:Starting new HTTPS connection (1): servizos.meteogalicia.gal:443
DEBUG:urllib3.connectionpool:https://servizos.meteogalicia.gal:443 "GET /apiv4/getTidesInfo?coords=-8.680974871850715,42.4067220219467&startTime=2024-08-01T10:48:51&endTime=2024-08-01T10:48:51&API_KEY=GTTp4hc9KfIWz1aSCg55H64kT98aHi3Ni97nLwD9j8zPwgzQ1min0Bugr7syiGCA%20 HTTP/1.1" 200 3569
DEBUG:PIL.PngImagePlugin:STREAM b'IHDR' 16 13
DEBUG:PIL.PngImagePlugin:STREAM b'IDAT' 41 8192
DEBUG:PIL.PngImagePlugin:STREAM b'IHDR' 16 13
DEBUG:PIL.PngImagePlugin:STREAM b'IDAT' 41 8192
DEBUG:PIL.PngImagePlugin:STREAM b'IHDR' 16 13
DEBUG:PIL.PngImagePlugin:STREAM b'IDAT' 41 8192
ERROR:app:Exception on /_actualiza_elem [POST]
Traceback (most recent call last):
  File "/home/cuartazona/redes/envRedes/lib/python3.11/site-packages/flask/app.py", line 2190, in wsgi_app
    response = self.full_dispatch_request()
               ^^^^^^^^^^^^^^^^^^^^^^^^^^^^
  File "/home/cuartazona/redes/envRedes/lib/python3.11/site-packages/flask/app.py", line 1486, in full_dispatch_request
    rv = self.handle_user_exception(e)
         ^^^^^^^^^^^^^^^^^^^^^^^^^^^^^
  File "/home/cuartazona/redes/envRedes/lib/python3.11/site-packages/flask/app.py", line 1484, in full_dispatch_request
    rv = self.dispatch_request()
         ^^^^^^^^^^^^^^^^^^^^^^^
  File "/home/cuartazona/redes/envRedes/lib/python3.11/site-packages/flask/app.py", line 1469, in dispatch_request
    return self.ensure_sync(self.view_functions[rule.endpoint])(**view_args)
           ^^^^^^^^^^^^^^^^^^^^^^^^^^^^^^^^^^^^^^^^^^^^^^^^^^^^^^^^^^^^^^^^^
  File "/home/cuartazona/redes/app/auxiliar.py", line 131, in wrap
    return func(*args, **kwargs)
           ^^^^^^^^^^^^^^^^^^^^^
  File "/home/cuartazona/redes/app/auxiliar.py", line 144, in wrap
    return fn(*args, **kwargs)
           ^^^^^^^^^^^^^^^^^^^
  File "/home/cuartazona/redes/app/rede.py", line 206, in _actualiza_elem
    clave, valor = par.split("=")
    ^^^^^^^^^^^^
ValueError: not enough values to unpack (expected 2, got 1)
DEBUG:PIL.PngImagePlugin:STREAM b'IHDR' 16 13
DEBUG:PIL.PngImagePlugin:STREAM b'IDAT' 41 8192
DEBUG:PIL.PngImagePlugin:STREAM b'IHDR' 16 13
DEBUG:PIL.PngImagePlugin:STREAM b'IDAT' 41 8192
DEBUG:PIL.PngImagePlugin:STREAM b'IHDR' 16 13
DEBUG:PIL.PngImagePlugin:STREAM b'IDAT' 41 65536
DEBUG:PIL.PngImagePlugin:STREAM b'IHDR' 16 13
DEBUG:PIL.PngImagePlugin:STREAM b'IDAT' 41 65536
DEBUG:PIL.PngImagePlugin:STREAM b'IHDR' 16 13
DEBUG:PIL.PngImagePlugin:STREAM b'IDAT' 41 65536
DEBUG:PIL.PngImagePlugin:STREAM b'IHDR' 16 13
DEBUG:PIL.PngImagePlugin:STREAM b'IDAT' 41 65536
DEBUG:PIL.PngImagePlugin:STREAM b'IHDR' 16 13
DEBUG:PIL.PngImagePlugin:STREAM b'IDAT' 41 65536
DEBUG:PIL.PngImagePlugin:STREAM b'IHDR' 16 13
DEBUG:PIL.PngImagePlugin:STREAM b'IDAT' 41 65536
DEBUG:PIL.PngImagePlugin:STREAM b'IHDR' 16 13
DEBUG:PIL.PngImagePlugin:STREAM b'IDAT' 41 8192
DEBUG:urllib3.connectionpool:Starting new HTTPS connection (1): servizos.meteogalicia.gal:443
DEBUG:urllib3.connectionpool:https://servizos.meteogalicia.gal:443 "GET /apiv4/getTidesInfo?coords=-8.680974871850715,42.4067220219467&startTime=2024-08-02T13:11:39&endTime=2024-08-02T13:11:39&API_KEY=GTTp4hc9KfIWz1aSCg55H64kT98aHi3Ni97nLwD9j8zPwgzQ1min0Bugr7syiGCA%20 HTTP/1.1" 200 3574
DEBUG:urllib3.connectionpool:Starting new HTTPS connection (1): servizos.meteogalicia.gal:443
DEBUG:urllib3.connectionpool:https://servizos.meteogalicia.gal:443 "GET /apiv4/getTidesInfo?coords=-8.680974871850715,42.4067220219467&startTime=2024-08-05T14:33:01&endTime=2024-08-05T14:33:01&API_KEY=GTTp4hc9KfIWz1aSCg55H64kT98aHi3Ni97nLwD9j8zPwgzQ1min0Bugr7syiGCA%20 HTTP/1.1" 200 3568
DEBUG:PIL.PngImagePlugin:STREAM b'IHDR' 16 13
DEBUG:PIL.PngImagePlugin:STREAM b'IDAT' 41 8192
DEBUG:urllib3.connectionpool:Starting new HTTPS connection (1): servizos.meteogalicia.gal:443
DEBUG:urllib3.connectionpool:https://servizos.meteogalicia.gal:443 "GET /apiv4/getTidesInfo?coords=-7.5934215705592925,43.674180194481394&startTime=2024-08-05T14:35:43&endTime=2024-08-05T14:35:43&API_KEY=GTTp4hc9KfIWz1aSCg55H64kT98aHi3Ni97nLwD9j8zPwgzQ1min0Bugr7syiGCA%20 HTTP/1.1" 200 3487
DEBUG:PIL.PngImagePlugin:STREAM b'IHDR' 16 13
DEBUG:PIL.PngImagePlugin:STREAM b'IDAT' 41 8192
DEBUG:PIL.PngImagePlugin:STREAM b'IHDR' 16 13
DEBUG:PIL.PngImagePlugin:STREAM b'IDAT' 41 8192
DEBUG:PIL.PngImagePlugin:STREAM b'IHDR' 16 13
DEBUG:PIL.PngImagePlugin:STREAM b'IDAT' 41 8192
DEBUG:PIL.PngImagePlugin:STREAM b'IHDR' 16 13
DEBUG:PIL.PngImagePlugin:STREAM b'IDAT' 41 8192
DEBUG:urllib3.connectionpool:Starting new HTTPS connection (1): servizos.meteogalicia.gal:443
DEBUG:urllib3.connectionpool:https://servizos.meteogalicia.gal:443 "GET /apiv4/getTidesInfo?coords=-8.680974871850715,42.4067220219467&startTime=2024-08-09T08:39:43&endTime=2024-08-09T08:39:43&API_KEY=GTTp4hc9KfIWz1aSCg55H64kT98aHi3Ni97nLwD9j8zPwgzQ1min0Bugr7syiGCA%20 HTTP/1.1" 200 3573
DEBUG:urllib3.connectionpool:Starting new HTTPS connection (1): servizos.meteogalicia.gal:443
DEBUG:urllib3.connectionpool:https://servizos.meteogalicia.gal:443 "GET /apiv4/getTidesInfo?coords=-8.897874626405246,42.79270037109131&startTime=2024-08-09T08:45:52&endTime=2024-08-09T08:45:52&API_KEY=GTTp4hc9KfIWz1aSCg55H64kT98aHi3Ni97nLwD9j8zPwgzQ1min0Bugr7syiGCA%20 HTTP/1.1" 200 3567
ERROR:app:Exception on /ficha_industria-1582 [GET]
Traceback (most recent call last):
  File "/home/cuartazona/redes/envRedes/lib/python3.11/site-packages/flask/app.py", line 2190, in wsgi_app
    response = self.full_dispatch_request()
               ^^^^^^^^^^^^^^^^^^^^^^^^^^^^
  File "/home/cuartazona/redes/envRedes/lib/python3.11/site-packages/flask/app.py", line 1486, in full_dispatch_request
    rv = self.handle_user_exception(e)
         ^^^^^^^^^^^^^^^^^^^^^^^^^^^^^
  File "/home/cuartazona/redes/envRedes/lib/python3.11/site-packages/flask/app.py", line 1484, in full_dispatch_request
    rv = self.dispatch_request()
         ^^^^^^^^^^^^^^^^^^^^^^^
  File "/home/cuartazona/redes/envRedes/lib/python3.11/site-packages/flask/app.py", line 1469, in dispatch_request
    return self.ensure_sync(self.view_functions[rule.endpoint])(**view_args)
           ^^^^^^^^^^^^^^^^^^^^^^^^^^^^^^^^^^^^^^^^^^^^^^^^^^^^^^^^^^^^^^^^^
  File "/home/cuartazona/redes/app/auxiliar.py", line 119, in wrap
    return f(*args, **kwargs)
           ^^^^^^^^^^^^^^^^^^
  File "/home/cuartazona/redes/app/censo.py", line 254, in ficha_industria_imprimir
    coordenadas['PV'] = utm.from_latlon(industria['latitud_PV'], industria['longitud_PV'])
                        ^^^^^^^^^^^^^^^^^^^^^^^^^^^^^^^^^^^^^^^^^^^^^^^^^^^^^^^^^^^^^^^^^^
  File "/home/cuartazona/redes/envRedes/lib/python3.11/site-packages/utm/conversion.py", line 228, in from_latlon
    if not in_bounds(latitude, -80.0, 84.0):
           ^^^^^^^^^^^^^^^^^^^^^^^^^^^^^^^^
  File "/home/cuartazona/redes/envRedes/lib/python3.11/site-packages/utm/conversion.py", line 49, in in_bounds
    return lower <= mathlib.min(x) and mathlib.max(x) <= upper
           ^^^^^^^^^^^^^^^^^^^^^^^
TypeError: '<=' not supported between instances of 'float' and 'NoneType'
ERROR:app:Exception on /ficha_industria-1578 [GET]
Traceback (most recent call last):
  File "/home/cuartazona/redes/envRedes/lib/python3.11/site-packages/flask/app.py", line 2190, in wsgi_app
    response = self.full_dispatch_request()
               ^^^^^^^^^^^^^^^^^^^^^^^^^^^^
  File "/home/cuartazona/redes/envRedes/lib/python3.11/site-packages/flask/app.py", line 1486, in full_dispatch_request
    rv = self.handle_user_exception(e)
         ^^^^^^^^^^^^^^^^^^^^^^^^^^^^^
  File "/home/cuartazona/redes/envRedes/lib/python3.11/site-packages/flask/app.py", line 1484, in full_dispatch_request
    rv = self.dispatch_request()
         ^^^^^^^^^^^^^^^^^^^^^^^
  File "/home/cuartazona/redes/envRedes/lib/python3.11/site-packages/flask/app.py", line 1469, in dispatch_request
    return self.ensure_sync(self.view_functions[rule.endpoint])(**view_args)
           ^^^^^^^^^^^^^^^^^^^^^^^^^^^^^^^^^^^^^^^^^^^^^^^^^^^^^^^^^^^^^^^^^
  File "/home/cuartazona/redes/app/auxiliar.py", line 119, in wrap
    return f(*args, **kwargs)
           ^^^^^^^^^^^^^^^^^^
  File "/home/cuartazona/redes/app/censo.py", line 254, in ficha_industria_imprimir
    coordenadas['PV'] = utm.from_latlon(industria['latitud_PV'], industria['longitud_PV'])
                        ^^^^^^^^^^^^^^^^^^^^^^^^^^^^^^^^^^^^^^^^^^^^^^^^^^^^^^^^^^^^^^^^^^
  File "/home/cuartazona/redes/envRedes/lib/python3.11/site-packages/utm/conversion.py", line 228, in from_latlon
    if not in_bounds(latitude, -80.0, 84.0):
           ^^^^^^^^^^^^^^^^^^^^^^^^^^^^^^^^
  File "/home/cuartazona/redes/envRedes/lib/python3.11/site-packages/utm/conversion.py", line 49, in in_bounds
    return lower <= mathlib.min(x) and mathlib.max(x) <= upper
           ^^^^^^^^^^^^^^^^^^^^^^^
TypeError: '<=' not supported between instances of 'float' and 'NoneType'
ERROR:app:Exception on /_actualiza_elem [POST]
Traceback (most recent call last):
  File "/home/cuartazona/redes/envRedes/lib/python3.11/site-packages/flask/app.py", line 2190, in wsgi_app
    response = self.full_dispatch_request()
               ^^^^^^^^^^^^^^^^^^^^^^^^^^^^
  File "/home/cuartazona/redes/envRedes/lib/python3.11/site-packages/flask/app.py", line 1486, in full_dispatch_request
    rv = self.handle_user_exception(e)
         ^^^^^^^^^^^^^^^^^^^^^^^^^^^^^
  File "/home/cuartazona/redes/envRedes/lib/python3.11/site-packages/flask/app.py", line 1484, in full_dispatch_request
    rv = self.dispatch_request()
         ^^^^^^^^^^^^^^^^^^^^^^^
  File "/home/cuartazona/redes/envRedes/lib/python3.11/site-packages/flask/app.py", line 1469, in dispatch_request
    return self.ensure_sync(self.view_functions[rule.endpoint])(**view_args)
           ^^^^^^^^^^^^^^^^^^^^^^^^^^^^^^^^^^^^^^^^^^^^^^^^^^^^^^^^^^^^^^^^^
  File "/home/cuartazona/redes/app/auxiliar.py", line 131, in wrap
    return func(*args, **kwargs)
           ^^^^^^^^^^^^^^^^^^^^^
  File "/home/cuartazona/redes/app/auxiliar.py", line 144, in wrap
    return fn(*args, **kwargs)
           ^^^^^^^^^^^^^^^^^^^
  File "/home/cuartazona/redes/app/rede.py", line 206, in _actualiza_elem
    clave, valor = par.split("=")
    ^^^^^^^^^^^^
ValueError: not enough values to unpack (expected 2, got 1)
ERROR:app:Exception on /equipos-edar-MEAN [GET]
Traceback (most recent call last):
  File "/home/cuartazona/redes/envRedes/lib/python3.11/site-packages/flask/app.py", line 2190, in wsgi_app
    response = self.full_dispatch_request()
               ^^^^^^^^^^^^^^^^^^^^^^^^^^^^
  File "/home/cuartazona/redes/envRedes/lib/python3.11/site-packages/flask/app.py", line 1486, in full_dispatch_request
    rv = self.handle_user_exception(e)
         ^^^^^^^^^^^^^^^^^^^^^^^^^^^^^
  File "/home/cuartazona/redes/envRedes/lib/python3.11/site-packages/flask/app.py", line 1484, in full_dispatch_request
    rv = self.dispatch_request()
         ^^^^^^^^^^^^^^^^^^^^^^^
  File "/home/cuartazona/redes/envRedes/lib/python3.11/site-packages/flask/app.py", line 1469, in dispatch_request
    return self.ensure_sync(self.view_functions[rule.endpoint])(**view_args)
           ^^^^^^^^^^^^^^^^^^^^^^^^^^^^^^^^^^^^^^^^^^^^^^^^^^^^^^^^^^^^^^^^^
  File "/home/cuartazona/redes/app/auxiliar.py", line 119, in wrap
    return f(*args, **kwargs)
           ^^^^^^^^^^^^^^^^^^
  File "/home/cuartazona/redes/app/auxiliar.py", line 235, in wrap
    if int(id_tratamiento) in lista_id_tratamientos:
       ^^^^^^^^^^^^^^^^^^^
TypeError: int() argument must be a string, a bytes-like object or a real number, not 'NoneType'
ERROR:app:Exception on /equipos-edar-MEAN [GET]
Traceback (most recent call last):
  File "/home/cuartazona/redes/envRedes/lib/python3.11/site-packages/flask/app.py", line 2190, in wsgi_app
    response = self.full_dispatch_request()
               ^^^^^^^^^^^^^^^^^^^^^^^^^^^^
  File "/home/cuartazona/redes/envRedes/lib/python3.11/site-packages/flask/app.py", line 1486, in full_dispatch_request
    rv = self.handle_user_exception(e)
         ^^^^^^^^^^^^^^^^^^^^^^^^^^^^^
  File "/home/cuartazona/redes/envRedes/lib/python3.11/site-packages/flask/app.py", line 1484, in full_dispatch_request
    rv = self.dispatch_request()
         ^^^^^^^^^^^^^^^^^^^^^^^
  File "/home/cuartazona/redes/envRedes/lib/python3.11/site-packages/flask/app.py", line 1469, in dispatch_request
    return self.ensure_sync(self.view_functions[rule.endpoint])(**view_args)
           ^^^^^^^^^^^^^^^^^^^^^^^^^^^^^^^^^^^^^^^^^^^^^^^^^^^^^^^^^^^^^^^^^
  File "/home/cuartazona/redes/app/auxiliar.py", line 119, in wrap
    return f(*args, **kwargs)
           ^^^^^^^^^^^^^^^^^^
  File "/home/cuartazona/redes/app/auxiliar.py", line 235, in wrap
    if int(id_tratamiento) in lista_id_tratamientos:
       ^^^^^^^^^^^^^^^^^^^
TypeError: int() argument must be a string, a bytes-like object or a real number, not 'NoneType'
ERROR:app:Exception on /equipos-edar-MEAN [GET]
Traceback (most recent call last):
  File "/home/cuartazona/redes/envRedes/lib/python3.11/site-packages/flask/app.py", line 2190, in wsgi_app
    response = self.full_dispatch_request()
               ^^^^^^^^^^^^^^^^^^^^^^^^^^^^
  File "/home/cuartazona/redes/envRedes/lib/python3.11/site-packages/flask/app.py", line 1486, in full_dispatch_request
    rv = self.handle_user_exception(e)
         ^^^^^^^^^^^^^^^^^^^^^^^^^^^^^
  File "/home/cuartazona/redes/envRedes/lib/python3.11/site-packages/flask/app.py", line 1484, in full_dispatch_request
    rv = self.dispatch_request()
         ^^^^^^^^^^^^^^^^^^^^^^^
  File "/home/cuartazona/redes/envRedes/lib/python3.11/site-packages/flask/app.py", line 1469, in dispatch_request
    return self.ensure_sync(self.view_functions[rule.endpoint])(**view_args)
           ^^^^^^^^^^^^^^^^^^^^^^^^^^^^^^^^^^^^^^^^^^^^^^^^^^^^^^^^^^^^^^^^^
  File "/home/cuartazona/redes/app/auxiliar.py", line 119, in wrap
    return f(*args, **kwargs)
           ^^^^^^^^^^^^^^^^^^
  File "/home/cuartazona/redes/app/auxiliar.py", line 235, in wrap
    if int(id_tratamiento) in lista_id_tratamientos:
       ^^^^^^^^^^^^^^^^^^^
TypeError: int() argument must be a string, a bytes-like object or a real number, not 'NoneType'
ERROR:app:Exception on /equipos-edar-MEAN [GET]
Traceback (most recent call last):
  File "/home/cuartazona/redes/envRedes/lib/python3.11/site-packages/flask/app.py", line 2190, in wsgi_app
    response = self.full_dispatch_request()
               ^^^^^^^^^^^^^^^^^^^^^^^^^^^^
  File "/home/cuartazona/redes/envRedes/lib/python3.11/site-packages/flask/app.py", line 1486, in full_dispatch_request
    rv = self.handle_user_exception(e)
         ^^^^^^^^^^^^^^^^^^^^^^^^^^^^^
  File "/home/cuartazona/redes/envRedes/lib/python3.11/site-packages/flask/app.py", line 1484, in full_dispatch_request
    rv = self.dispatch_request()
         ^^^^^^^^^^^^^^^^^^^^^^^
  File "/home/cuartazona/redes/envRedes/lib/python3.11/site-packages/flask/app.py", line 1469, in dispatch_request
    return self.ensure_sync(self.view_functions[rule.endpoint])(**view_args)
           ^^^^^^^^^^^^^^^^^^^^^^^^^^^^^^^^^^^^^^^^^^^^^^^^^^^^^^^^^^^^^^^^^
  File "/home/cuartazona/redes/app/auxiliar.py", line 119, in wrap
    return f(*args, **kwargs)
           ^^^^^^^^^^^^^^^^^^
  File "/home/cuartazona/redes/app/auxiliar.py", line 235, in wrap
    if int(id_tratamiento) in lista_id_tratamientos:
       ^^^^^^^^^^^^^^^^^^^
TypeError: int() argument must be a string, a bytes-like object or a real number, not 'NoneType'
ERROR:app:Exception on /rede-MEAN [GET]
Traceback (most recent call last):
  File "/home/cuartazona/redes/envRedes/lib/python3.11/site-packages/flask/app.py", line 2190, in wsgi_app
    response = self.full_dispatch_request()
               ^^^^^^^^^^^^^^^^^^^^^^^^^^^^
  File "/home/cuartazona/redes/envRedes/lib/python3.11/site-packages/flask/app.py", line 1486, in full_dispatch_request
    rv = self.handle_user_exception(e)
         ^^^^^^^^^^^^^^^^^^^^^^^^^^^^^
  File "/home/cuartazona/redes/envRedes/lib/python3.11/site-packages/flask/app.py", line 1484, in full_dispatch_request
    rv = self.dispatch_request()
         ^^^^^^^^^^^^^^^^^^^^^^^
  File "/home/cuartazona/redes/envRedes/lib/python3.11/site-packages/flask/app.py", line 1469, in dispatch_request
    return self.ensure_sync(self.view_functions[rule.endpoint])(**view_args)
           ^^^^^^^^^^^^^^^^^^^^^^^^^^^^^^^^^^^^^^^^^^^^^^^^^^^^^^^^^^^^^^^^^
  File "/home/cuartazona/redes/app/auxiliar.py", line 119, in wrap
    return f(*args, **kwargs)
           ^^^^^^^^^^^^^^^^^^
  File "/home/cuartazona/redes/app/rede.py", line 17, in red
    if not verificarPermiso(session, cod_edar, 0):
           ^^^^^^^^^^^^^^^^^^^^^^^^^^^^^^^^^^^^^^
  File "/home/cuartazona/redes/app/auxiliar.py", line 169, in verificarPermiso
    ambitos_usuario = session['ambito'].split("|")
                      ^^^^^^^^^^^^^^^^^^^^^^^
AttributeError: 'NoneType' object has no attribute 'split'
ERROR:app:Exception on /equipos-edar-MEAN [GET]
Traceback (most recent call last):
  File "/home/cuartazona/redes/envRedes/lib/python3.11/site-packages/flask/app.py", line 2190, in wsgi_app
    response = self.full_dispatch_request()
               ^^^^^^^^^^^^^^^^^^^^^^^^^^^^
  File "/home/cuartazona/redes/envRedes/lib/python3.11/site-packages/flask/app.py", line 1486, in full_dispatch_request
    rv = self.handle_user_exception(e)
         ^^^^^^^^^^^^^^^^^^^^^^^^^^^^^
  File "/home/cuartazona/redes/envRedes/lib/python3.11/site-packages/flask/app.py", line 1484, in full_dispatch_request
    rv = self.dispatch_request()
         ^^^^^^^^^^^^^^^^^^^^^^^
  File "/home/cuartazona/redes/envRedes/lib/python3.11/site-packages/flask/app.py", line 1469, in dispatch_request
    return self.ensure_sync(self.view_functions[rule.endpoint])(**view_args)
           ^^^^^^^^^^^^^^^^^^^^^^^^^^^^^^^^^^^^^^^^^^^^^^^^^^^^^^^^^^^^^^^^^
  File "/home/cuartazona/redes/app/auxiliar.py", line 119, in wrap
    return f(*args, **kwargs)
           ^^^^^^^^^^^^^^^^^^
  File "/home/cuartazona/redes/app/auxiliar.py", line 235, in wrap
    if int(id_tratamiento) in lista_id_tratamientos:
       ^^^^^^^^^^^^^^^^^^^
TypeError: int() argument must be a string, a bytes-like object or a real number, not 'NoneType'
ERROR:app:Exception on /equipos-edar-MEAN [GET]
Traceback (most recent call last):
  File "/home/cuartazona/redes/envRedes/lib/python3.11/site-packages/flask/app.py", line 2190, in wsgi_app
    response = self.full_dispatch_request()
               ^^^^^^^^^^^^^^^^^^^^^^^^^^^^
  File "/home/cuartazona/redes/envRedes/lib/python3.11/site-packages/flask/app.py", line 1486, in full_dispatch_request
    rv = self.handle_user_exception(e)
         ^^^^^^^^^^^^^^^^^^^^^^^^^^^^^
  File "/home/cuartazona/redes/envRedes/lib/python3.11/site-packages/flask/app.py", line 1484, in full_dispatch_request
    rv = self.dispatch_request()
         ^^^^^^^^^^^^^^^^^^^^^^^
  File "/home/cuartazona/redes/envRedes/lib/python3.11/site-packages/flask/app.py", line 1469, in dispatch_request
    return self.ensure_sync(self.view_functions[rule.endpoint])(**view_args)
           ^^^^^^^^^^^^^^^^^^^^^^^^^^^^^^^^^^^^^^^^^^^^^^^^^^^^^^^^^^^^^^^^^
  File "/home/cuartazona/redes/app/auxiliar.py", line 119, in wrap
    return f(*args, **kwargs)
           ^^^^^^^^^^^^^^^^^^
  File "/home/cuartazona/redes/app/auxiliar.py", line 235, in wrap
    if int(id_tratamiento) in lista_id_tratamientos:
       ^^^^^^^^^^^^^^^^^^^
TypeError: int() argument must be a string, a bytes-like object or a real number, not 'NoneType'
ERROR:app:Exception on /_subir_foto_equipo [POST]
Traceback (most recent call last):
  File "/home/cuartazona/redes/envRedes/lib/python3.11/site-packages/flask/app.py", line 2190, in wsgi_app
    response = self.full_dispatch_request()
               ^^^^^^^^^^^^^^^^^^^^^^^^^^^^
  File "/home/cuartazona/redes/envRedes/lib/python3.11/site-packages/flask/app.py", line 1486, in full_dispatch_request
    rv = self.handle_user_exception(e)
         ^^^^^^^^^^^^^^^^^^^^^^^^^^^^^
  File "/home/cuartazona/redes/envRedes/lib/python3.11/site-packages/flask/app.py", line 1484, in full_dispatch_request
    rv = self.dispatch_request()
         ^^^^^^^^^^^^^^^^^^^^^^^
  File "/home/cuartazona/redes/envRedes/lib/python3.11/site-packages/flask/app.py", line 1469, in dispatch_request
    return self.ensure_sync(self.view_functions[rule.endpoint])(**view_args)
           ^^^^^^^^^^^^^^^^^^^^^^^^^^^^^^^^^^^^^^^^^^^^^^^^^^^^^^^^^^^^^^^^^
  File "/home/cuartazona/redes/app/auxiliar.py", line 131, in wrap
    return func(*args, **kwargs)
           ^^^^^^^^^^^^^^^^^^^^^
  File "/home/cuartazona/redes/app/auxiliar.py", line 144, in wrap
    return fn(*args, **kwargs)
           ^^^^^^^^^^^^^^^^^^^
  File "/home/cuartazona/redes/app/auxiliar.py", line 293, in wrap
    return fn(*args, **kwargs)
           ^^^^^^^^^^^^^^^^^^^
  File "/home/cuartazona/redes/app/auditoria.py", line 1022, in _subir_foto_equipo
    if session["id_auditoria"] in auditorias:
       ~~~~~~~^^^^^^^^^^^^^^^^
  File "/home/cuartazona/redes/envRedes/lib/python3.11/site-packages/flask/sessions.py", line 79, in __getitem__
    return super().__getitem__(key)
           ^^^^^^^^^^^^^^^^^^^^^^^^
KeyError: 'id_auditoria'
ERROR:app:Exception on /equipos-edar-UMIA [GET]
Traceback (most recent call last):
  File "/home/cuartazona/redes/envRedes/lib/python3.11/site-packages/flask/app.py", line 2190, in wsgi_app
    response = self.full_dispatch_request()
               ^^^^^^^^^^^^^^^^^^^^^^^^^^^^
  File "/home/cuartazona/redes/envRedes/lib/python3.11/site-packages/flask/app.py", line 1486, in full_dispatch_request
    rv = self.handle_user_exception(e)
         ^^^^^^^^^^^^^^^^^^^^^^^^^^^^^
  File "/home/cuartazona/redes/envRedes/lib/python3.11/site-packages/flask/app.py", line 1484, in full_dispatch_request
    rv = self.dispatch_request()
         ^^^^^^^^^^^^^^^^^^^^^^^
  File "/home/cuartazona/redes/envRedes/lib/python3.11/site-packages/flask/app.py", line 1469, in dispatch_request
    return self.ensure_sync(self.view_functions[rule.endpoint])(**view_args)
           ^^^^^^^^^^^^^^^^^^^^^^^^^^^^^^^^^^^^^^^^^^^^^^^^^^^^^^^^^^^^^^^^^
  File "/home/cuartazona/redes/app/auxiliar.py", line 119, in wrap
    return f(*args, **kwargs)
           ^^^^^^^^^^^^^^^^^^
  File "/home/cuartazona/redes/app/auxiliar.py", line 235, in wrap
    if int(id_tratamiento) in lista_id_tratamientos:
       ^^^^^^^^^^^^^^^^^^^
TypeError: int() argument must be a string, a bytes-like object or a real number, not 'NoneType'
DEBUG:urllib3.connectionpool:Starting new HTTPS connection (1): servizos.meteogalicia.gal:443
DEBUG:urllib3.connectionpool:https://servizos.meteogalicia.gal:443 "GET /apiv4/getTidesInfo?coords=-8.680974871850715,42.4067220219467&startTime=2024-08-26T13:31:08&endTime=2024-08-26T13:31:08&API_KEY=GTTp4hc9KfIWz1aSCg55H64kT98aHi3Ni97nLwD9j8zPwgzQ1min0Bugr7syiGCA%20 HTTP/1.1" 200 3569
DEBUG:urllib3.connectionpool:Starting new HTTPS connection (1): servizos.meteogalicia.gal:443
DEBUG:urllib3.connectionpool:https://servizos.meteogalicia.gal:443 "GET /apiv4/getTidesInfo?coords=-8.680974871850715,42.4067220219467&startTime=2024-08-26T13:31:56&endTime=2024-08-26T13:31:56&API_KEY=GTTp4hc9KfIWz1aSCg55H64kT98aHi3Ni97nLwD9j8zPwgzQ1min0Bugr7syiGCA%20 HTTP/1.1" 200 3569
ERROR:app:Exception on /_nueva_inspeccion_industria [POST]
Traceback (most recent call last):
  File "/home/cuartazona/redes/envRedes/lib/python3.11/site-packages/flask/app.py", line 2190, in wsgi_app
    response = self.full_dispatch_request()
               ^^^^^^^^^^^^^^^^^^^^^^^^^^^^
  File "/home/cuartazona/redes/envRedes/lib/python3.11/site-packages/flask/app.py", line 1486, in full_dispatch_request
    rv = self.handle_user_exception(e)
         ^^^^^^^^^^^^^^^^^^^^^^^^^^^^^
  File "/home/cuartazona/redes/envRedes/lib/python3.11/site-packages/flask/app.py", line 1484, in full_dispatch_request
    rv = self.dispatch_request()
         ^^^^^^^^^^^^^^^^^^^^^^^
  File "/home/cuartazona/redes/envRedes/lib/python3.11/site-packages/flask/app.py", line 1469, in dispatch_request
    return self.ensure_sync(self.view_functions[rule.endpoint])(**view_args)
           ^^^^^^^^^^^^^^^^^^^^^^^^^^^^^^^^^^^^^^^^^^^^^^^^^^^^^^^^^^^^^^^^^
  File "/home/cuartazona/redes/app/auxiliar.py", line 131, in wrap
    return func(*args, **kwargs)
           ^^^^^^^^^^^^^^^^^^^^^
  File "/home/cuartazona/redes/app/auxiliar.py", line 144, in wrap
    return fn(*args, **kwargs)
           ^^^^^^^^^^^^^^^^^^^
  File "/home/cuartazona/redes/app/censo.py", line 1017, in _nueva_inspeccion_ind
    cod_inspeccion = fecha_iso + "_" + sistema + "_" + cod_industria
                     ~~~~~~~~~~~~~~~~~~~~~~~~~~~~~~~~^~~~~~~~~~~~~~~
TypeError: can only concatenate str (not "NoneType") to str
DEBUG:urllib3.connectionpool:Starting new HTTPS connection (1): servizos.meteogalicia.gal:443
DEBUG:urllib3.connectionpool:https://servizos.meteogalicia.gal:443 "GET /apiv4/getTidesInfo?coords=-8.648803947085197,42.84342990494973&startTime=2024-08-28T11:24:36&endTime=2024-08-28T11:24:36&API_KEY=GTTp4hc9KfIWz1aSCg55H64kT98aHi3Ni97nLwD9j8zPwgzQ1min0Bugr7syiGCA%20 HTTP/1.1" 200 3492
DEBUG:urllib3.connectionpool:Starting new HTTPS connection (1): servizos.meteogalicia.gal:443
DEBUG:urllib3.connectionpool:https://servizos.meteogalicia.gal:443 "GET /apiv4/getTidesInfo?coords=-7.621355175749208,43.09254350541321&startTime=2024-08-28T11:34:25&endTime=2024-08-28T11:34:25&API_KEY=GTTp4hc9KfIWz1aSCg55H64kT98aHi3Ni97nLwD9j8zPwgzQ1min0Bugr7syiGCA%20 HTTP/1.1" 200 103
DEBUG:urllib3.connectionpool:Starting new HTTPS connection (1): servizos.meteogalicia.gal:443
DEBUG:urllib3.connectionpool:https://servizos.meteogalicia.gal:443 "GET /apiv4/getTidesInfo?coords=-8.673112512077182,42.71007741180597&startTime=2024-08-28T11:38:34&endTime=2024-08-28T11:38:34&API_KEY=GTTp4hc9KfIWz1aSCg55H64kT98aHi3Ni97nLwD9j8zPwgzQ1min0Bugr7syiGCA%20 HTTP/1.1" 200 3493
DEBUG:urllib3.connectionpool:Starting new HTTPS connection (1): servizos.meteogalicia.gal:443
DEBUG:urllib3.connectionpool:https://servizos.meteogalicia.gal:443 "GET /apiv4/getTidesInfo?coords=-8.897874626405246,42.79270037109131&startTime=2024-08-28T11:51:31&endTime=2024-08-28T11:51:31&API_KEY=GTTp4hc9KfIWz1aSCg55H64kT98aHi3Ni97nLwD9j8zPwgzQ1min0Bugr7syiGCA%20 HTTP/1.1" 200 3484
ERROR:app:Exception on /censo-SALV [GET]
Traceback (most recent call last):
  File "/home/cuartazona/redes/envRedes/lib/python3.11/site-packages/flask/app.py", line 2190, in wsgi_app
    response = self.full_dispatch_request()
               ^^^^^^^^^^^^^^^^^^^^^^^^^^^^
  File "/home/cuartazona/redes/envRedes/lib/python3.11/site-packages/flask/app.py", line 1486, in full_dispatch_request
    rv = self.handle_user_exception(e)
         ^^^^^^^^^^^^^^^^^^^^^^^^^^^^^
  File "/home/cuartazona/redes/envRedes/lib/python3.11/site-packages/flask/app.py", line 1484, in full_dispatch_request
    rv = self.dispatch_request()
         ^^^^^^^^^^^^^^^^^^^^^^^
  File "/home/cuartazona/redes/envRedes/lib/python3.11/site-packages/flask/app.py", line 1469, in dispatch_request
    return self.ensure_sync(self.view_functions[rule.endpoint])(**view_args)
           ^^^^^^^^^^^^^^^^^^^^^^^^^^^^^^^^^^^^^^^^^^^^^^^^^^^^^^^^^^^^^^^^^
  File "/home/cuartazona/redes/app/auxiliar.py", line 120, in wrap
    return f(*args, **kwargs)
           ^^^^^^^^^^^^^^^^^^
  File "/home/cuartazona/redes/app/censo.py", line 52, in censo
    cur.execute(f"SELECT * from doc_normativos WHERE cod_concello LIKE '%{concello['cod_ine']}%' OR cod_concello = 1")
                                                                          ~~~~~~~~^^^^^^^^^^^
TypeError: 'NoneType' object is not subscriptable
ERROR:app:Exception on /censo-SALV-None,WMSlayer,42.09278895952468,-8.503535985946657,17 [GET]
Traceback (most recent call last):
  File "/home/cuartazona/redes/envRedes/lib/python3.11/site-packages/flask/app.py", line 2190, in wsgi_app
    response = self.full_dispatch_request()
               ^^^^^^^^^^^^^^^^^^^^^^^^^^^^
  File "/home/cuartazona/redes/envRedes/lib/python3.11/site-packages/flask/app.py", line 1486, in full_dispatch_request
    rv = self.handle_user_exception(e)
         ^^^^^^^^^^^^^^^^^^^^^^^^^^^^^
  File "/home/cuartazona/redes/envRedes/lib/python3.11/site-packages/flask/app.py", line 1484, in full_dispatch_request
    rv = self.dispatch_request()
         ^^^^^^^^^^^^^^^^^^^^^^^
  File "/home/cuartazona/redes/envRedes/lib/python3.11/site-packages/flask/app.py", line 1469, in dispatch_request
    return self.ensure_sync(self.view_functions[rule.endpoint])(**view_args)
           ^^^^^^^^^^^^^^^^^^^^^^^^^^^^^^^^^^^^^^^^^^^^^^^^^^^^^^^^^^^^^^^^^
  File "/home/cuartazona/redes/app/auxiliar.py", line 120, in wrap
    return f(*args, **kwargs)
           ^^^^^^^^^^^^^^^^^^
  File "/home/cuartazona/redes/app/censo.py", line 52, in censo
    cur.execute(f"SELECT * from doc_normativos WHERE cod_concello LIKE '%{concello['cod_ine']}%' OR cod_concello = 1")
                                                                          ~~~~~~~~^^^^^^^^^^^
TypeError: 'NoneType' object is not subscriptable
ERROR:app:Exception on /censo-SALV-None,WMSlayer,42.09278895952468,-8.503535985946657,17 [GET]
Traceback (most recent call last):
  File "/home/cuartazona/redes/envRedes/lib/python3.11/site-packages/flask/app.py", line 2190, in wsgi_app
    response = self.full_dispatch_request()
               ^^^^^^^^^^^^^^^^^^^^^^^^^^^^
  File "/home/cuartazona/redes/envRedes/lib/python3.11/site-packages/flask/app.py", line 1486, in full_dispatch_request
    rv = self.handle_user_exception(e)
         ^^^^^^^^^^^^^^^^^^^^^^^^^^^^^
  File "/home/cuartazona/redes/envRedes/lib/python3.11/site-packages/flask/app.py", line 1484, in full_dispatch_request
    rv = self.dispatch_request()
         ^^^^^^^^^^^^^^^^^^^^^^^
  File "/home/cuartazona/redes/envRedes/lib/python3.11/site-packages/flask/app.py", line 1469, in dispatch_request
    return self.ensure_sync(self.view_functions[rule.endpoint])(**view_args)
           ^^^^^^^^^^^^^^^^^^^^^^^^^^^^^^^^^^^^^^^^^^^^^^^^^^^^^^^^^^^^^^^^^
  File "/home/cuartazona/redes/app/auxiliar.py", line 120, in wrap
    return f(*args, **kwargs)
           ^^^^^^^^^^^^^^^^^^
  File "/home/cuartazona/redes/app/censo.py", line 52, in censo
    cur.execute(f"SELECT * from doc_normativos WHERE cod_concello LIKE '%{concello['cod_ine']}%' OR cod_concello = 1")
                                                                          ~~~~~~~~^^^^^^^^^^^
TypeError: 'NoneType' object is not subscriptable
ERROR:app:Exception on /censo-SALV [GET]
Traceback (most recent call last):
  File "/home/cuartazona/redes/envRedes/lib/python3.11/site-packages/flask/app.py", line 2190, in wsgi_app
    response = self.full_dispatch_request()
               ^^^^^^^^^^^^^^^^^^^^^^^^^^^^
  File "/home/cuartazona/redes/envRedes/lib/python3.11/site-packages/flask/app.py", line 1486, in full_dispatch_request
    rv = self.handle_user_exception(e)
         ^^^^^^^^^^^^^^^^^^^^^^^^^^^^^
  File "/home/cuartazona/redes/envRedes/lib/python3.11/site-packages/flask/app.py", line 1484, in full_dispatch_request
    rv = self.dispatch_request()
         ^^^^^^^^^^^^^^^^^^^^^^^
  File "/home/cuartazona/redes/envRedes/lib/python3.11/site-packages/flask/app.py", line 1469, in dispatch_request
    return self.ensure_sync(self.view_functions[rule.endpoint])(**view_args)
           ^^^^^^^^^^^^^^^^^^^^^^^^^^^^^^^^^^^^^^^^^^^^^^^^^^^^^^^^^^^^^^^^^
  File "/home/cuartazona/redes/app/auxiliar.py", line 120, in wrap
    return f(*args, **kwargs)
           ^^^^^^^^^^^^^^^^^^
  File "/home/cuartazona/redes/app/censo.py", line 52, in censo
    cur.execute(f"SELECT * from doc_normativos WHERE cod_concello LIKE '%{concello['cod_ine']}%' OR cod_concello = 1")
                                                                          ~~~~~~~~^^^^^^^^^^^
TypeError: 'NoneType' object is not subscriptable
ERROR:app:Exception on /censo-SALV-None,WMSlayer,42.09278895952468,-8.503535985946657,17 [GET]
Traceback (most recent call last):
  File "/home/cuartazona/redes/envRedes/lib/python3.11/site-packages/flask/app.py", line 2190, in wsgi_app
    response = self.full_dispatch_request()
               ^^^^^^^^^^^^^^^^^^^^^^^^^^^^
  File "/home/cuartazona/redes/envRedes/lib/python3.11/site-packages/flask/app.py", line 1486, in full_dispatch_request
    rv = self.handle_user_exception(e)
         ^^^^^^^^^^^^^^^^^^^^^^^^^^^^^
  File "/home/cuartazona/redes/envRedes/lib/python3.11/site-packages/flask/app.py", line 1484, in full_dispatch_request
    rv = self.dispatch_request()
         ^^^^^^^^^^^^^^^^^^^^^^^
  File "/home/cuartazona/redes/envRedes/lib/python3.11/site-packages/flask/app.py", line 1469, in dispatch_request
    return self.ensure_sync(self.view_functions[rule.endpoint])(**view_args)
           ^^^^^^^^^^^^^^^^^^^^^^^^^^^^^^^^^^^^^^^^^^^^^^^^^^^^^^^^^^^^^^^^^
  File "/home/cuartazona/redes/app/auxiliar.py", line 120, in wrap
    return f(*args, **kwargs)
           ^^^^^^^^^^^^^^^^^^
  File "/home/cuartazona/redes/app/censo.py", line 52, in censo
    cur.execute(f"SELECT * from doc_normativos WHERE cod_concello LIKE '%{concello['cod_ine']}%' OR cod_concello = 1")
                                                                          ~~~~~~~~^^^^^^^^^^^
TypeError: 'NoneType' object is not subscriptable
ERROR:app:Exception on /censo-SALV [GET]
Traceback (most recent call last):
  File "/home/cuartazona/redes/envRedes/lib/python3.11/site-packages/flask/app.py", line 2190, in wsgi_app
    response = self.full_dispatch_request()
               ^^^^^^^^^^^^^^^^^^^^^^^^^^^^
  File "/home/cuartazona/redes/envRedes/lib/python3.11/site-packages/flask/app.py", line 1486, in full_dispatch_request
    rv = self.handle_user_exception(e)
         ^^^^^^^^^^^^^^^^^^^^^^^^^^^^^
  File "/home/cuartazona/redes/envRedes/lib/python3.11/site-packages/flask/app.py", line 1484, in full_dispatch_request
    rv = self.dispatch_request()
         ^^^^^^^^^^^^^^^^^^^^^^^
  File "/home/cuartazona/redes/envRedes/lib/python3.11/site-packages/flask/app.py", line 1469, in dispatch_request
    return self.ensure_sync(self.view_functions[rule.endpoint])(**view_args)
           ^^^^^^^^^^^^^^^^^^^^^^^^^^^^^^^^^^^^^^^^^^^^^^^^^^^^^^^^^^^^^^^^^
  File "/home/cuartazona/redes/app/auxiliar.py", line 120, in wrap
    return f(*args, **kwargs)
           ^^^^^^^^^^^^^^^^^^
  File "/home/cuartazona/redes/app/censo.py", line 52, in censo
    cur.execute(f"SELECT * from doc_normativos WHERE cod_concello LIKE '%{concello['cod_ine']}%' OR cod_concello = 1")
                                                                          ~~~~~~~~^^^^^^^^^^^
TypeError: 'NoneType' object is not subscriptable
ERROR:app:Exception on /censo-sSALV [GET]
Traceback (most recent call last):
  File "/home/cuartazona/redes/envRedes/lib/python3.11/site-packages/flask/app.py", line 2190, in wsgi_app
    response = self.full_dispatch_request()
               ^^^^^^^^^^^^^^^^^^^^^^^^^^^^
  File "/home/cuartazona/redes/envRedes/lib/python3.11/site-packages/flask/app.py", line 1486, in full_dispatch_request
    rv = self.handle_user_exception(e)
         ^^^^^^^^^^^^^^^^^^^^^^^^^^^^^
  File "/home/cuartazona/redes/envRedes/lib/python3.11/site-packages/flask/app.py", line 1484, in full_dispatch_request
    rv = self.dispatch_request()
         ^^^^^^^^^^^^^^^^^^^^^^^
  File "/home/cuartazona/redes/envRedes/lib/python3.11/site-packages/flask/app.py", line 1469, in dispatch_request
    return self.ensure_sync(self.view_functions[rule.endpoint])(**view_args)
           ^^^^^^^^^^^^^^^^^^^^^^^^^^^^^^^^^^^^^^^^^^^^^^^^^^^^^^^^^^^^^^^^^
  File "/home/cuartazona/redes/app/auxiliar.py", line 120, in wrap
    return f(*args, **kwargs)
           ^^^^^^^^^^^^^^^^^^
  File "/home/cuartazona/redes/app/censo.py", line 52, in censo
    cur.execute(f"SELECT * from doc_normativos WHERE cod_concello LIKE '%{concello['cod_ine']}%' OR cod_concello = 1")
                                                                          ~~~~~~~~^^^^^^^^^^^
TypeError: 'NoneType' object is not subscriptable
ERROR:app:Exception on /censo-SALV [GET]
Traceback (most recent call last):
  File "/home/cuartazona/redes/envRedes/lib/python3.11/site-packages/flask/app.py", line 2190, in wsgi_app
    response = self.full_dispatch_request()
               ^^^^^^^^^^^^^^^^^^^^^^^^^^^^
  File "/home/cuartazona/redes/envRedes/lib/python3.11/site-packages/flask/app.py", line 1486, in full_dispatch_request
    rv = self.handle_user_exception(e)
         ^^^^^^^^^^^^^^^^^^^^^^^^^^^^^
  File "/home/cuartazona/redes/envRedes/lib/python3.11/site-packages/flask/app.py", line 1484, in full_dispatch_request
    rv = self.dispatch_request()
         ^^^^^^^^^^^^^^^^^^^^^^^
  File "/home/cuartazona/redes/envRedes/lib/python3.11/site-packages/flask/app.py", line 1469, in dispatch_request
    return self.ensure_sync(self.view_functions[rule.endpoint])(**view_args)
           ^^^^^^^^^^^^^^^^^^^^^^^^^^^^^^^^^^^^^^^^^^^^^^^^^^^^^^^^^^^^^^^^^
  File "/home/cuartazona/redes/app/auxiliar.py", line 120, in wrap
    return f(*args, **kwargs)
           ^^^^^^^^^^^^^^^^^^
  File "/home/cuartazona/redes/app/censo.py", line 52, in censo
    cur.execute(f"SELECT * from doc_normativos WHERE cod_concello LIKE '%{concello['cod_ine']}%' OR cod_concello = 1")
                                                                          ~~~~~~~~^^^^^^^^^^^
TypeError: 'NoneType' object is not subscriptable
ERROR:app:Exception on /censo-sSALV [GET]
Traceback (most recent call last):
  File "/home/cuartazona/redes/envRedes/lib/python3.11/site-packages/flask/app.py", line 2190, in wsgi_app
    response = self.full_dispatch_request()
               ^^^^^^^^^^^^^^^^^^^^^^^^^^^^
  File "/home/cuartazona/redes/envRedes/lib/python3.11/site-packages/flask/app.py", line 1486, in full_dispatch_request
    rv = self.handle_user_exception(e)
         ^^^^^^^^^^^^^^^^^^^^^^^^^^^^^
  File "/home/cuartazona/redes/envRedes/lib/python3.11/site-packages/flask/app.py", line 1484, in full_dispatch_request
    rv = self.dispatch_request()
         ^^^^^^^^^^^^^^^^^^^^^^^
  File "/home/cuartazona/redes/envRedes/lib/python3.11/site-packages/flask/app.py", line 1469, in dispatch_request
    return self.ensure_sync(self.view_functions[rule.endpoint])(**view_args)
           ^^^^^^^^^^^^^^^^^^^^^^^^^^^^^^^^^^^^^^^^^^^^^^^^^^^^^^^^^^^^^^^^^
  File "/home/cuartazona/redes/app/auxiliar.py", line 120, in wrap
    return f(*args, **kwargs)
           ^^^^^^^^^^^^^^^^^^
  File "/home/cuartazona/redes/app/censo.py", line 52, in censo
    cur.execute(f"SELECT * from doc_normativos WHERE cod_concello LIKE '%{concello['cod_ine']}%' OR cod_concello = 1")
                                                                          ~~~~~~~~^^^^^^^^^^^
TypeError: 'NoneType' object is not subscriptable
ERROR:app:Exception on /descargar_verificacion-289 [GET]
Traceback (most recent call last):
  File "/home/cuartazona/redes/envRedes/lib/python3.11/site-packages/flask/app.py", line 2190, in wsgi_app
    response = self.full_dispatch_request()
               ^^^^^^^^^^^^^^^^^^^^^^^^^^^^
  File "/home/cuartazona/redes/envRedes/lib/python3.11/site-packages/flask/app.py", line 1486, in full_dispatch_request
    rv = self.handle_user_exception(e)
         ^^^^^^^^^^^^^^^^^^^^^^^^^^^^^
  File "/home/cuartazona/redes/envRedes/lib/python3.11/site-packages/flask/app.py", line 1484, in full_dispatch_request
    rv = self.dispatch_request()
         ^^^^^^^^^^^^^^^^^^^^^^^
  File "/home/cuartazona/redes/envRedes/lib/python3.11/site-packages/flask/app.py", line 1469, in dispatch_request
    return self.ensure_sync(self.view_functions[rule.endpoint])(**view_args)
           ^^^^^^^^^^^^^^^^^^^^^^^^^^^^^^^^^^^^^^^^^^^^^^^^^^^^^^^^^^^^^^^^^
  File "/home/cuartazona/redes/app/auxiliar.py", line 132, in wrap
    return func(*args, **kwargs)
           ^^^^^^^^^^^^^^^^^^^^^
  File "/home/cuartazona/redes/app/verificacion.py", line 64, in descargar_verificacion
    return send_file("static_p/verificaciones/" + archivo)
           ^^^^^^^^^^^^^^^^^^^^^^^^^^^^^^^^^^^^^^^^^^^^^^^
  File "/home/cuartazona/redes/envRedes/lib/python3.11/site-packages/flask/helpers.py", line 504, in send_file
    return werkzeug.utils.send_file(  # type: ignore[return-value]
           ^^^^^^^^^^^^^^^^^^^^^^^^^^^^^^^^^^^^^^^^^^^^^^^^^^^^^^^
  File "/home/cuartazona/redes/envRedes/lib/python3.11/site-packages/werkzeug/utils.py", line 427, in send_file
    stat = os.stat(path)
           ^^^^^^^^^^^^^
FileNotFoundError: [Errno 2] No such file or directory: '/home/cuartazona/redes/app/static_p/verificaciones/20240625_S07_v289.html'
ERROR:app:Exception on /descargar_verificacion-289 [GET]
Traceback (most recent call last):
  File "/home/cuartazona/redes/envRedes/lib/python3.11/site-packages/flask/app.py", line 2190, in wsgi_app
    response = self.full_dispatch_request()
               ^^^^^^^^^^^^^^^^^^^^^^^^^^^^
  File "/home/cuartazona/redes/envRedes/lib/python3.11/site-packages/flask/app.py", line 1486, in full_dispatch_request
    rv = self.handle_user_exception(e)
         ^^^^^^^^^^^^^^^^^^^^^^^^^^^^^
  File "/home/cuartazona/redes/envRedes/lib/python3.11/site-packages/flask/app.py", line 1484, in full_dispatch_request
    rv = self.dispatch_request()
         ^^^^^^^^^^^^^^^^^^^^^^^
  File "/home/cuartazona/redes/envRedes/lib/python3.11/site-packages/flask/app.py", line 1469, in dispatch_request
    return self.ensure_sync(self.view_functions[rule.endpoint])(**view_args)
           ^^^^^^^^^^^^^^^^^^^^^^^^^^^^^^^^^^^^^^^^^^^^^^^^^^^^^^^^^^^^^^^^^
  File "/home/cuartazona/redes/app/auxiliar.py", line 132, in wrap
    return func(*args, **kwargs)
           ^^^^^^^^^^^^^^^^^^^^^
  File "/home/cuartazona/redes/app/verificacion.py", line 64, in descargar_verificacion
    return send_file("static_p/verificaciones/" + archivo)
           ^^^^^^^^^^^^^^^^^^^^^^^^^^^^^^^^^^^^^^^^^^^^^^^
  File "/home/cuartazona/redes/envRedes/lib/python3.11/site-packages/flask/helpers.py", line 504, in send_file
    return werkzeug.utils.send_file(  # type: ignore[return-value]
           ^^^^^^^^^^^^^^^^^^^^^^^^^^^^^^^^^^^^^^^^^^^^^^^^^^^^^^^
  File "/home/cuartazona/redes/envRedes/lib/python3.11/site-packages/werkzeug/utils.py", line 427, in send_file
    stat = os.stat(path)
           ^^^^^^^^^^^^^
FileNotFoundError: [Errno 2] No such file or directory: '/home/cuartazona/redes/app/static_p/verificaciones/20240625_S07_v289.html'
ERROR:app:Exception on /descargar_verificacion-289 [GET]
Traceback (most recent call last):
  File "/home/cuartazona/redes/envRedes/lib/python3.11/site-packages/flask/app.py", line 2190, in wsgi_app
    response = self.full_dispatch_request()
               ^^^^^^^^^^^^^^^^^^^^^^^^^^^^
  File "/home/cuartazona/redes/envRedes/lib/python3.11/site-packages/flask/app.py", line 1486, in full_dispatch_request
    rv = self.handle_user_exception(e)
         ^^^^^^^^^^^^^^^^^^^^^^^^^^^^^
  File "/home/cuartazona/redes/envRedes/lib/python3.11/site-packages/flask/app.py", line 1484, in full_dispatch_request
    rv = self.dispatch_request()
         ^^^^^^^^^^^^^^^^^^^^^^^
  File "/home/cuartazona/redes/envRedes/lib/python3.11/site-packages/flask/app.py", line 1469, in dispatch_request
    return self.ensure_sync(self.view_functions[rule.endpoint])(**view_args)
           ^^^^^^^^^^^^^^^^^^^^^^^^^^^^^^^^^^^^^^^^^^^^^^^^^^^^^^^^^^^^^^^^^
  File "/home/cuartazona/redes/app/auxiliar.py", line 132, in wrap
    return func(*args, **kwargs)
           ^^^^^^^^^^^^^^^^^^^^^
  File "/home/cuartazona/redes/app/verificacion.py", line 64, in descargar_verificacion
    return send_file("static_p/verificaciones/" + archivo)
           ^^^^^^^^^^^^^^^^^^^^^^^^^^^^^^^^^^^^^^^^^^^^^^^
  File "/home/cuartazona/redes/envRedes/lib/python3.11/site-packages/flask/helpers.py", line 504, in send_file
    return werkzeug.utils.send_file(  # type: ignore[return-value]
           ^^^^^^^^^^^^^^^^^^^^^^^^^^^^^^^^^^^^^^^^^^^^^^^^^^^^^^^
  File "/home/cuartazona/redes/envRedes/lib/python3.11/site-packages/werkzeug/utils.py", line 427, in send_file
    stat = os.stat(path)
           ^^^^^^^^^^^^^
FileNotFoundError: [Errno 2] No such file or directory: '/home/cuartazona/redes/app/static_p/verificaciones/20240625_S07_v289.html'
ERROR:app:Exception on /descargar_verificacion-290 [GET]
Traceback (most recent call last):
  File "/home/cuartazona/redes/envRedes/lib/python3.11/site-packages/flask/app.py", line 2190, in wsgi_app
    response = self.full_dispatch_request()
               ^^^^^^^^^^^^^^^^^^^^^^^^^^^^
  File "/home/cuartazona/redes/envRedes/lib/python3.11/site-packages/flask/app.py", line 1486, in full_dispatch_request
    rv = self.handle_user_exception(e)
         ^^^^^^^^^^^^^^^^^^^^^^^^^^^^^
  File "/home/cuartazona/redes/envRedes/lib/python3.11/site-packages/flask/app.py", line 1484, in full_dispatch_request
    rv = self.dispatch_request()
         ^^^^^^^^^^^^^^^^^^^^^^^
  File "/home/cuartazona/redes/envRedes/lib/python3.11/site-packages/flask/app.py", line 1469, in dispatch_request
    return self.ensure_sync(self.view_functions[rule.endpoint])(**view_args)
           ^^^^^^^^^^^^^^^^^^^^^^^^^^^^^^^^^^^^^^^^^^^^^^^^^^^^^^^^^^^^^^^^^
  File "/home/cuartazona/redes/app/auxiliar.py", line 132, in wrap
    return func(*args, **kwargs)
           ^^^^^^^^^^^^^^^^^^^^^
  File "/home/cuartazona/redes/app/verificacion.py", line 64, in descargar_verificacion
    return send_file("static_p/verificaciones/" + archivo)
           ^^^^^^^^^^^^^^^^^^^^^^^^^^^^^^^^^^^^^^^^^^^^^^^
  File "/home/cuartazona/redes/envRedes/lib/python3.11/site-packages/flask/helpers.py", line 504, in send_file
    return werkzeug.utils.send_file(  # type: ignore[return-value]
           ^^^^^^^^^^^^^^^^^^^^^^^^^^^^^^^^^^^^^^^^^^^^^^^^^^^^^^^
  File "/home/cuartazona/redes/envRedes/lib/python3.11/site-packages/werkzeug/utils.py", line 427, in send_file
    stat = os.stat(path)
           ^^^^^^^^^^^^^
FileNotFoundError: [Errno 2] No such file or directory: '/home/cuartazona/redes/app/static_p/verificaciones/20240625_S07_v290.html'
DEBUG:PIL.PngImagePlugin:STREAM b'IHDR' 16 13
DEBUG:PIL.PngImagePlugin:STREAM b'IDAT' 41 8192
DEBUG:PIL.PngImagePlugin:STREAM b'IHDR' 16 13
DEBUG:PIL.PngImagePlugin:STREAM b'IDAT' 41 8192
DEBUG:urllib3.connectionpool:Starting new HTTPS connection (1): servizos.meteogalicia.gal:443
DEBUG:urllib3.connectionpool:https://servizos.meteogalicia.gal:443 "GET /apiv4/getTidesInfo?coords=-8.897874626405246,42.79270037109131&startTime=2024-09-03T14:17:02&endTime=2024-09-03T14:17:02&API_KEY=GTTp4hc9KfIWz1aSCg55H64kT98aHi3Ni97nLwD9j8zPwgzQ1min0Bugr7syiGCA%20 HTTP/1.1" 200 3574
DEBUG:urllib3.connectionpool:Starting new HTTPS connection (1): servizos.meteogalicia.gal:443
DEBUG:urllib3.connectionpool:https://servizos.meteogalicia.gal:443 "GET /apiv4/getTidesInfo?coords=-8.897874626405246,42.79270037109131&startTime=2024-09-03T14:17:16&endTime=2024-09-03T14:17:16&API_KEY=GTTp4hc9KfIWz1aSCg55H64kT98aHi3Ni97nLwD9j8zPwgzQ1min0Bugr7syiGCA%20 HTTP/1.1" 200 3574
DEBUG:urllib3.connectionpool:Starting new HTTPS connection (1): servizos.meteogalicia.gal:443
DEBUG:urllib3.connectionpool:https://servizos.meteogalicia.gal:443 "GET /apiv4/getTidesInfo?coords=-8.39006933067882,42.092351875310094&startTime=2024-09-03T14:17:26&endTime=2024-09-03T14:17:26&API_KEY=GTTp4hc9KfIWz1aSCg55H64kT98aHi3Ni97nLwD9j8zPwgzQ1min0Bugr7syiGCA%20 HTTP/1.1" 200 3568
DEBUG:urllib3.connectionpool:Starting new HTTPS connection (1): servizos.meteogalicia.gal:443
DEBUG:urllib3.connectionpool:https://servizos.meteogalicia.gal:443 "GET /apiv4/getTidesInfo?coords=-8.39006933067882,42.092351875310094&startTime=2024-09-03T14:18:05&endTime=2024-09-03T14:18:05&API_KEY=GTTp4hc9KfIWz1aSCg55H64kT98aHi3Ni97nLwD9j8zPwgzQ1min0Bugr7syiGCA%20 HTTP/1.1" 200 3568
DEBUG:PIL.PngImagePlugin:STREAM b'IHDR' 16 13
DEBUG:PIL.PngImagePlugin:STREAM b'IDAT' 41 8192
ERROR:app:Exception on /equipos-edar-ILLA [GET]
Traceback (most recent call last):
  File "/home/cuartazona/redes/envRedes/lib/python3.11/site-packages/flask/app.py", line 2190, in wsgi_app
    response = self.full_dispatch_request()
               ^^^^^^^^^^^^^^^^^^^^^^^^^^^^
  File "/home/cuartazona/redes/envRedes/lib/python3.11/site-packages/flask/app.py", line 1486, in full_dispatch_request
    rv = self.handle_user_exception(e)
         ^^^^^^^^^^^^^^^^^^^^^^^^^^^^^
  File "/home/cuartazona/redes/envRedes/lib/python3.11/site-packages/flask/app.py", line 1484, in full_dispatch_request
    rv = self.dispatch_request()
         ^^^^^^^^^^^^^^^^^^^^^^^
  File "/home/cuartazona/redes/envRedes/lib/python3.11/site-packages/flask/app.py", line 1469, in dispatch_request
    return self.ensure_sync(self.view_functions[rule.endpoint])(**view_args)
           ^^^^^^^^^^^^^^^^^^^^^^^^^^^^^^^^^^^^^^^^^^^^^^^^^^^^^^^^^^^^^^^^^
  File "/home/cuartazona/redes/app/auxiliar.py", line 120, in wrap
    return f(*args, **kwargs)
           ^^^^^^^^^^^^^^^^^^
  File "/home/cuartazona/redes/app/auxiliar.py", line 236, in wrap
    if int(id_tratamiento) in lista_id_tratamientos:
       ^^^^^^^^^^^^^^^^^^^
TypeError: int() argument must be a string, a bytes-like object or a real number, not 'NoneType'
ERROR:app:Exception on /equipos-edar-ILLA [GET]
Traceback (most recent call last):
  File "/home/cuartazona/redes/envRedes/lib/python3.11/site-packages/flask/app.py", line 2190, in wsgi_app
    response = self.full_dispatch_request()
               ^^^^^^^^^^^^^^^^^^^^^^^^^^^^
  File "/home/cuartazona/redes/envRedes/lib/python3.11/site-packages/flask/app.py", line 1486, in full_dispatch_request
    rv = self.handle_user_exception(e)
         ^^^^^^^^^^^^^^^^^^^^^^^^^^^^^
  File "/home/cuartazona/redes/envRedes/lib/python3.11/site-packages/flask/app.py", line 1484, in full_dispatch_request
    rv = self.dispatch_request()
         ^^^^^^^^^^^^^^^^^^^^^^^
  File "/home/cuartazona/redes/envRedes/lib/python3.11/site-packages/flask/app.py", line 1469, in dispatch_request
    return self.ensure_sync(self.view_functions[rule.endpoint])(**view_args)
           ^^^^^^^^^^^^^^^^^^^^^^^^^^^^^^^^^^^^^^^^^^^^^^^^^^^^^^^^^^^^^^^^^
  File "/home/cuartazona/redes/app/auxiliar.py", line 120, in wrap
    return f(*args, **kwargs)
           ^^^^^^^^^^^^^^^^^^
  File "/home/cuartazona/redes/app/auxiliar.py", line 236, in wrap
    if int(id_tratamiento) in lista_id_tratamientos:
       ^^^^^^^^^^^^^^^^^^^
TypeError: int() argument must be a string, a bytes-like object or a real number, not 'NoneType'
ERROR:app:Exception on /censo-SALV [GET]
Traceback (most recent call last):
  File "/home/cuartazona/redes/envRedes/lib/python3.11/site-packages/flask/app.py", line 2190, in wsgi_app
    response = self.full_dispatch_request()
               ^^^^^^^^^^^^^^^^^^^^^^^^^^^^
  File "/home/cuartazona/redes/envRedes/lib/python3.11/site-packages/flask/app.py", line 1486, in full_dispatch_request
    rv = self.handle_user_exception(e)
         ^^^^^^^^^^^^^^^^^^^^^^^^^^^^^
  File "/home/cuartazona/redes/envRedes/lib/python3.11/site-packages/flask/app.py", line 1484, in full_dispatch_request
    rv = self.dispatch_request()
         ^^^^^^^^^^^^^^^^^^^^^^^
  File "/home/cuartazona/redes/envRedes/lib/python3.11/site-packages/flask/app.py", line 1469, in dispatch_request
    return self.ensure_sync(self.view_functions[rule.endpoint])(**view_args)
           ^^^^^^^^^^^^^^^^^^^^^^^^^^^^^^^^^^^^^^^^^^^^^^^^^^^^^^^^^^^^^^^^^
  File "/home/cuartazona/redes/app/auxiliar.py", line 120, in wrap
    return f(*args, **kwargs)
           ^^^^^^^^^^^^^^^^^^
  File "/home/cuartazona/redes/app/censo.py", line 52, in censo
    cur.execute(f"SELECT * from doc_normativos WHERE cod_concello LIKE '%{concello['cod_ine']}%' OR cod_concello = 1")
                                                                          ~~~~~~~~^^^^^^^^^^^
TypeError: 'NoneType' object is not subscriptable
ERROR:app:Exception on /censo-CLEA-no,OpenStreetMap,43.180521184102524,-7.49645233154297,12 [GET]
Traceback (most recent call last):
  File "/home/cuartazona/redes/envRedes/lib/python3.11/site-packages/flask/app.py", line 2190, in wsgi_app
    response = self.full_dispatch_request()
               ^^^^^^^^^^^^^^^^^^^^^^^^^^^^
  File "/home/cuartazona/redes/envRedes/lib/python3.11/site-packages/flask/app.py", line 1486, in full_dispatch_request
    rv = self.handle_user_exception(e)
         ^^^^^^^^^^^^^^^^^^^^^^^^^^^^^
  File "/home/cuartazona/redes/envRedes/lib/python3.11/site-packages/flask/app.py", line 1484, in full_dispatch_request
    rv = self.dispatch_request()
         ^^^^^^^^^^^^^^^^^^^^^^^
  File "/home/cuartazona/redes/envRedes/lib/python3.11/site-packages/flask/app.py", line 1469, in dispatch_request
    return self.ensure_sync(self.view_functions[rule.endpoint])(**view_args)
           ^^^^^^^^^^^^^^^^^^^^^^^^^^^^^^^^^^^^^^^^^^^^^^^^^^^^^^^^^^^^^^^^^
  File "/home/cuartazona/redes/app/auxiliar.py", line 120, in wrap
    return f(*args, **kwargs)
           ^^^^^^^^^^^^^^^^^^
  File "/home/cuartazona/redes/app/censo.py", line 52, in censo
    cur.execute(f"SELECT * from doc_normativos WHERE cod_concello LIKE '%{concello['cod_ine']}%' OR cod_concello = 1")
                                                                          ~~~~~~~~^^^^^^^^^^^
TypeError: 'NoneType' object is not subscriptable
ERROR:app:Exception on /censo-CLEA [GET]
Traceback (most recent call last):
  File "/home/cuartazona/redes/envRedes/lib/python3.11/site-packages/flask/app.py", line 2190, in wsgi_app
    response = self.full_dispatch_request()
               ^^^^^^^^^^^^^^^^^^^^^^^^^^^^
  File "/home/cuartazona/redes/envRedes/lib/python3.11/site-packages/flask/app.py", line 1486, in full_dispatch_request
    rv = self.handle_user_exception(e)
         ^^^^^^^^^^^^^^^^^^^^^^^^^^^^^
  File "/home/cuartazona/redes/envRedes/lib/python3.11/site-packages/flask/app.py", line 1484, in full_dispatch_request
    rv = self.dispatch_request()
         ^^^^^^^^^^^^^^^^^^^^^^^
  File "/home/cuartazona/redes/envRedes/lib/python3.11/site-packages/flask/app.py", line 1469, in dispatch_request
    return self.ensure_sync(self.view_functions[rule.endpoint])(**view_args)
           ^^^^^^^^^^^^^^^^^^^^^^^^^^^^^^^^^^^^^^^^^^^^^^^^^^^^^^^^^^^^^^^^^
  File "/home/cuartazona/redes/app/auxiliar.py", line 120, in wrap
    return f(*args, **kwargs)
           ^^^^^^^^^^^^^^^^^^
  File "/home/cuartazona/redes/app/censo.py", line 52, in censo
    cur.execute(f"SELECT * from doc_normativos WHERE cod_concello LIKE '%{concello['cod_ine']}%' OR cod_concello = 1")
                                                                          ~~~~~~~~^^^^^^^^^^^
TypeError: 'NoneType' object is not subscriptable
DEBUG:urllib3.connectionpool:Starting new HTTPS connection (1): servizos.meteogalicia.gal:443
DEBUG:urllib3.connectionpool:https://servizos.meteogalicia.gal:443 "GET /apiv4/getTidesInfo?coords=-8.525473679510286,42.8321608059451&startTime=2024-09-09T19:09:24&endTime=2024-09-09T19:09:24&API_KEY=GTTp4hc9KfIWz1aSCg55H64kT98aHi3Ni97nLwD9j8zPwgzQ1min0Bugr7syiGCA%20 HTTP/1.1" 200 3573
ERROR:app:Exception on /censo-MOS0 [GET]
Traceback (most recent call last):
  File "/home/cuartazona/redes/envRedes/lib/python3.11/site-packages/flask/app.py", line 2190, in wsgi_app
    response = self.full_dispatch_request()
               ^^^^^^^^^^^^^^^^^^^^^^^^^^^^
  File "/home/cuartazona/redes/envRedes/lib/python3.11/site-packages/flask/app.py", line 1486, in full_dispatch_request
    rv = self.handle_user_exception(e)
         ^^^^^^^^^^^^^^^^^^^^^^^^^^^^^
  File "/home/cuartazona/redes/envRedes/lib/python3.11/site-packages/flask/app.py", line 1484, in full_dispatch_request
    rv = self.dispatch_request()
         ^^^^^^^^^^^^^^^^^^^^^^^
  File "/home/cuartazona/redes/envRedes/lib/python3.11/site-packages/flask/app.py", line 1469, in dispatch_request
    return self.ensure_sync(self.view_functions[rule.endpoint])(**view_args)
           ^^^^^^^^^^^^^^^^^^^^^^^^^^^^^^^^^^^^^^^^^^^^^^^^^^^^^^^^^^^^^^^^^
  File "/home/cuartazona/redes/app/auxiliar.py", line 120, in wrap
    return f(*args, **kwargs)
           ^^^^^^^^^^^^^^^^^^
  File "/home/cuartazona/redes/app/censo.py", line 52, in censo
    cur.execute(f"SELECT * from doc_normativos WHERE cod_concello LIKE '%{concello['cod_ine']}%' OR cod_concello = 1")
                                                                          ~~~~~~~~^^^^^^^^^^^
TypeError: 'NoneType' object is not subscriptable
ERROR:app:Exception on /censo-NEGA [GET]
Traceback (most recent call last):
  File "/home/cuartazona/redes/envRedes/lib/python3.11/site-packages/flask/app.py", line 2190, in wsgi_app
    response = self.full_dispatch_request()
               ^^^^^^^^^^^^^^^^^^^^^^^^^^^^
  File "/home/cuartazona/redes/envRedes/lib/python3.11/site-packages/flask/app.py", line 1486, in full_dispatch_request
    rv = self.handle_user_exception(e)
         ^^^^^^^^^^^^^^^^^^^^^^^^^^^^^
  File "/home/cuartazona/redes/envRedes/lib/python3.11/site-packages/flask/app.py", line 1484, in full_dispatch_request
    rv = self.dispatch_request()
         ^^^^^^^^^^^^^^^^^^^^^^^
  File "/home/cuartazona/redes/envRedes/lib/python3.11/site-packages/flask/app.py", line 1469, in dispatch_request
    return self.ensure_sync(self.view_functions[rule.endpoint])(**view_args)
           ^^^^^^^^^^^^^^^^^^^^^^^^^^^^^^^^^^^^^^^^^^^^^^^^^^^^^^^^^^^^^^^^^
  File "/home/cuartazona/redes/app/auxiliar.py", line 120, in wrap
    return f(*args, **kwargs)
           ^^^^^^^^^^^^^^^^^^
  File "/home/cuartazona/redes/app/censo.py", line 52, in censo
    cur.execute(f"SELECT * from doc_normativos WHERE cod_concello LIKE '%{concello['cod_ine']}%' OR cod_concello = 1")
                                                                          ~~~~~~~~^^^^^^^^^^^
TypeError: 'NoneType' object is not subscriptable
ERROR:app:Exception on /censo-OPOR [GET]
Traceback (most recent call last):
  File "/home/cuartazona/redes/envRedes/lib/python3.11/site-packages/flask/app.py", line 2190, in wsgi_app
    response = self.full_dispatch_request()
               ^^^^^^^^^^^^^^^^^^^^^^^^^^^^
  File "/home/cuartazona/redes/envRedes/lib/python3.11/site-packages/flask/app.py", line 1486, in full_dispatch_request
    rv = self.handle_user_exception(e)
         ^^^^^^^^^^^^^^^^^^^^^^^^^^^^^
  File "/home/cuartazona/redes/envRedes/lib/python3.11/site-packages/flask/app.py", line 1484, in full_dispatch_request
    rv = self.dispatch_request()
         ^^^^^^^^^^^^^^^^^^^^^^^
  File "/home/cuartazona/redes/envRedes/lib/python3.11/site-packages/flask/app.py", line 1469, in dispatch_request
    return self.ensure_sync(self.view_functions[rule.endpoint])(**view_args)
           ^^^^^^^^^^^^^^^^^^^^^^^^^^^^^^^^^^^^^^^^^^^^^^^^^^^^^^^^^^^^^^^^^
  File "/home/cuartazona/redes/app/auxiliar.py", line 120, in wrap
    return f(*args, **kwargs)
           ^^^^^^^^^^^^^^^^^^
  File "/home/cuartazona/redes/app/censo.py", line 52, in censo
    cur.execute(f"SELECT * from doc_normativos WHERE cod_concello LIKE '%{concello['cod_ine']}%' OR cod_concello = 1")
                                                                          ~~~~~~~~^^^^^^^^^^^
TypeError: 'NoneType' object is not subscriptable
ERROR:app:Exception on /censo-OPOR [GET]
Traceback (most recent call last):
  File "/home/cuartazona/redes/envRedes/lib/python3.11/site-packages/flask/app.py", line 2190, in wsgi_app
    response = self.full_dispatch_request()
               ^^^^^^^^^^^^^^^^^^^^^^^^^^^^
  File "/home/cuartazona/redes/envRedes/lib/python3.11/site-packages/flask/app.py", line 1486, in full_dispatch_request
    rv = self.handle_user_exception(e)
         ^^^^^^^^^^^^^^^^^^^^^^^^^^^^^
  File "/home/cuartazona/redes/envRedes/lib/python3.11/site-packages/flask/app.py", line 1484, in full_dispatch_request
    rv = self.dispatch_request()
         ^^^^^^^^^^^^^^^^^^^^^^^
  File "/home/cuartazona/redes/envRedes/lib/python3.11/site-packages/flask/app.py", line 1469, in dispatch_request
    return self.ensure_sync(self.view_functions[rule.endpoint])(**view_args)
           ^^^^^^^^^^^^^^^^^^^^^^^^^^^^^^^^^^^^^^^^^^^^^^^^^^^^^^^^^^^^^^^^^
  File "/home/cuartazona/redes/app/auxiliar.py", line 120, in wrap
    return f(*args, **kwargs)
           ^^^^^^^^^^^^^^^^^^
  File "/home/cuartazona/redes/app/censo.py", line 52, in censo
    cur.execute(f"SELECT * from doc_normativos WHERE cod_concello LIKE '%{concello['cod_ine']}%' OR cod_concello = 1")
                                                                          ~~~~~~~~^^^^^^^^^^^
TypeError: 'NoneType' object is not subscriptable
ERROR:app:Exception on /equipos-edar-CAMS [GET]
Traceback (most recent call last):
  File "/home/cuartazona/redes/envRedes/lib/python3.11/site-packages/flask/app.py", line 2190, in wsgi_app
    response = self.full_dispatch_request()
               ^^^^^^^^^^^^^^^^^^^^^^^^^^^^
  File "/home/cuartazona/redes/envRedes/lib/python3.11/site-packages/flask/app.py", line 1486, in full_dispatch_request
    rv = self.handle_user_exception(e)
         ^^^^^^^^^^^^^^^^^^^^^^^^^^^^^
  File "/home/cuartazona/redes/envRedes/lib/python3.11/site-packages/flask/app.py", line 1484, in full_dispatch_request
    rv = self.dispatch_request()
         ^^^^^^^^^^^^^^^^^^^^^^^
  File "/home/cuartazona/redes/envRedes/lib/python3.11/site-packages/flask/app.py", line 1469, in dispatch_request
    return self.ensure_sync(self.view_functions[rule.endpoint])(**view_args)
           ^^^^^^^^^^^^^^^^^^^^^^^^^^^^^^^^^^^^^^^^^^^^^^^^^^^^^^^^^^^^^^^^^
  File "/home/cuartazona/redes/app/auxiliar.py", line 120, in wrap
    return f(*args, **kwargs)
           ^^^^^^^^^^^^^^^^^^
  File "/home/cuartazona/redes/app/auxiliar.py", line 294, in wrap
    return fn(*args, **kwargs)
           ^^^^^^^^^^^^^^^^^^^
  File "/home/cuartazona/redes/app/auditoria.py", line 141, in equipos
    nombre_EDAR = equipos[0]['nombre_EDAR']
                  ~~~~~~~^^^
IndexError: list index out of range
ERROR:app:Exception on /ficha_industria-10228 [GET]
Traceback (most recent call last):
  File "/home/cuartazona/redes/envRedes/lib/python3.11/site-packages/flask/app.py", line 2190, in wsgi_app
    response = self.full_dispatch_request()
               ^^^^^^^^^^^^^^^^^^^^^^^^^^^^
  File "/home/cuartazona/redes/envRedes/lib/python3.11/site-packages/flask/app.py", line 1486, in full_dispatch_request
    rv = self.handle_user_exception(e)
         ^^^^^^^^^^^^^^^^^^^^^^^^^^^^^
  File "/home/cuartazona/redes/envRedes/lib/python3.11/site-packages/flask/app.py", line 1484, in full_dispatch_request
    rv = self.dispatch_request()
         ^^^^^^^^^^^^^^^^^^^^^^^
  File "/home/cuartazona/redes/envRedes/lib/python3.11/site-packages/flask/app.py", line 1469, in dispatch_request
    return self.ensure_sync(self.view_functions[rule.endpoint])(**view_args)
           ^^^^^^^^^^^^^^^^^^^^^^^^^^^^^^^^^^^^^^^^^^^^^^^^^^^^^^^^^^^^^^^^^
  File "/home/cuartazona/redes/app/auxiliar.py", line 120, in wrap
    return f(*args, **kwargs)
           ^^^^^^^^^^^^^^^^^^
  File "/home/cuartazona/redes/app/censo.py", line 356, in ficha_industria_imprimir
    coordenadas['PV'] = utm.from_latlon(industria['latitud_PV'], industria['longitud_PV'])
                        ^^^^^^^^^^^^^^^^^^^^^^^^^^^^^^^^^^^^^^^^^^^^^^^^^^^^^^^^^^^^^^^^^^
  File "/home/cuartazona/redes/envRedes/lib/python3.11/site-packages/utm/conversion.py", line 228, in from_latlon
    if not in_bounds(latitude, -80.0, 84.0):
           ^^^^^^^^^^^^^^^^^^^^^^^^^^^^^^^^
  File "/home/cuartazona/redes/envRedes/lib/python3.11/site-packages/utm/conversion.py", line 49, in in_bounds
    return lower <= mathlib.min(x) and mathlib.max(x) <= upper
           ^^^^^^^^^^^^^^^^^^^^^^^
TypeError: '<=' not supported between instances of 'float' and 'NoneType'
ERROR:app:Exception on /ficha_industria-10228 [GET]
Traceback (most recent call last):
  File "/home/cuartazona/redes/envRedes/lib/python3.11/site-packages/flask/app.py", line 2190, in wsgi_app
    response = self.full_dispatch_request()
               ^^^^^^^^^^^^^^^^^^^^^^^^^^^^
  File "/home/cuartazona/redes/envRedes/lib/python3.11/site-packages/flask/app.py", line 1486, in full_dispatch_request
    rv = self.handle_user_exception(e)
         ^^^^^^^^^^^^^^^^^^^^^^^^^^^^^
  File "/home/cuartazona/redes/envRedes/lib/python3.11/site-packages/flask/app.py", line 1484, in full_dispatch_request
    rv = self.dispatch_request()
         ^^^^^^^^^^^^^^^^^^^^^^^
  File "/home/cuartazona/redes/envRedes/lib/python3.11/site-packages/flask/app.py", line 1469, in dispatch_request
    return self.ensure_sync(self.view_functions[rule.endpoint])(**view_args)
           ^^^^^^^^^^^^^^^^^^^^^^^^^^^^^^^^^^^^^^^^^^^^^^^^^^^^^^^^^^^^^^^^^
  File "/home/cuartazona/redes/app/auxiliar.py", line 120, in wrap
    return f(*args, **kwargs)
           ^^^^^^^^^^^^^^^^^^
  File "/home/cuartazona/redes/app/censo.py", line 356, in ficha_industria_imprimir
    coordenadas['PV'] = utm.from_latlon(industria['latitud_PV'], industria['longitud_PV'])
                        ^^^^^^^^^^^^^^^^^^^^^^^^^^^^^^^^^^^^^^^^^^^^^^^^^^^^^^^^^^^^^^^^^^
  File "/home/cuartazona/redes/envRedes/lib/python3.11/site-packages/utm/conversion.py", line 228, in from_latlon
    if not in_bounds(latitude, -80.0, 84.0):
           ^^^^^^^^^^^^^^^^^^^^^^^^^^^^^^^^
  File "/home/cuartazona/redes/envRedes/lib/python3.11/site-packages/utm/conversion.py", line 49, in in_bounds
    return lower <= mathlib.min(x) and mathlib.max(x) <= upper
           ^^^^^^^^^^^^^^^^^^^^^^^
TypeError: '<=' not supported between instances of 'float' and 'NoneType'
ERROR:app:Exception on /ficha_industria-10228 [GET]
Traceback (most recent call last):
  File "/home/cuartazona/redes/envRedes/lib/python3.11/site-packages/flask/app.py", line 2190, in wsgi_app
    response = self.full_dispatch_request()
               ^^^^^^^^^^^^^^^^^^^^^^^^^^^^
  File "/home/cuartazona/redes/envRedes/lib/python3.11/site-packages/flask/app.py", line 1486, in full_dispatch_request
    rv = self.handle_user_exception(e)
         ^^^^^^^^^^^^^^^^^^^^^^^^^^^^^
  File "/home/cuartazona/redes/envRedes/lib/python3.11/site-packages/flask/app.py", line 1484, in full_dispatch_request
    rv = self.dispatch_request()
         ^^^^^^^^^^^^^^^^^^^^^^^
  File "/home/cuartazona/redes/envRedes/lib/python3.11/site-packages/flask/app.py", line 1469, in dispatch_request
    return self.ensure_sync(self.view_functions[rule.endpoint])(**view_args)
           ^^^^^^^^^^^^^^^^^^^^^^^^^^^^^^^^^^^^^^^^^^^^^^^^^^^^^^^^^^^^^^^^^
  File "/home/cuartazona/redes/app/auxiliar.py", line 120, in wrap
    return f(*args, **kwargs)
           ^^^^^^^^^^^^^^^^^^
  File "/home/cuartazona/redes/app/censo.py", line 356, in ficha_industria_imprimir
    coordenadas['PV'] = utm.from_latlon(industria['latitud_PV'], industria['longitud_PV'])
                        ^^^^^^^^^^^^^^^^^^^^^^^^^^^^^^^^^^^^^^^^^^^^^^^^^^^^^^^^^^^^^^^^^^
  File "/home/cuartazona/redes/envRedes/lib/python3.11/site-packages/utm/conversion.py", line 228, in from_latlon
    if not in_bounds(latitude, -80.0, 84.0):
           ^^^^^^^^^^^^^^^^^^^^^^^^^^^^^^^^
  File "/home/cuartazona/redes/envRedes/lib/python3.11/site-packages/utm/conversion.py", line 49, in in_bounds
    return lower <= mathlib.min(x) and mathlib.max(x) <= upper
           ^^^^^^^^^^^^^^^^^^^^^^^
TypeError: '<=' not supported between instances of 'float' and 'NoneType'
ERROR:app:Exception on /censo-DESC [GET]
Traceback (most recent call last):
  File "/home/cuartazona/redes/envRedes/lib/python3.11/site-packages/flask/app.py", line 2190, in wsgi_app
    response = self.full_dispatch_request()
               ^^^^^^^^^^^^^^^^^^^^^^^^^^^^
  File "/home/cuartazona/redes/envRedes/lib/python3.11/site-packages/flask/app.py", line 1486, in full_dispatch_request
    rv = self.handle_user_exception(e)
         ^^^^^^^^^^^^^^^^^^^^^^^^^^^^^
  File "/home/cuartazona/redes/envRedes/lib/python3.11/site-packages/flask/app.py", line 1484, in full_dispatch_request
    rv = self.dispatch_request()
         ^^^^^^^^^^^^^^^^^^^^^^^
  File "/home/cuartazona/redes/envRedes/lib/python3.11/site-packages/flask/app.py", line 1469, in dispatch_request
    return self.ensure_sync(self.view_functions[rule.endpoint])(**view_args)
           ^^^^^^^^^^^^^^^^^^^^^^^^^^^^^^^^^^^^^^^^^^^^^^^^^^^^^^^^^^^^^^^^^
  File "/home/cuartazona/redes/app/auxiliar.py", line 120, in wrap
    return f(*args, **kwargs)
           ^^^^^^^^^^^^^^^^^^
  File "/home/cuartazona/redes/app/censo.py", line 52, in censo
    cur.execute(f"SELECT * from doc_normativos WHERE cod_concello LIKE '%{concello['cod_ine']}%' OR cod_concello = 1")
                                                                          ~~~~~~~~^^^^^^^^^^^
TypeError: 'NoneType' object is not subscriptable
ERROR:app:Exception on /ficha_industria-10223 [GET]
Traceback (most recent call last):
  File "/home/cuartazona/redes/envRedes/lib/python3.11/site-packages/flask/app.py", line 2190, in wsgi_app
    response = self.full_dispatch_request()
               ^^^^^^^^^^^^^^^^^^^^^^^^^^^^
  File "/home/cuartazona/redes/envRedes/lib/python3.11/site-packages/flask/app.py", line 1486, in full_dispatch_request
    rv = self.handle_user_exception(e)
         ^^^^^^^^^^^^^^^^^^^^^^^^^^^^^
  File "/home/cuartazona/redes/envRedes/lib/python3.11/site-packages/flask/app.py", line 1484, in full_dispatch_request
    rv = self.dispatch_request()
         ^^^^^^^^^^^^^^^^^^^^^^^
  File "/home/cuartazona/redes/envRedes/lib/python3.11/site-packages/flask/app.py", line 1469, in dispatch_request
    return self.ensure_sync(self.view_functions[rule.endpoint])(**view_args)
           ^^^^^^^^^^^^^^^^^^^^^^^^^^^^^^^^^^^^^^^^^^^^^^^^^^^^^^^^^^^^^^^^^
  File "/home/cuartazona/redes/app/auxiliar.py", line 120, in wrap
    return f(*args, **kwargs)
           ^^^^^^^^^^^^^^^^^^
  File "/home/cuartazona/redes/app/censo.py", line 356, in ficha_industria_imprimir
    coordenadas['PV'] = utm.from_latlon(industria['latitud_PV'], industria['longitud_PV'])
                        ^^^^^^^^^^^^^^^^^^^^^^^^^^^^^^^^^^^^^^^^^^^^^^^^^^^^^^^^^^^^^^^^^^
  File "/home/cuartazona/redes/envRedes/lib/python3.11/site-packages/utm/conversion.py", line 228, in from_latlon
    if not in_bounds(latitude, -80.0, 84.0):
           ^^^^^^^^^^^^^^^^^^^^^^^^^^^^^^^^
  File "/home/cuartazona/redes/envRedes/lib/python3.11/site-packages/utm/conversion.py", line 49, in in_bounds
    return lower <= mathlib.min(x) and mathlib.max(x) <= upper
           ^^^^^^^^^^^^^^^^^^^^^^^
TypeError: '<=' not supported between instances of 'float' and 'NoneType'
ERROR:app:Exception on /equipos-edar-cams [GET]
Traceback (most recent call last):
  File "/home/cuartazona/redes/envRedes/lib/python3.11/site-packages/flask/app.py", line 2190, in wsgi_app
    response = self.full_dispatch_request()
               ^^^^^^^^^^^^^^^^^^^^^^^^^^^^
  File "/home/cuartazona/redes/envRedes/lib/python3.11/site-packages/flask/app.py", line 1486, in full_dispatch_request
    rv = self.handle_user_exception(e)
         ^^^^^^^^^^^^^^^^^^^^^^^^^^^^^
  File "/home/cuartazona/redes/envRedes/lib/python3.11/site-packages/flask/app.py", line 1484, in full_dispatch_request
    rv = self.dispatch_request()
         ^^^^^^^^^^^^^^^^^^^^^^^
  File "/home/cuartazona/redes/envRedes/lib/python3.11/site-packages/flask/app.py", line 1469, in dispatch_request
    return self.ensure_sync(self.view_functions[rule.endpoint])(**view_args)
           ^^^^^^^^^^^^^^^^^^^^^^^^^^^^^^^^^^^^^^^^^^^^^^^^^^^^^^^^^^^^^^^^^
  File "/home/cuartazona/redes/app/auxiliar.py", line 120, in wrap
    return f(*args, **kwargs)
           ^^^^^^^^^^^^^^^^^^
  File "/home/cuartazona/redes/app/auxiliar.py", line 294, in wrap
    return fn(*args, **kwargs)
           ^^^^^^^^^^^^^^^^^^^
  File "/home/cuartazona/redes/app/auditoria.py", line 141, in equipos
    nombre_EDAR = equipos[0]['nombre_EDAR']
                  ~~~~~~~^^^
IndexError: list index out of range
ERROR:app:Exception on /equipos-edar-CAMS [GET]
Traceback (most recent call last):
  File "/home/cuartazona/redes/envRedes/lib/python3.11/site-packages/flask/app.py", line 2190, in wsgi_app
    response = self.full_dispatch_request()
               ^^^^^^^^^^^^^^^^^^^^^^^^^^^^
  File "/home/cuartazona/redes/envRedes/lib/python3.11/site-packages/flask/app.py", line 1486, in full_dispatch_request
    rv = self.handle_user_exception(e)
         ^^^^^^^^^^^^^^^^^^^^^^^^^^^^^
  File "/home/cuartazona/redes/envRedes/lib/python3.11/site-packages/flask/app.py", line 1484, in full_dispatch_request
    rv = self.dispatch_request()
         ^^^^^^^^^^^^^^^^^^^^^^^
  File "/home/cuartazona/redes/envRedes/lib/python3.11/site-packages/flask/app.py", line 1469, in dispatch_request
    return self.ensure_sync(self.view_functions[rule.endpoint])(**view_args)
           ^^^^^^^^^^^^^^^^^^^^^^^^^^^^^^^^^^^^^^^^^^^^^^^^^^^^^^^^^^^^^^^^^
  File "/home/cuartazona/redes/app/auxiliar.py", line 120, in wrap
    return f(*args, **kwargs)
           ^^^^^^^^^^^^^^^^^^
  File "/home/cuartazona/redes/app/auxiliar.py", line 294, in wrap
    return fn(*args, **kwargs)
           ^^^^^^^^^^^^^^^^^^^
  File "/home/cuartazona/redes/app/auditoria.py", line 141, in equipos
    nombre_EDAR = equipos[0]['nombre_EDAR']
                  ~~~~~~~^^^
IndexError: list index out of range
ERROR:app:Exception on /censo-PPZOS [GET]
Traceback (most recent call last):
  File "/home/cuartazona/redes/envRedes/lib/python3.11/site-packages/flask/app.py", line 2190, in wsgi_app
    response = self.full_dispatch_request()
               ^^^^^^^^^^^^^^^^^^^^^^^^^^^^
  File "/home/cuartazona/redes/envRedes/lib/python3.11/site-packages/flask/app.py", line 1486, in full_dispatch_request
    rv = self.handle_user_exception(e)
         ^^^^^^^^^^^^^^^^^^^^^^^^^^^^^
  File "/home/cuartazona/redes/envRedes/lib/python3.11/site-packages/flask/app.py", line 1484, in full_dispatch_request
    rv = self.dispatch_request()
         ^^^^^^^^^^^^^^^^^^^^^^^
  File "/home/cuartazona/redes/envRedes/lib/python3.11/site-packages/flask/app.py", line 1469, in dispatch_request
    return self.ensure_sync(self.view_functions[rule.endpoint])(**view_args)
           ^^^^^^^^^^^^^^^^^^^^^^^^^^^^^^^^^^^^^^^^^^^^^^^^^^^^^^^^^^^^^^^^^
  File "/home/cuartazona/redes/app/auxiliar.py", line 120, in wrap
    return f(*args, **kwargs)
           ^^^^^^^^^^^^^^^^^^
  File "/home/cuartazona/redes/app/censo.py", line 52, in censo
    cur.execute(f"SELECT * from doc_normativos WHERE cod_concello LIKE '%{concello['cod_ine']}%' OR cod_concello = 1")
                                                                          ~~~~~~~~^^^^^^^^^^^
TypeError: 'NoneType' object is not subscriptable
ERROR:app:Exception on /censo-PZOS [GET]
Traceback (most recent call last):
  File "/home/cuartazona/redes/envRedes/lib/python3.11/site-packages/flask/app.py", line 2190, in wsgi_app
    response = self.full_dispatch_request()
               ^^^^^^^^^^^^^^^^^^^^^^^^^^^^
  File "/home/cuartazona/redes/envRedes/lib/python3.11/site-packages/flask/app.py", line 1486, in full_dispatch_request
    rv = self.handle_user_exception(e)
         ^^^^^^^^^^^^^^^^^^^^^^^^^^^^^
  File "/home/cuartazona/redes/envRedes/lib/python3.11/site-packages/flask/app.py", line 1484, in full_dispatch_request
    rv = self.dispatch_request()
         ^^^^^^^^^^^^^^^^^^^^^^^
  File "/home/cuartazona/redes/envRedes/lib/python3.11/site-packages/flask/app.py", line 1469, in dispatch_request
    return self.ensure_sync(self.view_functions[rule.endpoint])(**view_args)
           ^^^^^^^^^^^^^^^^^^^^^^^^^^^^^^^^^^^^^^^^^^^^^^^^^^^^^^^^^^^^^^^^^
  File "/home/cuartazona/redes/app/auxiliar.py", line 120, in wrap
    return f(*args, **kwargs)
           ^^^^^^^^^^^^^^^^^^
  File "/home/cuartazona/redes/app/censo.py", line 52, in censo
    cur.execute(f"SELECT * from doc_normativos WHERE cod_concello LIKE '%{concello['cod_ine']}%' OR cod_concello = 1")
                                                                          ~~~~~~~~^^^^^^^^^^^
TypeError: 'NoneType' object is not subscriptable
ERROR:app:Exception on /censo-PPZOS [GET]
Traceback (most recent call last):
  File "/home/cuartazona/redes/envRedes/lib/python3.11/site-packages/flask/app.py", line 2190, in wsgi_app
    response = self.full_dispatch_request()
               ^^^^^^^^^^^^^^^^^^^^^^^^^^^^
  File "/home/cuartazona/redes/envRedes/lib/python3.11/site-packages/flask/app.py", line 1486, in full_dispatch_request
    rv = self.handle_user_exception(e)
         ^^^^^^^^^^^^^^^^^^^^^^^^^^^^^
  File "/home/cuartazona/redes/envRedes/lib/python3.11/site-packages/flask/app.py", line 1484, in full_dispatch_request
    rv = self.dispatch_request()
         ^^^^^^^^^^^^^^^^^^^^^^^
  File "/home/cuartazona/redes/envRedes/lib/python3.11/site-packages/flask/app.py", line 1469, in dispatch_request
    return self.ensure_sync(self.view_functions[rule.endpoint])(**view_args)
           ^^^^^^^^^^^^^^^^^^^^^^^^^^^^^^^^^^^^^^^^^^^^^^^^^^^^^^^^^^^^^^^^^
  File "/home/cuartazona/redes/app/auxiliar.py", line 120, in wrap
    return f(*args, **kwargs)
           ^^^^^^^^^^^^^^^^^^
  File "/home/cuartazona/redes/app/censo.py", line 52, in censo
    cur.execute(f"SELECT * from doc_normativos WHERE cod_concello LIKE '%{concello['cod_ine']}%' OR cod_concello = 1")
                                                                          ~~~~~~~~^^^^^^^^^^^
TypeError: 'NoneType' object is not subscriptable
ERROR:app:Exception on /censo-CLEA-no,OpenStreetMap,43.138103191207406,-7.507138252258302,16 [GET]
Traceback (most recent call last):
  File "/home/cuartazona/redes/envRedes/lib/python3.11/site-packages/flask/app.py", line 2190, in wsgi_app
    response = self.full_dispatch_request()
               ^^^^^^^^^^^^^^^^^^^^^^^^^^^^
  File "/home/cuartazona/redes/envRedes/lib/python3.11/site-packages/flask/app.py", line 1486, in full_dispatch_request
    rv = self.handle_user_exception(e)
         ^^^^^^^^^^^^^^^^^^^^^^^^^^^^^
  File "/home/cuartazona/redes/envRedes/lib/python3.11/site-packages/flask/app.py", line 1484, in full_dispatch_request
    rv = self.dispatch_request()
         ^^^^^^^^^^^^^^^^^^^^^^^
  File "/home/cuartazona/redes/envRedes/lib/python3.11/site-packages/flask/app.py", line 1469, in dispatch_request
    return self.ensure_sync(self.view_functions[rule.endpoint])(**view_args)
           ^^^^^^^^^^^^^^^^^^^^^^^^^^^^^^^^^^^^^^^^^^^^^^^^^^^^^^^^^^^^^^^^^
  File "/home/cuartazona/redes/app/auxiliar.py", line 120, in wrap
    return f(*args, **kwargs)
           ^^^^^^^^^^^^^^^^^^
  File "/home/cuartazona/redes/app/censo.py", line 52, in censo
    cur.execute(f"SELECT * from doc_normativos WHERE cod_concello LIKE '%{concello['cod_ine']}%' OR cod_concello = 1")
                                                                          ~~~~~~~~^^^^^^^^^^^
TypeError: 'NoneType' object is not subscriptable
ERROR:app:Exception on /censo-CLEA [GET]
Traceback (most recent call last):
  File "/home/cuartazona/redes/envRedes/lib/python3.11/site-packages/flask/app.py", line 2190, in wsgi_app
    response = self.full_dispatch_request()
               ^^^^^^^^^^^^^^^^^^^^^^^^^^^^
  File "/home/cuartazona/redes/envRedes/lib/python3.11/site-packages/flask/app.py", line 1486, in full_dispatch_request
    rv = self.handle_user_exception(e)
         ^^^^^^^^^^^^^^^^^^^^^^^^^^^^^
  File "/home/cuartazona/redes/envRedes/lib/python3.11/site-packages/flask/app.py", line 1484, in full_dispatch_request
    rv = self.dispatch_request()
         ^^^^^^^^^^^^^^^^^^^^^^^
  File "/home/cuartazona/redes/envRedes/lib/python3.11/site-packages/flask/app.py", line 1469, in dispatch_request
    return self.ensure_sync(self.view_functions[rule.endpoint])(**view_args)
           ^^^^^^^^^^^^^^^^^^^^^^^^^^^^^^^^^^^^^^^^^^^^^^^^^^^^^^^^^^^^^^^^^
  File "/home/cuartazona/redes/app/auxiliar.py", line 120, in wrap
    return f(*args, **kwargs)
           ^^^^^^^^^^^^^^^^^^
  File "/home/cuartazona/redes/app/censo.py", line 52, in censo
    cur.execute(f"SELECT * from doc_normativos WHERE cod_concello LIKE '%{concello['cod_ine']}%' OR cod_concello = 1")
                                                                          ~~~~~~~~^^^^^^^^^^^
TypeError: 'NoneType' object is not subscriptable
ERROR:app:Exception on /_nueva_medicion_muestra [POST]
Traceback (most recent call last):
  File "/home/cuartazona/redes/envRedes/lib/python3.11/site-packages/flask/app.py", line 2190, in wsgi_app
    response = self.full_dispatch_request()
               ^^^^^^^^^^^^^^^^^^^^^^^^^^^^
  File "/home/cuartazona/redes/envRedes/lib/python3.11/site-packages/flask/app.py", line 1486, in full_dispatch_request
    rv =ERROR:app:Exception on /censo-RLEA [GET]
Traceback (most recent call last):
  File "/home/cuartazona/redes/envRedes/lib/python3.11/site-packages/flask/app.py", line 2190, in wsgi_app
    response = self.full_dispatch_request()
               ^^^^^^^^^^^^^^^^^^^^^^^^^^^^
  File "/home/cuartazona/redes/envRedes/lib/python3.11/site-packages/flask/app.py", line 1486, in full_dispatch_request
    rv = self.handle_user_exception(e)
         ^^^^^^^^^^^^^^^^^^^^^^^^^^^^^
  File "/home/cuartazona/redes/envRedes/lib/python3.11/site-packages/flask/app.py", line 1484, in full_dispatch_request
    rv = self.dispatch_request()
         ^^^^^^^^^^^^^^^^^^^^^^^
  File "/home/cuartazona/redes/envRedes/lib/python3.11/site-packages/flask/app.py", line 1469, in dispatch_request
    return self.ensure_sync(self.view_functions[rule.endpoint])(**view_args)
           ^^^^^^^^^^^^^^^^^^^^^^^^^^^^^^^^^^^^^^^^^^^^^^^^^^^^^^^^^^^^^^^^^
  File "/home/cuartazona/redes/app/auxiliar.py", line 120, in wrap
    return f(*args, **kwargs)
           ^^^^^^^^^^^^^^^^^^
  File "/home/cuartazona/redes/app/censo.py", line 44, in censo
    cur.execute('SELECT c.geometria, e.provincia, cod_ine FROM concellos c INNER JOIN edar e ON e.provincia||e.municipio = c.cod_ine WHERE e.cod_edar = ?', (cod_edar,))
sqlite3.OperationalError: database or disk is full
ERROR:app:Exception on /censo-RLEA [GET]
Traceback (most recent call last):
  File "/home/cuartazona/redes/envRedes/lib/python3.11/site-packages/flask/app.py", line 2190, in wsgi_app
    response = self.full_dispatch_request()
               ^^^^^^^^^^^^^^^^^^^^^^^^^^^^
  File "/home/cuartazona/redes/envRedes/lib/python3.11/site-packages/flask/app.py", line 1486, in full_dispatch_request
    rv = self.handle_user_exception(e)
         ^^^^^^^^^^^^^^^^^^^^^^^^^^^^^
  File "/home/cuartazona/redes/envRedes/lib/python3.11/site-packages/flask/app.py", line 1484, in full_dispatch_request
    rv = self.dispatch_request()
         ^^^^^^^^^^^^^^^^^^^^^^^
  File "/home/cuartazona/redes/envRedes/lib/python3.11/site-packages/flask/app.py", line 1469, in dispatch_request
    return self.ensure_sync(self.view_functions[rule.endpoint])(**view_args)
           ^^^^^^^^^^^^^^^^^^^^^^^^^^^^^^^^^^^^^^^^^^^^^^^^^^^^^^^^^^^^^^^^^
  File "/home/cuartazona/redes/app/auxiliar.py", line 120, in wrap
    return f(*args, **kwargs)
           ^^^^^^^^^^^^^^^^^^
  File "/home/cuartazona/redes/app/censo.py", line 44, in censo
    cur.execute('SELECT c.geometria, e.provincia, cod_ine FROM concellos c INNER JOIN edar e ON e.provincia||e.municipio = c.cod_ine WHERE e.cod_edar = ?', (cod_edar,))
sqlite3.OperationalError: database or disk is full
 self.handle_user_exception(e)
         ^^^^^^^^^^^^^^^^^^^^^^^^^^^^^
  File "/home/cuartazona/redes/envRedes/lib/python3.11/site-packages/flask/app.py", line 1484, in full_dispatch_request
    rv = self.dispatch_request()
         ^^^^^^^^^^^^^^^^^^^^^^^
  File "/home/cuartazona/redes/envRedes/lib/python3.11/site-packages/flask/app.py", line 1469, in dispatch_request
    return self.ensure_sync(self.view_functions[rule.endpoint])(**view_args)
           ^^^^^^^^^^^^^^^^^^^^^^^^^^^^^^^^^^^^^^^^^^^^^^^^^^^^^^^^^^^^^^^^^
  File "/home/cuartazona/redes/app/auxiliar.py", line 132, in wrap
    return func(*args, **kwargs)
           ^^^^^^^^^^^^^^^^^^^^^
  File "/home/cuartazona/redes/app/auxiliar.py", line 145, in wrap
    return fn(*args, **kwargs)
           ^^^^^^^^^^^^^^^^^^^
  File "/home/cuartazona/redes/app/censo.py", line 1714, in _nueva_medicion_muestra
    cur.execute("""
sqlite3.OperationalError: database or disk is full
ERROR:app:Exception on /_actualiza_datos [POST]
Traceback (most recent call last):
  File "/home/cuartazona/redes/envRedes/lib/python3.11/site-packages/flask/app.py", line 2190, in wsgi_app
    response = self.full_dispatch_request()
               ^^^^^^^^^^^^^^^^^^^^^^^^^^^^
  File "/home/cuartazona/redes/envRedes/lib/python3.11/site-packages/flask/app.py", line 1486, in full_dispatch_request
    rv = self.handle_user_exception(e)
         ^^^^^^^^^^^^^^^^^^^^^^^^^^^^^
  File "/home/cuartazona/redes/envRedes/lib/python3.11/site-packages/flask/app.py", line 1484, in full_dispatch_request
    rv = self.dispatch_request()
         ^^^^^^^^^^^^^^^^^^^^^^^
  File "/home/cuartazona/redes/envRedes/lib/python3.11/site-packages/flask/app.py", line 1469, in dispatch_request
    return self.ensure_sync(self.view_functions[rule.endpoint])(**view_args)
           ^^^^^^^^^^^^^^^^^^^^^^^^^^^^^^^^^^^^^^^^^^^^^^^^^^^^^^^^^^^^^^^^^
  File "/home/cuartazona/redes/app/auxiliar.py", line 132, in wrap
    return func(*args, **kwargs)
           ^^^^^^^^^^^^^^^^^^^^^
  File "/home/cuartazona/redes/app/auxiliar.py", line 145, in wrap
    return fn(*args, **kwargs)
           ^^^^^^^^^^^^^^^^^^^
  File "/home/cuartazona/redes/app/censo.py", line 1570, in _actualiza_datos
    actualizacion = _actualizar_datos(id, tabla, diccionario)
                    ^^^^^^^^^^^^^^^^^^^^^^^^^^^^^^^^^^^^^^^^^
  File "/home/cuartazona/redes/app/censo.py", line 1606, in _actualizar_datos
    actualizacion = actualiza_BBDD_diccionario(
                    ^^^^^^^^^^^^^^^^^^^^^^^^^^^
  File "/home/cuartazona/redes/app/auxiliar.py", line 721, in actualiza_BBDD_diccionario
    cur.execute(SQL_string, tuple(lista_valores))
sqlite3.OperationalError: database or disk is full
ERROR:app:Exception on /_nueva_medicion_muestra [POST]
Traceback (most recent call last):
  File "/home/cuartazona/redes/envRedes/lib/python3.11/site-packages/flask/app.py", line 2190, in wsgi_app
    response = self.full_dispatch_request()
               ^^^^^^^^^^^^^^^^^^^^^^^^^^^^
  File "/home/cuartazona/redes/envRedes/lib/python3.11/site-packages/flask/app.py", line 1486, in full_dispatch_request
    rv = self.handle_user_exception(e)
         ^^^^^^^^^^^^^^^^^^^^^^^^^^^^^
  File "/home/cuartazona/redes/envRedes/lib/python3.11/site-packages/flask/app.py", line 1484, in full_dispatch_request
    rv = self.dispatch_request()
         ^^^^^^^^^^^^^^^^^^^^^^^
  File "/home/cuartazona/redes/envRedes/lib/python3.11/site-packages/flask/app.py", line 1469, in dispatch_request
    return self.ensure_sync(self.view_functions[rule.endpoint])(**view_args)
           ^^^^^^^^^^^^^^^^^^^^^^^^^^^^^^^^^^^^^^^^^^^^^^^^^^^^^^^^^^^^^^^^^
  File "/home/cuartazona/redes/app/auxiliar.py", line 132, in wrap
    return func(*args, **kwargs)
           ^^^^^^^^^^^^^^^^^^^^^
  File "/home/cuartazona/redes/app/auxiliar.py", line 145, in wrap
    return fn(*args, **kwargs)
           ^^^^^^^^^^^^^^^^^^^
  File "/home/cuartazona/redes/app/censo.py", line 1714, in _nueva_medicion_muestra
    cur.execute("""
sqlite3.OperationalError: database or disk is full
ERROR:app:Exception on /censo-RLEA [GET]
Traceback (most recent call last):
  File "/home/cuartazona/redes/envRedes/lib/python3.11/site-packages/flask/app.py", line 2190, in wsgi_app
    response = self.full_dispatch_request()
               ^^^^^^^^^^^^^^^^^^^^^^^^^^^^
  File "/home/cuartazona/redes/envRedes/lib/python3.11/site-packages/flask/app.py", line 1486, in full_dispatch_request
    rv = self.handle_user_exception(e)
         ^^^^^^^^^^^^^^^^^^^^^^^^^^^^^
  File "/home/cuartazona/redes/envRedes/lib/python3.11/site-packages/flask/app.py", line 1484, in full_dispatch_request
    rv = self.dispatch_request()
         ^^^^^^^^^^^^^^^^^^^^^^^
  File "/home/cuartazona/redes/envRedes/lib/python3.11/site-packages/flask/app.py", line 1469, in dispatch_request
    return self.ensure_sync(self.view_functions[rule.endpoint])(**view_args)
           ^^^^^^^^^^^^^^^^^^^^^^^^^^^^^^^^^^^^^^^^^^^^^^^^^^^^^^^^^^^^^^^^^
  File "/home/cuartazona/redes/app/auxiliar.py", line 120, in wrap
    return f(*args, **kwargs)
           ^^^^^^^^^^^^^^^^^^
  File "/home/cuartazona/redes/app/censo.py", line 44, in censo
    cur.execute('SELECT c.geometria, e.provincia, cod_ine FROM concellos c INNER JOIN edar e ON e.provincia||e.municipio = c.cod_ine WHERE e.cod_edar = ?', (cod_edar,))
sqlite3.OperationalError: database or disk is full
ERROR:app:Exception on /censo-RLEA [GET]
Traceback (most recent call last):
  File "/home/cuartazona/redes/envRedes/lib/python3.11/site-packages/flask/app.py", line 2190, in wsgi_app
    response = self.full_dispatch_request()
               ^^^^^^^^^^^^^^^^^^^^^^^^^^^^
  File "/home/cuartazona/redes/envRedes/lib/python3.11/site-packages/flask/app.py", line 1486, in full_dispatch_request
    rv = self.handle_user_exception(e)
         ^^^^^^^^^^^^^^^^^^^^^^^^^^^^^
  File "/home/cuartazona/redes/envRedes/lib/python3.11/site-packages/flask/app.py", line 1484, in full_dispatch_request
    rv = self.dispatch_request()
         ^^^^^^^^^^^^^^^^^^^^^^^
  File "/home/cuartazona/redes/envRedes/lib/python3.11/site-packages/flask/app.py", line 1469, in dispatch_request
    return self.ensure_sync(self.view_functions[rule.endpoint])(**view_args)
           ^^^^^^^^^^^^^^^^^^^^^^^^^^^^^^^^^^^^^^^^^^^^^^^^^^^^^^^^^^^^^^^^^
  File "/home/cuartazona/redes/app/auxiliar.py", line 120, in wrap
    return f(*args, **kwargs)
           ^^^^^^^^^^^^^^^^^^
  File "/home/cuartazona/redes/app/censo.py", line 44, in censo
    cur.execute('SELECT c.geometria, e.provincia, cod_ine FROM concellos c INNER JOIN edar e ON e.provincia||e.municipio = c.cod_ine WHERE e.cod_edar = ?', (cod_edar,))
sqlite3.OperationalError: database or disk is full
ERROR:app:Exception on /ficha_industria-1909 [GET]
Traceback (most recent call last):
  File "/home/cuartazona/redes/envRedes/lib/python3.11/site-packages/flask/app.py", line 2190, in wsgi_app
    response = self.full_dispatch_request()
               ^^^^^^^^^^^^^^^^^^^^^^^^^^^^
  File "/home/cuartazona/redes/envRedes/lib/python3.11/site-packages/flask/app.py", line 1486, in full_dispatch_request
    rv = self.handle_user_exception(e)
         ^^^^^^^^^^^^^^^^^^^^^^^^^^^^^
  File "/home/cuartazona/redes/envRedes/lib/python3.11/site-packages/flask/app.py", line 1484, in full_dispatch_request
    rv = self.dispatch_request()
         ^^^^^^^^^^^^^^^^^^^^^^^
  File "/home/cuartazona/redes/envRedes/lib/python3.11/site-packages/flask/app.py", line 1469, in dispatch_request
    return self.ensure_sync(self.view_functions[rule.endpoint])(**view_args)
           ^^^^^^^^^^^^^^^^^^^^^^^^^^^^^^^^^^^^^^^^^^^^^^^^^^^^^^^^^^^^^^^^^
  File "/home/cuartazona/redes/app/auxiliar.py", line 120, in wrap
    return f(*args, **kwargs)
           ^^^^^^^^^^^^^^^^^^
  File "/home/cuartazona/redes/app/censo.py", line 356, in ficha_industria_imprimir
    coordenadas['PV'] = utm.from_latlon(industria['latitud_PV'], industria['longitud_PV'])
                        ^^^^^^^^^^^^^^^^^^^^^^^^^^^^^^^^^^^^^^^^^^^^^^^^^^^^^^^^^^^^^^^^^^
  File "/home/cuartazona/redes/envRedes/lib/python3.11/site-packages/utm/conversion.py", line 228, in from_latlon
    if not in_bounds(latitude, -80.0, 84.0):
           ^^^^^^^^^^^^^^^^^^^^^^^^^^^^^^^^
  File "/home/cuartazona/redes/envRedes/lib/python3.11/site-packages/utm/conversion.py", line 49, in in_bounds
    return lower <= mathlib.min(x) and mathlib.max(x) <= upper
           ^^^^^^^^^^^^^^^^^^^^^^^
TypeError: '<=' not supported between instances of 'float' and 'NoneType'
ERROR:app:Exception on /ficha_industria-10272 [GET]
Traceback (most recent call last):
  File "/home/cuartazona/redes/envRedes/lib/python3.11/site-packages/flask/app.py", line 2190, in wsgi_app
    response = self.full_dispatch_request()
               ^^^^^^^^^^^^^^^^^^^^^^^^^^^^
  File "/home/cuartazona/redes/envRedes/lib/python3.11/site-packages/flask/app.py", line 1486, in full_dispatch_request
    rv = self.handle_user_exception(e)
         ^^^^^^^^^^^^^^^^^^^^^^^^^^^^^
  File "/home/cuartazona/redes/envRedes/lib/python3.11/site-packages/flask/app.py", line 1484, in full_dispatch_request
    rv = self.dispatch_request()
         ^^^^^^^^^^^^^^^^^^^^^^^
  File "/home/cuartazona/redes/envRedes/lib/python3.11/site-packages/flask/app.py", line 1469, in dispatch_request
    return self.ensure_sync(self.view_functions[rule.endpoint])(**view_args)
           ^^^^^^^^^^^^^^^^^^^^^^^^^^^^^^^^^^^^^^^^^^^^^^^^^^^^^^^^^^^^^^^^^
  File "/home/cuartazona/redes/app/auxiliar.py", line 120, in wrap
    return f(*args, **kwargs)
           ^^^^^^^^^^^^^^^^^^
  File "/home/cuartazona/redes/app/censo.py", line 356, in ficha_industria_imprimir
    coordenadas['PV'] = utm.from_latlon(industria['latitud_PV'], industria['longitud_PV'])
                        ^^^^^^^^^^^^^^^^^^^^^^^^^^^^^^^^^^^^^^^^^^^^^^^^^^^^^^^^^^^^^^^^^^
  File "/home/cuartazona/redes/envRedes/lib/python3.11/site-packages/utm/conversion.py", line 228, in from_latlon
    if not in_bounds(latitude, -80.0, 84.0):
           ^^^^^^^^^^^^^^^^^^^^^^^^^^^^^^^^
  File "/home/cuartazona/redes/envRedes/lib/python3.11/site-packages/utm/conversion.py", line 49, in in_bounds
    return lower <= mathlib.min(x) and mathlib.max(x) <= upper
           ^^^^^^^^^^^^^^^^^^^^^^^
TypeError: '<=' not supported between instances of 'float' and 'NoneType'
ERROR:app:Exception on /censo-DESC-no,WMSlayer,42.66381927058028,-8.725848197937013,16 [GET]
Traceback (most recent call last):
  File "/home/cuartazona/redes/envRedes/lib/python3.11/site-packages/flask/app.py", line 2190, in wsgi_app
    response = self.full_dispatch_request()
               ^^^^^^^^^^^^^^^^^^^^^^^^^^^^
  File "/home/cuartazona/redes/envRedes/lib/python3.11/site-packages/flask/app.py", line 1486, in full_dispatch_request
    rv = self.handle_user_exception(e)
         ^^^^^^^^^^^^^^^^^^^^^^^^^^^^^
  File "/home/cuartazona/redes/envRedes/lib/python3.11/site-packages/flask/app.py", line 1484, in full_dispatch_request
    rv = self.dispatch_request()
         ^^^^^^^^^^^^^^^^^^^^^^^
  File "/home/cuartazona/redes/envRedes/lib/python3.11/site-packages/flask/app.py", line 1469, in dispatch_request
    return self.ensure_sync(self.view_functions[rule.endpoint])(**view_args)
           ^^^^^^^^^^^^^^^^^^^^^^^^^^^^^^^^^^^^^^^^^^^^^^^^^^^^^^^^^^^^^^^^^
  File "/home/cuartazona/redes/app/auxiliar.py", line 120, in wrap
    return f(*args, **kwargs)
           ^^^^^^^^^^^^^^^^^^
  File "/home/cuartazona/redes/app/censo.py", line 52, in censo
    cur.execute(f"SELECT * from doc_normativos WHERE cod_concello LIKE '%{concello['cod_ine']}%' OR cod_concello = 1")
                                                                          ~~~~~~~~^^^^^^^^^^^
TypeError: 'NoneType' object is not subscriptable
ERROR:app:Exception on /censo-DESC [GET]
Traceback (most recent call last):
  File "/home/cuartazona/redes/envRedes/lib/python3.11/site-packages/flask/app.py", line 2190, in wsgi_app
    response = self.full_dispatch_request()
               ^^^^^^^^^^^^^^^^^^^^^^^^^^^^
  File "/home/cuartazona/redes/envRedes/lib/python3.11/site-packages/flask/app.py", line 1486, in full_dispatch_request
    rv = self.handle_user_exception(e)
         ^^^^^^^^^^^^^^^^^^^^^^^^^^^^^
  File "/home/cuartazona/redes/envRedes/lib/python3.11/site-packages/flask/app.py", line 1484, in full_dispatch_request
    rv = self.dispatch_request()
         ^^^^^^^^^^^^^^^^^^^^^^^
  File "/home/cuartazona/redes/envRedes/lib/python3.11/site-packages/flask/app.py", line 1469, in dispatch_request
    return self.ensure_sync(self.view_functions[rule.endpoint])(**view_args)
           ^^^^^^^^^^^^^^^^^^^^^^^^^^^^^^^^^^^^^^^^^^^^^^^^^^^^^^^^^^^^^^^^^
  File "/home/cuartazona/redes/app/auxiliar.py", line 120, in wrap
    return f(*args, **kwargs)
           ^^^^^^^^^^^^^^^^^^
  File "/home/cuartazona/redes/app/censo.py", line 52, in censo
    cur.execute(f"SELECT * from doc_normativos WHERE cod_concello LIKE '%{concello['cod_ine']}%' OR cod_concello = 1")
                                                                          ~~~~~~~~^^^^^^^^^^^
TypeError: 'NoneType' object is not subscriptable
ERROR:app:Exception on /censo-MEDI [GET]
Traceback (most recent call last):
  File "/home/cuartazona/redes/envRedes/lib/python3.11/site-packages/flask/app.py", line 2190, in wsgi_app
    response = self.full_dispatch_request()
               ^^^^^^^^^^^^^^^^^^^^^^^^^^^^
  File "/home/cuartazona/redes/envRedes/lib/python3.11/site-packages/flask/app.py", line 1486, in full_dispatch_request
    rv = self.handle_user_exception(e)
         ^^^^^^^^^^^^^^^^^^^^^^^^^^^^^
  File "/home/cuartazona/redes/envRedes/lib/python3.11/site-packages/flask/app.py", line 1484, in full_dispatch_request
    rv = self.dispatch_request()
         ^^^^^^^^^^^^^^^^^^^^^^^
  File "/home/cuartazona/redes/envRedes/lib/python3.11/site-packages/flask/app.py", line 1469, in dispatch_request
    return self.ensure_sync(self.view_functions[rule.endpoint])(**view_args)
           ^^^^^^^^^^^^^^^^^^^^^^^^^^^^^^^^^^^^^^^^^^^^^^^^^^^^^^^^^^^^^^^^^
  File "/home/cuartazona/redes/app/auxiliar.py", line 120, in wrap
    return f(*args, **kwargs)
           ^^^^^^^^^^^^^^^^^^
  File "/home/cuartazona/redes/app/censo.py", line 52, in censo
    cur.execute(f"SELECT * from doc_normativos WHERE cod_concello LIKE '%{concello['cod_ine']}%' OR cod_concello = 1")
                                                                          ~~~~~~~~^^^^^^^^^^^
TypeError: 'NoneType' object is not subscriptable
ERROR:app:Exception on /_visor_industria [GET]
Traceback (most recent call last):
  File "/home/cuartazona/redes/envRedes/lib/python3.11/site-packages/flask/app.py", line 2190, in wsgi_app
    response = self.full_dispatch_request()
               ^^^^^^^^^^^^^^^^^^^^^^^^^^^^
  File "/home/cuartazona/redes/envRedes/lib/python3.11/site-packages/flask/app.py", line 1486, in full_dispatch_request
    rv = self.handle_user_exception(e)
         ^^^^^^^^^^^^^^^^^^^^^^^^^^^^^
  File "/home/cuartazona/redes/envRedes/lib/python3.11/site-packages/flask/app.py", line 1484, in full_dispatch_request
    rv = self.dispatch_request()
         ^^^^^^^^^^^^^^^^^^^^^^^
  File "/home/cuartazona/redes/envRedes/lib/python3.11/site-packages/flask/app.py", line 1469, in dispatch_request
    return self.ensure_sync(self.view_functions[rule.endpoint])(**view_args)
           ^^^^^^^^^^^^^^^^^^^^^^^^^^^^^^^^^^^^^^^^^^^^^^^^^^^^^^^^^^^^^^^^^
  File "/home/cuartazona/redes/app/auxiliar.py", line 132, in wrap
    return func(*args, **kwargs)
           ^^^^^^^^^^^^^^^^^^^^^
  File "/home/cuartazona/redes/app/laboratorio.py", line 322, in _visor_industria
    url = f"censo-{ind['sistema']}-{ind['id']},OpenStreetMap,{ind['latitud']},{ind['longitud']},18"
                   ~~~^^^^^^^^^^^
TypeError: 'NoneType' object is not subscriptable
ERROR:app:Exception on /_visor_industria [GET]
Traceback (most recent call last):
  File "/home/cuartazona/redes/envRedes/lib/python3.11/site-packages/flask/app.py", line 2190, in wsgi_app
    response = self.full_dispatch_request()
               ^^^^^^^^^^^^^^^^^^^^^^^^^^^^
  File "/home/cuartazona/redes/envRedes/lib/python3.11/site-packages/flask/app.py", line 1486, in full_dispatch_request
    rv = self.handle_user_exception(e)
         ^^^^^^^^^^^^^^^^^^^^^^^^^^^^^
  File "/home/cuartazona/redes/envRedes/lib/python3.11/site-packages/flask/app.py", line 1484, in full_dispatch_request
    rv = self.dispatch_request()
         ^^^^^^^^^^^^^^^^^^^^^^^
  File "/home/cuartazona/redes/envRedes/lib/python3.11/site-packages/flask/app.py", line 1469, in dispatch_request
    return self.ensure_sync(self.view_functions[rule.endpoint])(**view_args)
           ^^^^^^^^^^^^^^^^^^^^^^^^^^^^^^^^^^^^^^^^^^^^^^^^^^^^^^^^^^^^^^^^^
  File "/home/cuartazona/redes/app/auxiliar.py", line 132, in wrap
    return func(*args, **kwargs)
           ^^^^^^^^^^^^^^^^^^^^^
  File "/home/cuartazona/redes/app/laboratorio.py", line 322, in _visor_industria
    url = f"censo-{ind['sistema']}-{ind['id']},OpenStreetMap,{ind['latitud']},{ind['longitud']},18"
                   ~~~^^^^^^^^^^^
TypeError: 'NoneType' object is not subscriptable
ERROR:app:Exception on /censo-SALV [GET]
Traceback (most recent call last):
  File "/home/cuartazona/redes/envRedes/lib/python3.11/site-packages/flask/app.py", line 2190, in wsgi_app
    response = self.full_dispatch_request()
               ^^^^^^^^^^^^^^^^^^^^^^^^^^^^
  File "/home/cuartazona/redes/envRedes/lib/python3.11/site-packages/flask/app.py", line 1486, in full_dispatch_request
    rv = self.handle_user_exception(e)
         ^^^^^^^^^^^^^^^^^^^^^^^^^^^^^
  File "/home/cuartazona/redes/envRedes/lib/python3.11/site-packages/flask/app.py", line 1484, in full_dispatch_request
    rv = self.dispatch_request()
         ^^^^^^^^^^^^^^^^^^^^^^^
  File "/home/cuartazona/redes/envRedes/lib/python3.11/site-packages/flask/app.py", line 1469, in dispatch_request
    return self.ensure_sync(self.view_functions[rule.endpoint])(**view_args)
           ^^^^^^^^^^^^^^^^^^^^^^^^^^^^^^^^^^^^^^^^^^^^^^^^^^^^^^^^^^^^^^^^^
  File "/home/cuartazona/redes/app/auxiliar.py", line 120, in wrap
    return f(*args, **kwargs)
           ^^^^^^^^^^^^^^^^^^
  File "/home/cuartazona/redes/app/censo.py", line 52, in censo
    cur.execute(f"SELECT * from doc_normativos WHERE cod_concello LIKE '%{concello['cod_ine']}%' OR cod_concello = 1")
                                                                          ~~~~~~~~^^^^^^^^^^^
TypeError: 'NoneType' object is not subscriptable
ERROR:app:Exception on /rede-GUIL-None,OpenStreetMap,42.05923586366467,-8.63881587982178,13 [GET]
Traceback (most recent call last):
  File "/home/cuartazona/redes/envRedes/lib/python3.11/site-packages/flask/app.py", line 2190, in wsgi_app
    response = self.full_dispatch_request()
               ^^^^^^^^^^^^^^^^^^^^^^^^^^^^
  File "/home/cuartazona/redes/envRedes/lib/python3.11/site-packages/flask/app.py", line 1486, in full_dispatch_request
    rv = self.handle_user_exception(e)
         ^^^^^^^^^^^^^^^^^^^^^^^^^^^^^
  File "/home/cuartazona/redes/envRedes/lib/python3.11/site-packages/flask/app.py", line 1484, in full_dispatch_request
    rv = self.dispatch_request()
         ^^^^^^^^^^^^^^^^^^^^^^^
  File "/home/cuartazona/redes/envRedes/lib/python3.11/site-packages/flask/app.py", line 1469, in dispatch_request
    return self.ensure_sync(self.view_functions[rule.endpoint])(**view_args)
           ^^^^^^^^^^^^^^^^^^^^^^^^^^^^^^^^^^^^^^^^^^^^^^^^^^^^^^^^^^^^^^^^^
  File "/home/cuartazona/redes/app/auxiliar.py", line 120, in wrap
    return f(*args, **kwargs)
           ^^^^^^^^^^^^^^^^^^
  File "/home/cuartazona/redes/app/rede.py", line 26, in red
    geoJSON = obtener_capas_geoJSON(cod_edar)
              ^^^^^^^^^^^^^^^^^^^^^^^^^^^^^^^
  File "/home/cuartazona/redes/app/auxiliar.py", line 345, in obtener_capas_geoJSON
    dict_contenido = json.loads(contenido)
                     ^^^^^^^^^^^^^^^^^^^^^
  File "/usr/lib/python3.11/json/__init__.py", line 346, in loads
    return _default_decoder.decode(s)
           ^^^^^^^^^^^^^^^^^^^^^^^^^^
  File "/usr/lib/python3.11/json/decoder.py", line 337, in decode
    obj, end = self.raw_decode(s, idx=_w(s, 0).end())
               ^^^^^^^^^^^^^^^^^^^^^^^^^^^^^^^^^^^^^^
  File "/usr/lib/python3.11/json/decoder.py", line 355, in raw_decode
    raise JSONDecodeError("Expecting value", s, err.value) from None
json.decoder.JSONDecodeError: Expecting value: line 1 column 1 (char 0)
ERROR:app:Exception on /_obtener_geoJSON [GET]
Traceback (most recent call last):
  File "/home/cuartazona/redes/envRedes/lib/python3.11/site-packages/flask/app.py", line 2190, in wsgi_app
    response = self.full_dispatch_request()
               ^^^^^^^^^^^^^^^^^^^^^^^^^^^^
  File "/home/cuartazona/redes/envRedes/lib/python3.11/site-packages/flask/app.py", line 1486, in full_dispatch_request
    rv = self.handle_user_exception(e)
         ^^^^^^^^^^^^^^^^^^^^^^^^^^^^^
  File "/home/cuartazona/redes/envRedes/lib/python3.11/site-packages/flask/app.py", line 1484, in full_dispatch_request
    rv = self.dispatch_request()
         ^^^^^^^^^^^^^^^^^^^^^^^
  File "/home/cuartazona/redes/envRedes/lib/python3.11/site-packages/flask/app.py", line 1469, in dispatch_request
    return self.ensure_sync(self.view_functions[rule.endpoint])(**view_args)
           ^^^^^^^^^^^^^^^^^^^^^^^^^^^^^^^^^^^^^^^^^^^^^^^^^^^^^^^^^^^^^^^^^
  File "/home/cuartazona/redes/app/auxiliar.py", line 371, in obtener_geoJSON
    usuario = session['username']
              ~~~~~~~^^^^^^^^^^^^
  File "/home/cuartazona/redes/envRedes/lib/python3.11/site-packages/flask/sessions.py", line 79, in __getitem__
    return super().__getitem__(key)
           ^^^^^^^^^^^^^^^^^^^^^^^^
KeyError: 'username'
ERROR:app:Exception on /_obtener_geoJSON [GET]
Traceback (most recent call last):
  File "/home/cuartazona/redes/envRedes/lib/python3.11/site-packages/flask/app.py", line 2190, in wsgi_app
    response = self.full_dispatch_request()
               ^^^^^^^^^^^^^^^^^^^^^^^^^^^^
  File "/home/cuartazona/redes/envRedes/lib/python3.11/site-packages/flask/app.py", line 1486, in full_dispatch_request
    rv = self.handle_user_exception(e)
         ^^^^^^^^^^^^^^^^^^^^^^^^^^^^^
  File "/home/cuartazona/redes/envRedes/lib/python3.11/site-packages/flask/app.py", line 1484, in full_dispatch_request
    rv = self.dispatch_request()
         ^^^^^^^^^^^^^^^^^^^^^^^
  File "/home/cuartazona/redes/envRedes/lib/python3.11/site-packages/flask/app.py", line 1469, in dispatch_request
    return self.ensure_sync(self.view_functions[rule.endpoint])(**view_args)
           ^^^^^^^^^^^^^^^^^^^^^^^^^^^^^^^^^^^^^^^^^^^^^^^^^^^^^^^^^^^^^^^^^
  File "/home/cuartazona/redes/app/auxiliar.py", line 371, in obtener_geoJSON
    usuario = session['username']
              ~~~~~~~^^^^^^^^^^^^
  File "/home/cuartazona/redes/envRedes/lib/python3.11/site-packages/flask/sessions.py", line 79, in __getitem__
    return super().__getitem__(key)
           ^^^^^^^^^^^^^^^^^^^^^^^^
KeyError: 'username'
ERROR:app:Exception on /_obtener_geoJSON [GET]
Traceback (most recent call last):
  File "/home/cuartazona/redes/envRedes/lib/python3.11/site-packages/flask/app.py", line 2190, in wsgi_app
    response = self.full_dispatch_request()
               ^^^^^^^^^^^^^^^^^^^^^^^^^^^^
  File "/home/cuartazona/redes/envRedes/lib/python3.11/site-packages/flask/app.py", line 1486, in full_dispatch_request
    rv = self.handle_user_exception(e)
         ^^^^^^^^^^^^^^^^^^^^^^^^^^^^^
  File "/home/cuartazona/redes/envRedes/lib/python3.11/site-packages/flask/app.py", line 1484, in full_dispatch_request
    rv = self.dispatch_request()
         ^^^^^^^^^^^^^^^^^^^^^^^
  File "/home/cuartazona/redes/envRedes/lib/python3.11/site-packages/flask/app.py", line 1469, in dispatch_request
    return self.ensure_sync(self.view_functions[rule.endpoint])(**view_args)
           ^^^^^^^^^^^^^^^^^^^^^^^^^^^^^^^^^^^^^^^^^^^^^^^^^^^^^^^^^^^^^^^^^
  File "/home/cuartazona/redes/app/auxiliar.py", line 371, in obtener_geoJSON
    usuario = session['username']
              ~~~~~~~^^^^^^^^^^^^
  File "/home/cuartazona/redes/envRedes/lib/python3.11/site-packages/flask/sessions.py", line 79, in __getitem__
    return super().__getitem__(key)
           ^^^^^^^^^^^^^^^^^^^^^^^^
KeyError: 'username'
ERROR:app:Exception on /_obtener_geoJSON [GET]
Traceback (most recent call last):
  File "/home/cuartazona/redes/envRedes/lib/python3.11/site-packages/flask/app.py", line 2190, in wsgi_app
    response = self.full_dispatch_request()
               ^^^^^^^^^^^^^^^^^^^^^^^^^^^^
  File "/home/cuartazona/redes/envRedes/lib/python3.11/site-packages/flask/app.py", line 1486, in full_dispatch_request
    rv = self.handle_user_exception(e)
         ^^^^^^^^^^^^^^^^^^^^^^^^^^^^^
  File "/home/cuartazona/redes/envRedes/lib/python3.11/site-packages/flask/app.py", line 1484, in full_dispatch_request
    rv = self.dispatch_request()
         ^^^^^^^^^^^^^^^^^^^^^^^
  File "/home/cuartazona/redes/envRedes/lib/python3.11/site-packages/flask/app.py", line 1469, in dispatch_request
    return self.ensure_sync(self.view_functions[rule.endpoint])(**view_args)
           ^^^^^^^^^^^^^^^^^^^^^^^^^^^^^^^^^^^^^^^^^^^^^^^^^^^^^^^^^^^^^^^^^
  File "/home/cuartazona/redes/app/auxiliar.py", line 371, in obtener_geoJSON
    usuario = session['username']
              ~~~~~~~^^^^^^^^^^^^
  File "/home/cuartazona/redes/envRedes/lib/python3.11/site-packages/flask/sessions.py", line 79, in __getitem__
    return super().__getitem__(key)
           ^^^^^^^^^^^^^^^^^^^^^^^^
KeyError: 'username'
ERROR:app:Exception on /_obtener_geoJSON [GET]
Traceback (most recent call last):
  File "/home/cuartazona/redes/envRedes/lib/python3.11/site-packages/flask/app.py", line 2190, in wsgi_app
    response = self.full_dispatch_request()
               ^^^^^^^^^^^^^^^^^^^^^^^^^^^^
  File "/home/cuartazona/redes/envRedes/lib/python3.11/site-packages/flask/app.py", line 1486, in full_dispatch_request
    rv = self.handle_user_exception(e)
         ^^^^^^^^^^^^^^^^^^^^^^^^^^^^^
  File "/home/cuartazona/redes/envRedes/lib/python3.11/site-packages/flask/app.py", line 1484, in full_dispatch_request
    rv = self.dispatch_request()
         ^^^^^^^^^^^^^^^^^^^^^^^
  File "/home/cuartazona/redes/envRedes/lib/python3.11/site-packages/flask/app.py", line 1469, in dispatch_request
    return self.ensure_sync(self.view_functions[rule.endpoint])(**view_args)
           ^^^^^^^^^^^^^^^^^^^^^^^^^^^^^^^^^^^^^^^^^^^^^^^^^^^^^^^^^^^^^^^^^
  File "/home/cuartazona/redes/app/auxiliar.py", line 371, in obtener_geoJSON
    usuario = session['username']
              ~~~~~~~^^^^^^^^^^^^
  File "/home/cuartazona/redes/envRedes/lib/python3.11/site-packages/flask/sessions.py", line 79, in __getitem__
    return super().__getitem__(key)
           ^^^^^^^^^^^^^^^^^^^^^^^^
KeyError: 'username'
ERROR:app:Exception on /_obtener_geoJSON [GET]
Traceback (most recent call last):
  File "/home/cuartazona/redes/envRedes/lib/python3.11/site-packages/flask/app.py", line 2190, in wsgi_app
    response = self.full_dispatch_request()
               ^^^^^^^^^^^^^^^^^^^^^^^^^^^^
  File "/home/cuartazona/redes/envRedes/lib/python3.11/site-packages/flask/app.py", line 1486, in full_dispatch_request
    rv = self.handle_user_exception(e)
         ^^^^^^^^^^^^^^^^^^^^^^^^^^^^^
  File "/home/cuartazona/redes/envRedes/lib/python3.11/site-packages/flask/app.py", line 1484, in full_dispatch_request
    rv = self.dispatch_request()
         ^^^^^^^^^^^^^^^^^^^^^^^
  File "/home/cuartazona/redes/envRedes/lib/python3.11/site-packages/flask/app.py", line 1469, in dispatch_request
    return self.ensure_sync(self.view_functions[rule.endpoint])(**view_args)
           ^^^^^^^^^^^^^^^^^^^^^^^^^^^^^^^^^^^^^^^^^^^^^^^^^^^^^^^^^^^^^^^^^
  File "/home/cuartazona/redes/app/auxiliar.py", line 371, in obtener_geoJSON
    usuario = session['username']
              ~~~~~~~^^^^^^^^^^^^
  File "/home/cuartazona/redes/envRedes/lib/python3.11/site-packages/flask/sessions.py", line 79, in __getitem__
    return super().__getitem__(key)
           ^^^^^^^^^^^^^^^^^^^^^^^^
KeyError: 'username'
ERROR:app:Exception on /_obtener_geoJSON [GET]
Traceback (most recent call last):
  File "/home/cuartazona/redes/envRedes/lib/python3.11/site-packages/flask/app.py", line 2190, in wsgi_app
    response = self.full_dispatch_request()
               ^^^^^^^^^^^^^^^^^^^^^^^^^^^^
  File "/home/cuartazona/redes/envRedes/lib/python3.11/site-packages/flask/app.py", line 1486, in full_dispatch_request
    rv = self.handle_user_exception(e)
         ^^^^^^^^^^^^^^^^^^^^^^^^^^^^^
  File "/home/cuartazona/redes/envRedes/lib/python3.11/site-packages/flask/app.py", line 1484, in full_dispatch_request
    rv = self.dispatch_request()
         ^^^^^^^^^^^^^^^^^^^^^^^
  File "/home/cuartazona/redes/envRedes/lib/python3.11/site-packages/flask/app.py", line 1469, in dispatch_request
    return self.ensure_sync(self.view_functions[rule.endpoint])(**view_args)
           ^^^^^^^^^^^^^^^^^^^^^^^^^^^^^^^^^^^^^^^^^^^^^^^^^^^^^^^^^^^^^^^^^
  File "/home/cuartazona/redes/app/auxiliar.py", line 371, in obtener_geoJSON
    usuario = session['username']
              ~~~~~~~^^^^^^^^^^^^
  File "/home/cuartazona/redes/envRedes/lib/python3.11/site-packages/flask/sessions.py", line 79, in __getitem__
    return super().__getitem__(key)
           ^^^^^^^^^^^^^^^^^^^^^^^^
KeyError: 'username'
DEBUG:urllib3.connectionpool:Starting new HTTPS connection (1): servizos.meteogalicia.gal:443
DEBUG:urllib3.connectionpool:https://servizos.meteogalicia.gal:443 "GET /apiv4/getTidesInfo?coords=-7.761760914946379,42.60535776234809&startTime=2024-10-16T17:30:06&endTime=2024-10-16T17:30:06&API_KEY=GTTp4hc9KfIWz1aSCg55H64kT98aHi3Ni97nLwD9j8zPwgzQ1min0Bugr7syiGCA%20 HTTP/1.1" 200 103
DEBUG:urllib3.connectionpool:Starting new HTTPS connection (1): servizos.meteogalicia.gal:443
DEBUG:urllib3.connectionpool:https://servizos.meteogalicia.gal:443 "GET /apiv4/getTidesInfo?coords=-7.761760914946379,42.60535776234809&startTime=2024-10-17T16:02:21&endTime=2024-10-17T16:02:21&API_KEY=GTTp4hc9KfIWz1aSCg55H64kT98aHi3Ni97nLwD9j8zPwgzQ1min0Bugr7syiGCA%20 HTTP/1.1" 200 103
ERROR:app:Exception on /_genera_plantilla_importacion-sistemaFERR [GET]
Traceback (most recent call last):
  File "/home/cuartazona/redes/envRedes/lib/python3.11/site-packages/flask/app.py", line 2190, in wsgi_app
    response = self.full_dispatch_request()
               ^^^^^^^^^^^^^^^^^^^^^^^^^^^^
  File "/home/cuartazona/redes/envRedes/lib/python3.11/site-packages/flask/app.py", line 1486, in full_dispatch_request
    rv = self.handle_user_exception(e)
         ^^^^^^^^^^^^^^^^^^^^^^^^^^^^^
  File "/home/cuartazona/redes/envRedes/lib/python3.11/site-packages/flask/app.py", line 1484, in full_dispatch_request
    rv = self.dispatch_request()
         ^^^^^^^^^^^^^^^^^^^^^^^
  File "/home/cuartazona/redes/envRedes/lib/python3.11/site-packages/flask/app.py", line 1469, in dispatch_request
    return self.ensure_sync(self.view_functions[rule.endpoint])(**view_args)
           ^^^^^^^^^^^^^^^^^^^^^^^^^^^^^^^^^^^^^^^^^^^^^^^^^^^^^^^^^^^^^^^^^
  File "/home/cuartazona/redes/app/auxiliar.py", line 132, in wrap
    return func(*args, **kwargs)
           ^^^^^^^^^^^^^^^^^^^^^
  File "/home/cuartazona/redes/app/auxiliar.py", line 294, in wrap
    return fn(*args, **kwargs)
           ^^^^^^^^^^^^^^^^^^^
  File "/home/cuartazona/redes/app/auditoria.py", line 2136, in _genera_plantilla
    tabla_tratamientos.to_excel(
  File "/home/cuartazona/redes/envRedes/lib/python3.11/site-packages/pandas/util/_decorators.py", line 333, in wrapper
    return func(*args, **kwargs)
           ^^^^^^^^^^^^^^^^^^^^^
  File "/home/cuartazona/redes/envRedes/lib/python3.11/site-packages/pandas/core/generic.py", line 2417, in to_excel
    formatter.write(
  File "/home/cuartazona/redes/envRedes/lib/python3.11/site-packages/pandas/io/formats/excel.py", line 952, in write
    writer._write_cells(
  File "/home/cuartazona/redes/envRedes/lib/python3.11/site-packages/pandas/io/excel/_openpyxl.py", line 486, in _write_cells
    for cell in cells:
  File "/home/cuartazona/redes/envRedes/lib/python3.11/site-packages/pandas/io/formats/excel.py", line 889, in get_formatted_cells
    for cell in itertools.chain(self._format_header(), self._format_body()):
  File "/home/cuartazona/redes/envRedes/lib/python3.11/site-packages/pandas/io/formats/excel.py", line 696, in _format_header_regular
    raise ValueError(
ValueError: Writing 0 cols but got 4 aliases
ERROR:app:Exception on /_actualiza_motor [POST]
Traceback (most recent call last):
  File "/home/cuartazona/redes/envRedes/lib/python3.11/site-packages/flask/app.py", line 2190, in wsgi_app
    response = self.full_dispatch_request()
               ^^^^^^^^^^^^^^^^^^^^^^^^^^^^
  File "/home/cuartazona/redes/envRedes/lib/python3.11/site-packages/flask/app.py", line 1486, in full_dispatch_request
    rv = self.handle_user_exception(e)
         ^^^^^^^^^^^^^^^^^^^^^^^^^^^^^
  File "/home/cuartazona/redes/envRedes/lib/python3.11/site-packages/flask/app.py", line 1484, in full_dispatch_request
    rv = self.dispatch_request()
         ^^^^^^^^^^^^^^^^^^^^^^^
  File "/home/cuartazona/redes/envRedes/lib/python3.11/site-packages/flask/app.py", line 1469, in dispatch_request
    return self.ensure_sync(self.view_functions[rule.endpoint])(**view_args)
           ^^^^^^^^^^^^^^^^^^^^^^^^^^^^^^^^^^^^^^^^^^^^^^^^^^^^^^^^^^^^^^^^^
  File "/home/cuartazona/redes/app/auxiliar.py", line 132, in wrap
    return func(*args, **kwargs)
           ^^^^^^^^^^^^^^^^^^^^^
  File "/home/cuartazona/redes/app/auxiliar.py", line 145, in wrap
    return fn(*args, **kwargs)
           ^^^^^^^^^^^^^^^^^^^
  File "/home/cuartazona/redes/app/auxiliar.py", line 294, in wrap
    return fn(*args, **kwargs)
           ^^^^^^^^^^^^^^^^^^^
  File "/home/cuartazona/redes/app/auditoria.py", line 1534, in _actualiza_motor
    id_auditoria = session['id_auditoria']
                   ~~~~~~~^^^^^^^^^^^^^^^^
  File "/home/cuartazona/redes/envRedes/lib/python3.11/site-packages/flask/sessions.py", line 79, in __getitem__
    return super().__getitem__(key)
           ^^^^^^^^^^^^^^^^^^^^^^^^
KeyError: 'id_auditoria'
ERROR:app:Exception on /_actualiza_motor [POST]
Traceback (most recent call last):
  File "/home/cuartazona/redes/envRedes/lib/python3.11/site-packages/flask/app.py", line 2190, in wsgi_app
    response = self.full_dispatch_request()
               ^^^^^^^^^^^^^^^^^^^^^^^^^^^^
  File "/home/cuartazona/redes/envRedes/lib/python3.11/site-packages/flask/app.py", line 1486, in full_dispatch_request
    rv = self.handle_user_exception(e)
         ^^^^^^^^^^^^^^^^^^^^^^^^^^^^^
  File "/home/cuartazona/redes/envRedes/lib/python3.11/site-packages/flask/app.py", line 1484, in full_dispatch_request
    rv = self.dispatch_request()
         ^^^^^^^^^^^^^^^^^^^^^^^
  File "/home/cuartazona/redes/envRedes/lib/python3.11/site-packages/flask/app.py", line 1469, in dispatch_request
    return self.ensure_sync(self.view_functions[rule.endpoint])(**view_args)
           ^^^^^^^^^^^^^^^^^^^^^^^^^^^^^^^^^^^^^^^^^^^^^^^^^^^^^^^^^^^^^^^^^
  File "/home/cuartazona/redes/app/auxiliar.py", line 132, in wrap
    return func(*args, **kwargs)
           ^^^^^^^^^^^^^^^^^^^^^
  File "/home/cuartazona/redes/app/auxiliar.py", line 145, in wrap
    return fn(*args, **kwargs)
           ^^^^^^^^^^^^^^^^^^^
  File "/home/cuartazona/redes/app/auxiliar.py", line 294, in wrap
    return fn(*args, **kwargs)
           ^^^^^^^^^^^^^^^^^^^
  File "/home/cuartazona/redes/app/auditoria.py", line 1534, in _actualiza_motor
    id_auditoria = session['id_auditoria']
                   ~~~~~~~^^^^^^^^^^^^^^^^
  File "/home/cuartazona/redes/envRedes/lib/python3.11/site-packages/flask/sessions.py", line 79, in __getitem__
    return super().__getitem__(key)
           ^^^^^^^^^^^^^^^^^^^^^^^^
KeyError: 'id_auditoria'
DEBUG:urllib3.connectionpool:Starting new HTTPS connection (1): servizos.meteogalicia.gal:443
DEBUG:urllib3.connectionpool:https://servizos.meteogalicia.gal:443 "GET /apiv4/getTidesInfo?coords=-8.799091626182355,42.12941755987223&startTime=2024-10-18T13:42:49&endTime=2024-10-18T13:42:49&API_KEY=GTTp4hc9KfIWz1aSCg55H64kT98aHi3Ni97nLwD9j8zPwgzQ1min0Bugr7syiGCA%20 HTTP/1.1" 200 3567
DEBUG:urllib3.connectionpool:Starting new HTTPS connection (1): servizos.meteogalicia.gal:443
DEBUG:urllib3.connectionpool:https://servizos.meteogalicia.gal:443 "GET /apiv4/getTidesInfo?coords=-8.799091626182355,42.12941755987223&startTime=2024-10-18T13:43:45&endTime=2024-10-18T13:43:45&API_KEY=GTTp4hc9KfIWz1aSCg55H64kT98aHi3Ni97nLwD9j8zPwgzQ1min0Bugr7syiGCA%20 HTTP/1.1" 200 3567
DEBUG:urllib3.connectionpool:Starting new HTTPS connection (1): servizos.meteogalicia.gal:443
DEBUG:urllib3.connectionpool:https://servizos.meteogalicia.gal:443 "GET /apiv4/getTidesInfo?coords=-8.14749274397505,42.63103137260359&startTime=2024-10-21T09:55:35&endTime=2024-10-21T09:55:35&API_KEY=GTTp4hc9KfIWz1aSCg55H64kT98aHi3Ni97nLwD9j8zPwgzQ1min0Bugr7syiGCA%20 HTTP/1.1" 200 103
DEBUG:urllib3.connectionpool:Starting new HTTPS connection (1): servizos.meteogalicia.gal:443
DEBUG:urllib3.connectionpool:https://servizos.meteogalicia.gal:443 "GET /apiv4/getTidesInfo?coords=-8.653962388986109,42.60052181154104&startTime=2024-10-21T10:04:46&endTime=2024-10-21T10:04:46&API_KEY=GTTp4hc9KfIWz1aSCg55H64kT98aHi3Ni97nLwD9j8zPwgzQ1min0Bugr7syiGCA%20 HTTP/1.1" 200 3581
ERROR:app:Exception on /_subir_foto_equipo [POST]
Traceback (most recent call last):
  File "/home/cuartazona/redes/envRedes/lib/python3.11/site-packages/flask/app.py", line 2190, in wsgi_app
    response = self.full_dispatch_request()
               ^^^^^^^^^^^^^^^^^^^^^^^^^^^^
  File "/home/cuartazona/redes/envRedes/lib/python3.11/site-packages/flask/app.py", line 1486, in full_dispatch_request
    rv = self.handle_user_exception(e)
         ^^^^^^^^^^^^^^^^^^^^^^^^^^^^^
  File "/home/cuartazona/redes/envRedes/lib/python3.11/site-packages/flask/app.py", line 1484, in full_dispatch_request
    rv = self.dispatch_request()
         ^^^^^^^^^^^^^^^^^^^^^^^
  File "/home/cuartazona/redes/envRedes/lib/python3.11/site-packages/flask/app.py", line 1469, in dispatch_request
    return self.ensure_sync(self.view_functions[rule.endpoint])(**view_args)
           ^^^^^^^^^^^^^^^^^^^^^^^^^^^^^^^^^^^^^^^^^^^^^^^^^^^^^^^^^^^^^^^^^
  File "/home/cuartazona/redes/app/auxiliar.py", line 132, in wrap
    return func(*args, **kwargs)
           ^^^^^^^^^^^^^^^^^^^^^
  File "/home/cuartazona/redes/app/auxiliar.py", line 145, in wrap
    return fn(*args, **kwargs)
           ^^^^^^^^^^^^^^^^^^^
  File "/home/cuartazona/redes/app/auxiliar.py", line 294, in wrap
    return fn(*args, **kwargs)
           ^^^^^^^^^^^^^^^^^^^
  File "/home/cuartazona/redes/app/auditoria.py", line 1022, in _subir_foto_equipo
    if session["id_auditoria"] in auditorias:
       ~~~~~~~^^^^^^^^^^^^^^^^
  File "/home/cuartazona/redes/envRedes/lib/python3.11/site-packages/flask/sessions.py", line 79, in __getitem__
    return super().__getitem__(key)
           ^^^^^^^^^^^^^^^^^^^^^^^^
KeyError: 'id_auditoria'
ERROR:app:Exception on /_subir_foto_equipo [POST]
Traceback (most recent call last):
  File "/home/cuartazona/redes/envRedes/lib/python3.11/site-packages/flask/app.py", line 2190, in wsgi_app
    response = self.full_dispatch_request()
               ^^^^^^^^^^^^^^^^^^^^^^^^^^^^
  File "/home/cuartazona/redes/envRedes/lib/python3.11/site-packages/flask/app.py", line 1486, in full_dispatch_request
    rv = self.handle_user_exception(e)
         ^^^^^^^^^^^^^^^^^^^^^^^^^^^^^
  File "/home/cuartazona/redes/envRedes/lib/python3.11/site-packages/flask/app.py", line 1484, in full_dispatch_request
    rv = self.dispatch_request()
         ^^^^^^^^^^^^^^^^^^^^^^^
  File "/home/cuartazona/redes/envRedes/lib/python3.11/site-packages/flask/app.py", line 1469, in dispatch_request
    return self.ensure_sync(self.view_functions[rule.endpoint])(**view_args)
           ^^^^^^^^^^^^^^^^^^^^^^^^^^^^^^^^^^^^^^^^^^^^^^^^^^^^^^^^^^^^^^^^^
  File "/home/cuartazona/redes/app/auxiliar.py", line 132, in wrap
    return func(*args, **kwargs)
           ^^^^^^^^^^^^^^^^^^^^^
  File "/home/cuartazona/redes/app/auxiliar.py", line 145, in wrap
    return fn(*args, **kwargs)
           ^^^^^^^^^^^^^^^^^^^
  File "/home/cuartazona/redes/app/auxiliar.py", line 294, in wrap
    return fn(*args, **kwargs)
           ^^^^^^^^^^^^^^^^^^^
  File "/home/cuartazona/redes/app/auditoria.py", line 1022, in _subir_foto_equipo
    if session["id_auditoria"] in auditorias:
       ~~~~~~~^^^^^^^^^^^^^^^^
  File "/home/cuartazona/redes/envRedes/lib/python3.11/site-packages/flask/sessions.py", line 79, in __getitem__
    return super().__getitem__(key)
           ^^^^^^^^^^^^^^^^^^^^^^^^
KeyError: 'id_auditoria'
ERROR:app:Exception on /_subir_foto_equipo [POST]
Traceback (most recent call last):
  File "/home/cuartazona/redes/envRedes/lib/python3.11/site-packages/flask/app.py", line 2190, in wsgi_app
    response = self.full_dispatch_request()
               ^^^^^^^^^^^^^^^^^^^^^^^^^^^^
  File "/home/cuartazona/redes/envRedes/lib/python3.11/site-packages/flask/app.py", line 1486, in full_dispatch_request
    rv = self.handle_user_exception(e)
         ^^^^^^^^^^^^^^^^^^^^^^^^^^^^^
  File "/home/cuartazona/redes/envRedes/lib/python3.11/site-packages/flask/app.py", line 1484, in full_dispatch_request
    rv = self.dispatch_request()
         ^^^^^^^^^^^^^^^^^^^^^^^
  File "/home/cuartazona/redes/envRedes/lib/python3.11/site-packages/flask/app.py", line 1469, in dispatch_request
    return self.ensure_sync(self.view_functions[rule.endpoint])(**view_args)
           ^^^^^^^^^^^^^^^^^^^^^^^^^^^^^^^^^^^^^^^^^^^^^^^^^^^^^^^^^^^^^^^^^
  File "/home/cuartazona/redes/app/auxiliar.py", line 132, in wrap
    return func(*args, **kwargs)
           ^^^^^^^^^^^^^^^^^^^^^
  File "/home/cuartazona/redes/app/auxiliar.py", line 145, in wrap
    return fn(*args, **kwargs)
           ^^^^^^^^^^^^^^^^^^^
  File "/home/cuartazona/redes/app/auxiliar.py", line 294, in wrap
    return fn(*args, **kwargs)
           ^^^^^^^^^^^^^^^^^^^
  File "/home/cuartazona/redes/app/auditoria.py", line 1022, in _subir_foto_equipo
    if session["id_auditoria"] in auditorias:
       ~~~~~~~^^^^^^^^^^^^^^^^
  File "/home/cuartazona/redes/envRedes/lib/python3.11/site-packages/flask/sessions.py", line 79, in __getitem__
    return super().__getitem__(key)
           ^^^^^^^^^^^^^^^^^^^^^^^^
KeyError: 'id_auditoria'
ERROR:app:Exception on /_subir_foto_equipo [POST]
Traceback (most recent call last):
  File "/home/cuartazona/redes/envRedes/lib/python3.11/site-packages/flask/app.py", line 2190, in wsgi_app
    response = self.full_dispatch_request()
               ^^^^^^^^^^^^^^^^^^^^^^^^^^^^
  File "/home/cuartazona/redes/envRedes/lib/python3.11/site-packages/flask/app.py", line 1486, in full_dispatch_request
    rv = self.handle_user_exception(e)
         ^^^^^^^^^^^^^^^^^^^^^^^^^^^^^
  File "/home/cuartazona/redes/envRedes/lib/python3.11/site-packages/flask/app.py", line 1484, in full_dispatch_request
    rv = self.dispatch_request()
         ^^^^^^^^^^^^^^^^^^^^^^^
  File "/home/cuartazona/redes/envRedes/lib/python3.11/site-packages/flask/app.py", line 1469, in dispatch_request
    return self.ensure_sync(self.view_functions[rule.endpoint])(**view_args)
           ^^^^^^^^^^^^^^^^^^^^^^^^^^^^^^^^^^^^^^^^^^^^^^^^^^^^^^^^^^^^^^^^^
  File "/home/cuartazona/redes/app/auxiliar.py", line 132, in wrap
    return func(*args, **kwargs)
           ^^^^^^^^^^^^^^^^^^^^^
  File "/home/cuartazona/redes/app/auxiliar.py", line 145, in wrap
    return fn(*args, **kwargs)
           ^^^^^^^^^^^^^^^^^^^
  File "/home/cuartazona/redes/app/auxiliar.py", line 294, in wrap
    return fn(*args, **kwargs)
           ^^^^^^^^^^^^^^^^^^^
  File "/home/cuartazona/redes/app/auditoria.py", line 1022, in _subir_foto_equipo
    if session["id_auditoria"] in auditorias:
       ~~~~~~~^^^^^^^^^^^^^^^^
  File "/home/cuartazona/redes/envRedes/lib/python3.11/site-packages/flask/sessions.py", line 79, in __getitem__
    return super().__getitem__(key)
           ^^^^^^^^^^^^^^^^^^^^^^^^
KeyError: 'id_auditoria'
ERROR:app:Exception on /_subir_foto_equipo [POST]
Traceback (most recent call last):
  File "/home/cuartazona/redes/envRedes/lib/python3.11/site-packages/flask/app.py", line 2190, in wsgi_app
    response = self.full_dispatch_request()
               ^^^^^^^^^^^^^^^^^^^^^^^^^^^^
  File "/home/cuartazona/redes/envRedes/lib/python3.11/site-packages/flask/app.py", line 1486, in full_dispatch_request
    rv = self.handle_user_exception(e)
         ^^^^^^^^^^^^^^^^^^^^^^^^^^^^^
  File "/home/cuartazona/redes/envRedes/lib/python3.11/site-packages/flask/app.py", line 1484, in full_dispatch_request
    rv = self.dispatch_request()
         ^^^^^^^^^^^^^^^^^^^^^^^
  File "/home/cuartazona/redes/envRedes/lib/python3.11/site-packages/flask/app.py", line 1469, in dispatch_request
    return self.ensure_sync(self.view_functions[rule.endpoint])(**view_args)
           ^^^^^^^^^^^^^^^^^^^^^^^^^^^^^^^^^^^^^^^^^^^^^^^^^^^^^^^^^^^^^^^^^
  File "/home/cuartazona/redes/app/auxiliar.py", line 132, in wrap
    return func(*args, **kwargs)
           ^^^^^^^^^^^^^^^^^^^^^
  File "/home/cuartazona/redes/app/auxiliar.py", line 145, in wrap
    return fn(*args, **kwargs)
           ^^^^^^^^^^^^^^^^^^^
  File "/home/cuartazona/redes/app/auxiliar.py", line 294, in wrap
    return fn(*args, **kwargs)
           ^^^^^^^^^^^^^^^^^^^
  File "/home/cuartazona/redes/app/auditoria.py", line 1022, in _subir_foto_equipo
    if session["id_auditoria"] in auditorias:
       ~~~~~~~^^^^^^^^^^^^^^^^
  File "/home/cuartazona/redes/envRedes/lib/python3.11/site-packages/flask/sessions.py", line 79, in __getitem__
    return super().__getitem__(key)
           ^^^^^^^^^^^^^^^^^^^^^^^^
KeyError: 'id_auditoria'
ERROR:app:Exception on /_subir_foto_equipo [POST]
Traceback (most recent call last):
  File "/home/cuartazona/redes/envRedes/lib/python3.11/site-packages/flask/app.py", line 2190, in wsgi_app
    response = self.full_dispatch_request()
               ^^^^^^^^^^^^^^^^^^^^^^^^^^^^
  File "/home/cuartazona/redes/envRedes/lib/python3.11/site-packages/flask/app.py", line 1486, in full_dispatch_request
    rv = self.handle_user_exception(e)
         ^^^^^^^^^^^^^^^^^^^^^^^^^^^^^
  File "/home/cuartazona/redes/envRedes/lib/python3.11/site-packages/flask/app.py", line 1484, in full_dispatch_request
    rv = self.dispatch_request()
         ^^^^^^^^^^^^^^^^^^^^^^^
  File "/home/cuartazona/redes/envRedes/lib/python3.11/site-packages/flask/app.py", line 1469, in dispatch_request
    return self.ensure_sync(self.view_functions[rule.endpoint])(**view_args)
           ^^^^^^^^^^^^^^^^^^^^^^^^^^^^^^^^^^^^^^^^^^^^^^^^^^^^^^^^^^^^^^^^^
  File "/home/cuartazona/redes/app/auxiliar.py", line 132, in wrap
    return func(*args, **kwargs)
           ^^^^^^^^^^^^^^^^^^^^^
  File "/home/cuartazona/redes/app/auxiliar.py", line 145, in wrap
    return fn(*args, **kwargs)
           ^^^^^^^^^^^^^^^^^^^
  File "/home/cuartazona/redes/app/auxiliar.py", line 294, in wrap
    return fn(*args, **kwargs)
           ^^^^^^^^^^^^^^^^^^^
  File "/home/cuartazona/redes/app/auditoria.py", line 1022, in _subir_foto_equipo
    if session["id_auditoria"] in auditorias:
       ~~~~~~~^^^^^^^^^^^^^^^^
  File "/home/cuartazona/redes/envRedes/lib/python3.11/site-packages/flask/sessions.py", line 79, in __getitem__
    return super().__getitem__(key)
           ^^^^^^^^^^^^^^^^^^^^^^^^
KeyError: 'id_auditoria'
ERROR:app:Exception on /_subir_foto_equipo [POST]
Traceback (most recent call last):
  File "/home/cuartazona/redes/envRedes/lib/python3.11/site-packages/flask/app.py", line 2190, in wsgi_app
    response = self.full_dispatch_request()
               ^^^^^^^^^^^^^^^^^^^^^^^^^^^^
  File "/home/cuartazona/redes/envRedes/lib/python3.11/site-packages/flask/app.py", line 1486, in full_dispatch_request
    rv = self.handle_user_exception(e)
         ^^^^^^^^^^^^^^^^^^^^^^^^^^^^^
  File "/home/cuartazona/redes/envRedes/lib/python3.11/site-packages/flask/app.py", line 1484, in full_dispatch_request
    rv = self.dispatch_request()
         ^^^^^^^^^^^^^^^^^^^^^^^
  File "/home/cuartazona/redes/envRedes/lib/python3.11/site-packages/flask/app.py", line 1469, in dispatch_request
    return self.ensure_sync(self.view_functions[rule.endpoint])(**view_args)
           ^^^^^^^^^^^^^^^^^^^^^^^^^^^^^^^^^^^^^^^^^^^^^^^^^^^^^^^^^^^^^^^^^
  File "/home/cuartazona/redes/app/auxiliar.py", line 132, in wrap
    return func(*args, **kwargs)
           ^^^^^^^^^^^^^^^^^^^^^
  File "/home/cuartazona/redes/app/auxiliar.py", line 145, in wrap
    return fn(*args, **kwargs)
           ^^^^^^^^^^^^^^^^^^^
  File "/home/cuartazona/redes/app/auxiliar.py", line 294, in wrap
    return fn(*args, **kwargs)
           ^^^^^^^^^^^^^^^^^^^
  File "/home/cuartazona/redes/app/auditoria.py", line 1022, in _subir_foto_equipo
    if session["id_auditoria"] in auditorias:
       ~~~~~~~^^^^^^^^^^^^^^^^
  File "/home/cuartazona/redes/envRedes/lib/python3.11/site-packages/flask/sessions.py", line 79, in __getitem__
    return super().__getitem__(key)
           ^^^^^^^^^^^^^^^^^^^^^^^^
KeyError: 'id_auditoria'
ERROR:app:Exception on /_subir_foto_equipo [POST]
Traceback (most recent call last):
  File "/home/cuartazona/redes/envRedes/lib/python3.11/site-packages/flask/app.py", line 2190, in wsgi_app
    response = self.full_dispatch_request()
               ^^^^^^^^^^^^^^^^^^^^^^^^^^^^
  File "/home/cuartazona/redes/envRedes/lib/python3.11/site-packages/flask/app.py", line 1486, in full_dispatch_request
    rv = self.handle_user_exception(e)
         ^^^^^^^^^^^^^^^^^^^^^^^^^^^^^
  File "/home/cuartazona/redes/envRedes/lib/python3.11/site-packages/flask/app.py", line 1484, in full_dispatch_request
    rv = self.dispatch_request()
         ^^^^^^^^^^^^^^^^^^^^^^^
  File "/home/cuartazona/redes/envRedes/lib/python3.11/site-packages/flask/app.py", line 1469, in dispatch_request
    return self.ensure_sync(self.view_functions[rule.endpoint])(**view_args)
           ^^^^^^^^^^^^^^^^^^^^^^^^^^^^^^^^^^^^^^^^^^^^^^^^^^^^^^^^^^^^^^^^^
  File "/home/cuartazona/redes/app/auxiliar.py", line 132, in wrap
    return func(*args, **kwargs)
           ^^^^^^^^^^^^^^^^^^^^^
  File "/home/cuartazona/redes/app/auxiliar.py", line 145, in wrap
    return fn(*args, **kwargs)
           ^^^^^^^^^^^^^^^^^^^
  File "/home/cuartazona/redes/app/auxiliar.py", line 294, in wrap
    return fn(*args, **kwargs)
           ^^^^^^^^^^^^^^^^^^^
  File "/home/cuartazona/redes/app/auditoria.py", line 1022, in _subir_foto_equipo
    if session["id_auditoria"] in auditorias:
       ~~~~~~~^^^^^^^^^^^^^^^^
  File "/home/cuartazona/redes/envRedes/lib/python3.11/site-packages/flask/sessions.py", line 79, in __getitem__
    return super().__getitem__(key)
           ^^^^^^^^^^^^^^^^^^^^^^^^
KeyError: 'id_auditoria'
ERROR:app:Exception on /_subir_foto_equipo [POST]
Traceback (most recent call last):
  File "/home/cuartazona/redes/envRedes/lib/python3.11/site-packages/flask/app.py", line 2190, in wsgi_app
    response = self.full_dispatch_request()
               ^^^^^^^^^^^^^^^^^^^^^^^^^^^^
  File "/home/cuartazona/redes/envRedes/lib/python3.11/site-packages/flask/app.py", line 1486, in full_dispatch_request
    rv = self.handle_user_exception(e)
         ^^^^^^^^^^^^^^^^^^^^^^^^^^^^^
  File "/home/cuartazona/redes/envRedes/lib/python3.11/site-packages/flask/app.py", line 1484, in full_dispatch_request
    rv = self.dispatch_request()
         ^^^^^^^^^^^^^^^^^^^^^^^
  File "/home/cuartazona/redes/envRedes/lib/python3.11/site-packages/flask/app.py", line 1469, in dispatch_request
    return self.ensure_sync(self.view_functions[rule.endpoint])(**view_args)
           ^^^^^^^^^^^^^^^^^^^^^^^^^^^^^^^^^^^^^^^^^^^^^^^^^^^^^^^^^^^^^^^^^
  File "/home/cuartazona/redes/app/auxiliar.py", line 132, in wrap
    return func(*args, **kwargs)
           ^^^^^^^^^^^^^^^^^^^^^
  File "/home/cuartazona/redes/app/auxiliar.py", line 145, in wrap
    return fn(*args, **kwargs)
           ^^^^^^^^^^^^^^^^^^^
  File "/home/cuartazona/redes/app/auxiliar.py", line 294, in wrap
    return fn(*args, **kwargs)
           ^^^^^^^^^^^^^^^^^^^
  File "/home/cuartazona/redes/app/auditoria.py", line 1022, in _subir_foto_equipo
    if session["id_auditoria"] in auditorias:
       ~~~~~~~^^^^^^^^^^^^^^^^
  File "/home/cuartazona/redes/envRedes/lib/python3.11/site-packages/flask/sessions.py", line 79, in __getitem__
    return super().__getitem__(key)
           ^^^^^^^^^^^^^^^^^^^^^^^^
KeyError: 'id_auditoria'
ERROR:app:Exception on /_subir_foto_equipo [POST]
Traceback (most recent call last):
  File "/home/cuartazona/redes/envRedes/lib/python3.11/site-packages/flask/app.py", line 2190, in wsgi_app
    response = self.full_dispatch_request()
               ^^^^^^^^^^^^^^^^^^^^^^^^^^^^
  File "/home/cuartazona/redes/envRedes/lib/python3.11/site-packages/flask/app.py", line 1486, in full_dispatch_request
    rv = self.handle_user_exception(e)
         ^^^^^^^^^^^^^^^^^^^^^^^^^^^^^
  File "/home/cuartazona/redes/envRedes/lib/python3.11/site-packages/flask/app.py", line 1484, in full_dispatch_request
    rv = self.dispatch_request()
         ^^^^^^^^^^^^^^^^^^^^^^^
  File "/home/cuartazona/redes/envRedes/lib/python3.11/site-packages/flask/app.py", line 1469, in dispatch_request
    return self.ensure_sync(self.view_functions[rule.endpoint])(**view_args)
           ^^^^^^^^^^^^^^^^^^^^^^^^^^^^^^^^^^^^^^^^^^^^^^^^^^^^^^^^^^^^^^^^^
  File "/home/cuartazona/redes/app/auxiliar.py", line 132, in wrap
    return func(*args, **kwargs)
           ^^^^^^^^^^^^^^^^^^^^^
  File "/home/cuartazona/redes/app/auxiliar.py", line 145, in wrap
    return fn(*args, **kwargs)
           ^^^^^^^^^^^^^^^^^^^
  File "/home/cuartazona/redes/app/auxiliar.py", line 294, in wrap
    return fn(*args, **kwargs)
           ^^^^^^^^^^^^^^^^^^^
  File "/home/cuartazona/redes/app/auditoria.py", line 1022, in _subir_foto_equipo
    if session["id_auditoria"] in auditorias:
       ~~~~~~~^^^^^^^^^^^^^^^^
  File "/home/cuartazona/redes/envRedes/lib/python3.11/site-packages/flask/sessions.py", line 79, in __getitem__
    return super().__getitem__(key)
           ^^^^^^^^^^^^^^^^^^^^^^^^
KeyError: 'id_auditoria'
ERROR:app:Exception on /_subir_foto_equipo [POST]
Traceback (most recent call last):
  File "/home/cuartazona/redes/envRedes/lib/python3.11/site-packages/flask/app.py", line 2190, in wsgi_app
    response = self.full_dispatch_request()
               ^^^^^^^^^^^^^^^^^^^^^^^^^^^^
  File "/home/cuartazona/redes/envRedes/lib/python3.11/site-packages/flask/app.py", line 1486, in full_dispatch_request
    rv = self.handle_user_exception(e)
         ^^^^^^^^^^^^^^^^^^^^^^^^^^^^^
  File "/home/cuartazona/redes/envRedes/lib/python3.11/site-packages/flask/app.py", line 1484, in full_dispatch_request
    rv = self.dispatch_request()
         ^^^^^^^^^^^^^^^^^^^^^^^
  File "/home/cuartazona/redes/envRedes/lib/python3.11/site-packages/flask/app.py", line 1469, in dispatch_request
    return self.ensure_sync(self.view_functions[rule.endpoint])(**view_args)
           ^^^^^^^^^^^^^^^^^^^^^^^^^^^^^^^^^^^^^^^^^^^^^^^^^^^^^^^^^^^^^^^^^
  File "/home/cuartazona/redes/app/auxiliar.py", line 132, in wrap
    return func(*args, **kwargs)
           ^^^^^^^^^^^^^^^^^^^^^
  File "/home/cuartazona/redes/app/auxiliar.py", line 145, in wrap
    return fn(*args, **kwargs)
           ^^^^^^^^^^^^^^^^^^^
  File "/home/cuartazona/redes/app/auxiliar.py", line 294, in wrap
    return fn(*args, **kwargs)
           ^^^^^^^^^^^^^^^^^^^
  File "/home/cuartazona/redes/app/auditoria.py", line 1022, in _subir_foto_equipo
    if session["id_auditoria"] in auditorias:
       ~~~~~~~^^^^^^^^^^^^^^^^
  File "/home/cuartazona/redes/envRedes/lib/python3.11/site-packages/flask/sessions.py", line 79, in __getitem__
    return super().__getitem__(key)
           ^^^^^^^^^^^^^^^^^^^^^^^^
KeyError: 'id_auditoria'
ERROR:app:Exception on /_subir_foto_equipo [POST]
Traceback (most recent call last):
  File "/home/cuartazona/redes/envRedes/lib/python3.11/site-packages/flask/app.py", line 2190, in wsgi_app
    response = self.full_dispatch_request()
               ^^^^^^^^^^^^^^^^^^^^^^^^^^^^
  File "/home/cuartazona/redes/envRedes/lib/python3.11/site-packages/flask/app.py", line 1486, in full_dispatch_request
    rv = self.handle_user_exception(e)
         ^^^^^^^^^^^^^^^^^^^^^^^^^^^^^
  File "/home/cuartazona/redes/envRedes/lib/python3.11/site-packages/flask/app.py", line 1484, in full_dispatch_request
    rv = self.dispatch_request()
         ^^^^^^^^^^^^^^^^^^^^^^^
  File "/home/cuartazona/redes/envRedes/lib/python3.11/site-packages/flask/app.py", line 1469, in dispatch_request
    return self.ensure_sync(self.view_functions[rule.endpoint])(**view_args)
           ^^^^^^^^^^^^^^^^^^^^^^^^^^^^^^^^^^^^^^^^^^^^^^^^^^^^^^^^^^^^^^^^^
  File "/home/cuartazona/redes/app/auxiliar.py", line 132, in wrap
    return func(*args, **kwargs)
           ^^^^^^^^^^^^^^^^^^^^^
  File "/home/cuartazona/redes/app/auxiliar.py", line 145, in wrap
    return fn(*args, **kwargs)
           ^^^^^^^^^^^^^^^^^^^
  File "/home/cuartazona/redes/app/auxiliar.py", line 294, in wrap
    return fn(*args, **kwargs)
           ^^^^^^^^^^^^^^^^^^^
  File "/home/cuartazona/redes/app/auditoria.py", line 1022, in _subir_foto_equipo
    if session["id_auditoria"] in auditorias:
       ~~~~~~~^^^^^^^^^^^^^^^^
  File "/home/cuartazona/redes/envRedes/lib/python3.11/site-packages/flask/sessions.py", line 79, in __getitem__
    return super().__getitem__(key)
           ^^^^^^^^^^^^^^^^^^^^^^^^
KeyError: 'id_auditoria'
ERROR:app:Exception on /_subir_foto_equipo [POST]
Traceback (most recent call last):
  File "/home/cuartazona/redes/envRedes/lib/python3.11/site-packages/flask/app.py", line 2190, in wsgi_app
    response = self.full_dispatch_request()
               ^^^^^^^^^^^^^^^^^^^^^^^^^^^^
  File "/home/cuartazona/redes/envRedes/lib/python3.11/site-packages/flask/app.py", line 1486, in full_dispatch_request
    rv = self.handle_user_exception(e)
         ^^^^^^^^^^^^^^^^^^^^^^^^^^^^^
  File "/home/cuartazona/redes/envRedes/lib/python3.11/site-packages/flask/app.py", line 1484, in full_dispatch_request
    rv = self.dispatch_request()
         ^^^^^^^^^^^^^^^^^^^^^^^
  File "/home/cuartazona/redes/envRedes/lib/python3.11/site-packages/flask/app.py", line 1469, in dispatch_request
    return self.ensure_sync(self.view_functions[rule.endpoint])(**view_args)
           ^^^^^^^^^^^^^^^^^^^^^^^^^^^^^^^^^^^^^^^^^^^^^^^^^^^^^^^^^^^^^^^^^
  File "/home/cuartazona/redes/app/auxiliar.py", line 132, in wrap
    return func(*args, **kwargs)
           ^^^^^^^^^^^^^^^^^^^^^
  File "/home/cuartazona/redes/app/auxiliar.py", line 145, in wrap
    return fn(*args, **kwargs)
           ^^^^^^^^^^^^^^^^^^^
  File "/home/cuartazona/redes/app/auxiliar.py", line 294, in wrap
    return fn(*args, **kwargs)
           ^^^^^^^^^^^^^^^^^^^
  File "/home/cuartazona/redes/app/auditoria.py", line 1022, in _subir_foto_equipo
    if session["id_auditoria"] in auditorias:
       ~~~~~~~^^^^^^^^^^^^^^^^
  File "/home/cuartazona/redes/envRedes/lib/python3.11/site-packages/flask/sessions.py", line 79, in __getitem__
    return super().__getitem__(key)
           ^^^^^^^^^^^^^^^^^^^^^^^^
KeyError: 'id_auditoria'
ERROR:app:Exception on /_subir_foto_equipo [POST]
Traceback (most recent call last):
  File "/home/cuartazona/redes/envRedes/lib/python3.11/site-packages/flask/app.py", line 2190, in wsgi_app
    response = self.full_dispatch_request()
               ^^^^^^^^^^^^^^^^^^^^^^^^^^^^
  File "/home/cuartazona/redes/envRedes/lib/python3.11/site-packages/flask/app.py", line 1486, in full_dispatch_request
    rv = self.handle_user_exception(e)
         ^^^^^^^^^^^^^^^^^^^^^^^^^^^^^
  File "/home/cuartazona/redes/envRedes/lib/python3.11/site-packages/flask/app.py", line 1484, in full_dispatch_request
    rv = self.dispatch_request()
         ^^^^^^^^^^^^^^^^^^^^^^^
  File "/home/cuartazona/redes/envRedes/lib/python3.11/site-packages/flask/app.py", line 1469, in dispatch_request
    return self.ensure_sync(self.view_functions[rule.endpoint])(**view_args)
           ^^^^^^^^^^^^^^^^^^^^^^^^^^^^^^^^^^^^^^^^^^^^^^^^^^^^^^^^^^^^^^^^^
  File "/home/cuartazona/redes/app/auxiliar.py", line 132, in wrap
    return func(*args, **kwargs)
           ^^^^^^^^^^^^^^^^^^^^^
  File "/home/cuartazona/redes/app/auxiliar.py", line 145, in wrap
    return fn(*args, **kwargs)
           ^^^^^^^^^^^^^^^^^^^
  File "/home/cuartazona/redes/app/auxiliar.py", line 294, in wrap
    return fn(*args, **kwargs)
           ^^^^^^^^^^^^^^^^^^^
  File "/home/cuartazona/redes/app/auditoria.py", line 1022, in _subir_foto_equipo
    if session["id_auditoria"] in auditorias:
       ~~~~~~~^^^^^^^^^^^^^^^^
  File "/home/cuartazona/redes/envRedes/lib/python3.11/site-packages/flask/sessions.py", line 79, in __getitem__
    return super().__getitem__(key)
           ^^^^^^^^^^^^^^^^^^^^^^^^
KeyError: 'id_auditoria'
ERROR:app:Exception on /_subir_foto_equipo [POST]
Traceback (most recent call last):
  File "/home/cuartazona/redes/envRedes/lib/python3.11/site-packages/flask/app.py", line 2190, in wsgi_app
    response = self.full_dispatch_request()
               ^^^^^^^^^^^^^^^^^^^^^^^^^^^^
  File "/home/cuartazona/redes/envRedes/lib/python3.11/site-packages/flask/app.py", line 1486, in full_dispatch_request
    rv = self.handle_user_exception(e)
         ^^^^^^^^^^^^^^^^^^^^^^^^^^^^^
  File "/home/cuartazona/redes/envRedes/lib/python3.11/site-packages/flask/app.py", line 1484, in full_dispatch_request
    rv = self.dispatch_request()
         ^^^^^^^^^^^^^^^^^^^^^^^
  File "/home/cuartazona/redes/envRedes/lib/python3.11/site-packages/flask/app.py", line 1469, in dispatch_request
    return self.ensure_sync(self.view_functions[rule.endpoint])(**view_args)
           ^^^^^^^^^^^^^^^^^^^^^^^^^^^^^^^^^^^^^^^^^^^^^^^^^^^^^^^^^^^^^^^^^
  File "/home/cuartazona/redes/app/auxiliar.py", line 132, in wrap
    return func(*args, **kwargs)
           ^^^^^^^^^^^^^^^^^^^^^
  File "/home/cuartazona/redes/app/auxiliar.py", line 145, in wrap
    return fn(*args, **kwargs)
           ^^^^^^^^^^^^^^^^^^^
  File "/home/cuartazona/redes/app/auxiliar.py", line 294, in wrap
    return fn(*args, **kwargs)
           ^^^^^^^^^^^^^^^^^^^
  File "/home/cuartazona/redes/app/auditoria.py", line 1022, in _subir_foto_equipo
    if session["id_auditoria"] in auditorias:
       ~~~~~~~^^^^^^^^^^^^^^^^
  File "/home/cuartazona/redes/envRedes/lib/python3.11/site-packages/flask/sessions.py", line 79, in __getitem__
    return super().__getitem__(key)
           ^^^^^^^^^^^^^^^^^^^^^^^^
KeyError: 'id_auditoria'
ERROR:app:Exception on /_subir_foto_equipo [POST]
Traceback (most recent call last):
  File "/home/cuartazona/redes/envRedes/lib/python3.11/site-packages/flask/app.py", line 2190, in wsgi_app
    response = self.full_dispatch_request()
               ^^^^^^^^^^^^^^^^^^^^^^^^^^^^
  File "/home/cuartazona/redes/envRedes/lib/python3.11/site-packages/flask/app.py", line 1486, in full_dispatch_request
    rv = self.handle_user_exception(e)
         ^^^^^^^^^^^^^^^^^^^^^^^^^^^^^
  File "/home/cuartazona/redes/envRedes/lib/python3.11/site-packages/flask/app.py", line 1484, in full_dispatch_request
    rv = self.dispatch_request()
         ^^^^^^^^^^^^^^^^^^^^^^^
  File "/home/cuartazona/redes/envRedes/lib/python3.11/site-packages/flask/app.py", line 1469, in dispatch_request
    return self.ensure_sync(self.view_functions[rule.endpoint])(**view_args)
           ^^^^^^^^^^^^^^^^^^^^^^^^^^^^^^^^^^^^^^^^^^^^^^^^^^^^^^^^^^^^^^^^^
  File "/home/cuartazona/redes/app/auxiliar.py", line 132, in wrap
    return func(*args, **kwargs)
           ^^^^^^^^^^^^^^^^^^^^^
  File "/home/cuartazona/redes/app/auxiliar.py", line 145, in wrap
    return fn(*args, **kwargs)
           ^^^^^^^^^^^^^^^^^^^
  File "/home/cuartazona/redes/app/auxiliar.py", line 294, in wrap
    return fn(*args, **kwargs)
           ^^^^^^^^^^^^^^^^^^^
  File "/home/cuartazona/redes/app/auditoria.py", line 1022, in _subir_foto_equipo
    if session["id_auditoria"] in auditorias:
       ~~~~~~~^^^^^^^^^^^^^^^^
  File "/home/cuartazona/redes/envRedes/lib/python3.11/site-packages/flask/sessions.py", line 79, in __getitem__
    return super().__getitem__(key)
           ^^^^^^^^^^^^^^^^^^^^^^^^
KeyError: 'id_auditoria'
ERROR:app:Exception on /_subir_foto_equipo [POST]
Traceback (most recent call last):
  File "/home/cuartazona/redes/envRedes/lib/python3.11/site-packages/flask/app.py", line 2190, in wsgi_app
    response = self.full_dispatch_request()
               ^^^^^^^^^^^^^^^^^^^^^^^^^^^^
  File "/home/cuartazona/redes/envRedes/lib/python3.11/site-packages/flask/app.py", line 1486, in full_dispatch_request
    rv = self.handle_user_exception(e)
         ^^^^^^^^^^^^^^^^^^^^^^^^^^^^^
  File "/home/cuartazona/redes/envRedes/lib/python3.11/site-packages/flask/app.py", line 1484, in full_dispatch_request
    rv = self.dispatch_request()
         ^^^^^^^^^^^^^^^^^^^^^^^
  File "/home/cuartazona/redes/envRedes/lib/python3.11/site-packages/flask/app.py", line 1469, in dispatch_request
    return self.ensure_sync(self.view_functions[rule.endpoint])(**view_args)
           ^^^^^^^^^^^^^^^^^^^^^^^^^^^^^^^^^^^^^^^^^^^^^^^^^^^^^^^^^^^^^^^^^
  File "/home/cuartazona/redes/app/auxiliar.py", line 132, in wrap
    return func(*args, **kwargs)
           ^^^^^^^^^^^^^^^^^^^^^
  File "/home/cuartazona/redes/app/auxiliar.py", line 145, in wrap
    return fn(*args, **kwargs)
           ^^^^^^^^^^^^^^^^^^^
  File "/home/cuartazona/redes/app/auxiliar.py", line 294, in wrap
    return fn(*args, **kwargs)
           ^^^^^^^^^^^^^^^^^^^
  File "/home/cuartazona/redes/app/auditoria.py", line 1022, in _subir_foto_equipo
    if session["id_auditoria"] in auditorias:
       ~~~~~~~^^^^^^^^^^^^^^^^
  File "/home/cuartazona/redes/envRedes/lib/python3.11/site-packages/flask/sessions.py", line 79, in __getitem__
    return super().__getitem__(key)
           ^^^^^^^^^^^^^^^^^^^^^^^^
KeyError: 'id_auditoria'
ERROR:app:Exception on /_subir_foto_equipo [POST]
Traceback (most recent call last):
  File "/home/cuartazona/redes/envRedes/lib/python3.11/site-packages/flask/app.py", line 2190, in wsgi_app
    response = self.full_dispatch_request()
               ^^^^^^^^^^^^^^^^^^^^^^^^^^^^
  File "/home/cuartazona/redes/envRedes/lib/python3.11/site-packages/flask/app.py", line 1486, in full_dispatch_request
    rv = self.handle_user_exception(e)
         ^^^^^^^^^^^^^^^^^^^^^^^^^^^^^
  File "/home/cuartazona/redes/envRedes/lib/python3.11/site-packages/flask/app.py", line 1484, in full_dispatch_request
    rv = self.dispatch_request()
         ^^^^^^^^^^^^^^^^^^^^^^^
  File "/home/cuartazona/redes/envRedes/lib/python3.11/site-packages/flask/app.py", line 1469, in dispatch_request
    return self.ensure_sync(self.view_functions[rule.endpoint])(**view_args)
           ^^^^^^^^^^^^^^^^^^^^^^^^^^^^^^^^^^^^^^^^^^^^^^^^^^^^^^^^^^^^^^^^^
  File "/home/cuartazona/redes/app/auxiliar.py", line 132, in wrap
    return func(*args, **kwargs)
           ^^^^^^^^^^^^^^^^^^^^^
  File "/home/cuartazona/redes/app/auxiliar.py", line 145, in wrap
    return fn(*args, **kwargs)
           ^^^^^^^^^^^^^^^^^^^
  File "/home/cuartazona/redes/app/auxiliar.py", line 294, in wrap
    return fn(*args, **kwargs)
           ^^^^^^^^^^^^^^^^^^^
  File "/home/cuartazona/redes/app/auditoria.py", line 1022, in _subir_foto_equipo
    if session["id_auditoria"] in auditorias:
       ~~~~~~~^^^^^^^^^^^^^^^^
  File "/home/cuartazona/redes/envRedes/lib/python3.11/site-packages/flask/sessions.py", line 79, in __getitem__
    return super().__getitem__(key)
           ^^^^^^^^^^^^^^^^^^^^^^^^
KeyError: 'id_auditoria'
ERROR:app:Exception on /_subir_foto_equipo [POST]
Traceback (most recent call last):
  File "/home/cuartazona/redes/envRedes/lib/python3.11/site-packages/flask/app.py", line 2190, in wsgi_app
    response = self.full_dispatch_request()
               ^^^^^^^^^^^^^^^^^^^^^^^^^^^^
  File "/home/cuartazona/redes/envRedes/lib/python3.11/site-packages/flask/app.py", line 1486, in full_dispatch_request
    rv = self.handle_user_exception(e)
         ^^^^^^^^^^^^^^^^^^^^^^^^^^^^^
  File "/home/cuartazona/redes/envRedes/lib/python3.11/site-packages/flask/app.py", line 1484, in full_dispatch_request
    rv = self.dispatch_request()
         ^^^^^^^^^^^^^^^^^^^^^^^
  File "/home/cuartazona/redes/envRedes/lib/python3.11/site-packages/flask/app.py", line 1469, in dispatch_request
    return self.ensure_sync(self.view_functions[rule.endpoint])(**view_args)
           ^^^^^^^^^^^^^^^^^^^^^^^^^^^^^^^^^^^^^^^^^^^^^^^^^^^^^^^^^^^^^^^^^
  File "/home/cuartazona/redes/app/auxiliar.py", line 132, in wrap
    return func(*args, **kwargs)
           ^^^^^^^^^^^^^^^^^^^^^
  File "/home/cuartazona/redes/app/auxiliar.py", line 145, in wrap
    return fn(*args, **kwargs)
           ^^^^^^^^^^^^^^^^^^^
  File "/home/cuartazona/redes/app/auxiliar.py", line 294, in wrap
    return fn(*args, **kwargs)
           ^^^^^^^^^^^^^^^^^^^
  File "/home/cuartazona/redes/app/auditoria.py", line 1022, in _subir_foto_equipo
    if session["id_auditoria"] in auditorias:
       ~~~~~~~^^^^^^^^^^^^^^^^
  File "/home/cuartazona/redes/envRedes/lib/python3.11/site-packages/flask/sessions.py", line 79, in __getitem__
    return super().__getitem__(key)
           ^^^^^^^^^^^^^^^^^^^^^^^^
KeyError: 'id_auditoria'
ERROR:app:Exception on /_subir_foto_equipo [POST]
Traceback (most recent call last):
  File "/home/cuartazona/redes/envRedes/lib/python3.11/site-packages/flask/app.py", line 2190, in wsgi_app
    response = self.full_dispatch_request()
               ^^^^^^^^^^^^^^^^^^^^^^^^^^^^
  File "/home/cuartazona/redes/envRedes/lib/python3.11/site-packages/flask/app.py", line 1486, in full_dispatch_request
    rv = self.handle_user_exception(e)
         ^^^^^^^^^^^^^^^^^^^^^^^^^^^^^
  File "/home/cuartazona/redes/envRedes/lib/python3.11/site-packages/flask/app.py", line 1484, in full_dispatch_request
    rv = self.dispatch_request()
         ^^^^^^^^^^^^^^^^^^^^^^^
  File "/home/cuartazona/redes/envRedes/lib/python3.11/site-packages/flask/app.py", line 1469, in dispatch_request
    return self.ensure_sync(self.view_functions[rule.endpoint])(**view_args)
           ^^^^^^^^^^^^^^^^^^^^^^^^^^^^^^^^^^^^^^^^^^^^^^^^^^^^^^^^^^^^^^^^^
  File "/home/cuartazona/redes/app/auxiliar.py", line 132, in wrap
    return func(*args, **kwargs)
           ^^^^^^^^^^^^^^^^^^^^^
  File "/home/cuartazona/redes/app/auxiliar.py", line 145, in wrap
    return fn(*args, **kwargs)
           ^^^^^^^^^^^^^^^^^^^
  File "/home/cuartazona/redes/app/auxiliar.py", line 294, in wrap
    return fn(*args, **kwargs)
           ^^^^^^^^^^^^^^^^^^^
  File "/home/cuartazona/redes/app/auditoria.py", line 1022, in _subir_foto_equipo
    if session["id_auditoria"] in auditorias:
       ~~~~~~~^^^^^^^^^^^^^^^^
  File "/home/cuartazona/redes/envRedes/lib/python3.11/site-packages/flask/sessions.py", line 79, in __getitem__
    return super().__getitem__(key)
           ^^^^^^^^^^^^^^^^^^^^^^^^
KeyError: 'id_auditoria'
ERROR:app:Exception on /_subir_foto_equipo [POST]
Traceback (most recent call last):
  File "/home/cuartazona/redes/envRedes/lib/python3.11/site-packages/flask/app.py", line 2190, in wsgi_app
    response = self.full_dispatch_request()
               ^^^^^^^^^^^^^^^^^^^^^^^^^^^^
  File "/home/cuartazona/redes/envRedes/lib/python3.11/site-packages/flask/app.py", line 1486, in full_dispatch_request
    rv = self.handle_user_exception(e)
         ^^^^^^^^^^^^^^^^^^^^^^^^^^^^^
  File "/home/cuartazona/redes/envRedes/lib/python3.11/site-packages/flask/app.py", line 1484, in full_dispatch_request
    rv = self.dispatch_request()
         ^^^^^^^^^^^^^^^^^^^^^^^
  File "/home/cuartazona/redes/envRedes/lib/python3.11/site-packages/flask/app.py", line 1469, in dispatch_request
    return self.ensure_sync(self.view_functions[rule.endpoint])(**view_args)
           ^^^^^^^^^^^^^^^^^^^^^^^^^^^^^^^^^^^^^^^^^^^^^^^^^^^^^^^^^^^^^^^^^
  File "/home/cuartazona/redes/app/auxiliar.py", line 132, in wrap
    return func(*args, **kwargs)
           ^^^^^^^^^^^^^^^^^^^^^
  File "/home/cuartazona/redes/app/auxiliar.py", line 145, in wrap
    return fn(*args, **kwargs)
           ^^^^^^^^^^^^^^^^^^^
  File "/home/cuartazona/redes/app/auxiliar.py", line 294, in wrap
    return fn(*args, **kwargs)
           ^^^^^^^^^^^^^^^^^^^
  File "/home/cuartazona/redes/app/auditoria.py", line 1022, in _subir_foto_equipo
    if session["id_auditoria"] in auditorias:
       ~~~~~~~^^^^^^^^^^^^^^^^
  File "/home/cuartazona/redes/envRedes/lib/python3.11/site-packages/flask/sessions.py", line 79, in __getitem__
    return super().__getitem__(key)
           ^^^^^^^^^^^^^^^^^^^^^^^^
KeyError: 'id_auditoria'
ERROR:app:Exception on /_subir_foto_equipo [POST]
Traceback (most recent call last):
  File "/home/cuartazona/redes/envRedes/lib/python3.11/site-packages/flask/app.py", line 2190, in wsgi_app
    response = self.full_dispatch_request()
               ^^^^^^^^^^^^^^^^^^^^^^^^^^^^
  File "/home/cuartazona/redes/envRedes/lib/python3.11/site-packages/flask/app.py", line 1486, in full_dispatch_request
    rv = self.handle_user_exception(e)
         ^^^^^^^^^^^^^^^^^^^^^^^^^^^^^
  File "/home/cuartazona/redes/envRedes/lib/python3.11/site-packages/flask/app.py", line 1484, in full_dispatch_request
    rv = self.dispatch_request()
         ^^^^^^^^^^^^^^^^^^^^^^^
  File "/home/cuartazona/redes/envRedes/lib/python3.11/site-packages/flask/app.py", line 1469, in dispatch_request
    return self.ensure_sync(self.view_functions[rule.endpoint])(**view_args)
           ^^^^^^^^^^^^^^^^^^^^^^^^^^^^^^^^^^^^^^^^^^^^^^^^^^^^^^^^^^^^^^^^^
  File "/home/cuartazona/redes/app/auxiliar.py", line 132, in wrap
    return func(*args, **kwargs)
           ^^^^^^^^^^^^^^^^^^^^^
  File "/home/cuartazona/redes/app/auxiliar.py", line 145, in wrap
    return fn(*args, **kwargs)
           ^^^^^^^^^^^^^^^^^^^
  File "/home/cuartazona/redes/app/auxiliar.py", line 294, in wrap
    return fn(*args, **kwargs)
           ^^^^^^^^^^^^^^^^^^^
  File "/home/cuartazona/redes/app/auditoria.py", line 1022, in _subir_foto_equipo
    if session["id_auditoria"] in auditorias:
       ~~~~~~~^^^^^^^^^^^^^^^^
  File "/home/cuartazona/redes/envRedes/lib/python3.11/site-packages/flask/sessions.py", line 79, in __getitem__
    return super().__getitem__(key)
           ^^^^^^^^^^^^^^^^^^^^^^^^
KeyError: 'id_auditoria'
ERROR:app:Exception on /_subir_foto_equipo [POST]
Traceback (most recent call last):
  File "/home/cuartazona/redes/envRedes/lib/python3.11/site-packages/flask/app.py", line 2190, in wsgi_app
    response = self.full_dispatch_request()
               ^^^^^^^^^^^^^^^^^^^^^^^^^^^^
  File "/home/cuartazona/redes/envRedes/lib/python3.11/site-packages/flask/app.py", line 1486, in full_dispatch_request
    rv = self.handle_user_exception(e)
         ^^^^^^^^^^^^^^^^^^^^^^^^^^^^^
  File "/home/cuartazona/redes/envRedes/lib/python3.11/site-packages/flask/app.py", line 1484, in full_dispatch_request
    rv = self.dispatch_request()
         ^^^^^^^^^^^^^^^^^^^^^^^
  File "/home/cuartazona/redes/envRedes/lib/python3.11/site-packages/flask/app.py", line 1469, in dispatch_request
    return self.ensure_sync(self.view_functions[rule.endpoint])(**view_args)
           ^^^^^^^^^^^^^^^^^^^^^^^^^^^^^^^^^^^^^^^^^^^^^^^^^^^^^^^^^^^^^^^^^
  File "/home/cuartazona/redes/app/auxiliar.py", line 132, in wrap
    return func(*args, **kwargs)
           ^^^^^^^^^^^^^^^^^^^^^
  File "/home/cuartazona/redes/app/auxiliar.py", line 145, in wrap
    return fn(*args, **kwargs)
           ^^^^^^^^^^^^^^^^^^^
  File "/home/cuartazona/redes/app/auxiliar.py", line 294, in wrap
    return fn(*args, **kwargs)
           ^^^^^^^^^^^^^^^^^^^
  File "/home/cuartazona/redes/app/auditoria.py", line 1022, in _subir_foto_equipo
    if session["id_auditoria"] in auditorias:
       ~~~~~~~^^^^^^^^^^^^^^^^
  File "/home/cuartazona/redes/envRedes/lib/python3.11/site-packages/flask/sessions.py", line 79, in __getitem__
    return super().__getitem__(key)
           ^^^^^^^^^^^^^^^^^^^^^^^^
KeyError: 'id_auditoria'
ERROR:app:Exception on /_subir_foto_equipo [POST]
Traceback (most recent call last):
  File "/home/cuartazona/redes/envRedes/lib/python3.11/site-packages/flask/app.py", line 2190, in wsgi_app
    response = self.full_dispatch_request()
               ^^^^^^^^^^^^^^^^^^^^^^^^^^^^
  File "/home/cuartazona/redes/envRedes/lib/python3.11/site-packages/flask/app.py", line 1486, in full_dispatch_request
    rv = self.handle_user_exception(e)
         ^^^^^^^^^^^^^^^^^^^^^^^^^^^^^
  File "/home/cuartazona/redes/envRedes/lib/python3.11/site-packages/flask/app.py", line 1484, in full_dispatch_request
    rv = self.dispatch_request()
         ^^^^^^^^^^^^^^^^^^^^^^^
  File "/home/cuartazona/redes/envRedes/lib/python3.11/site-packages/flask/app.py", line 1469, in dispatch_request
    return self.ensure_sync(self.view_functions[rule.endpoint])(**view_args)
           ^^^^^^^^^^^^^^^^^^^^^^^^^^^^^^^^^^^^^^^^^^^^^^^^^^^^^^^^^^^^^^^^^
  File "/home/cuartazona/redes/app/auxiliar.py", line 132, in wrap
    return func(*args, **kwargs)
           ^^^^^^^^^^^^^^^^^^^^^
  File "/home/cuartazona/redes/app/auxiliar.py", line 145, in wrap
    return fn(*args, **kwargs)
           ^^^^^^^^^^^^^^^^^^^
  File "/home/cuartazona/redes/app/auxiliar.py", line 294, in wrap
    return fn(*args, **kwargs)
           ^^^^^^^^^^^^^^^^^^^
  File "/home/cuartazona/redes/app/auditoria.py", line 1022, in _subir_foto_equipo
    if session["id_auditoria"] in auditorias:
       ~~~~~~~^^^^^^^^^^^^^^^^
  File "/home/cuartazona/redes/envRedes/lib/python3.11/site-packages/flask/sessions.py", line 79, in __getitem__
    return super().__getitem__(key)
           ^^^^^^^^^^^^^^^^^^^^^^^^
KeyError: 'id_auditoria'
ERROR:app:Exception on /_subir_foto_equipo [POST]
Traceback (most recent call last):
  File "/home/cuartazona/redes/envRedes/lib/python3.11/site-packages/flask/app.py", line 2190, in wsgi_app
    response = self.full_dispatch_request()
               ^^^^^^^^^^^^^^^^^^^^^^^^^^^^
  File "/home/cuartazona/redes/envRedes/lib/python3.11/site-packages/flask/app.py", line 1486, in full_dispatch_request
    rv = self.handle_user_exception(e)
         ^^^^^^^^^^^^^^^^^^^^^^^^^^^^^
  File "/home/cuartazona/redes/envRedes/lib/python3.11/site-packages/flask/app.py", line 1484, in full_dispatch_request
    rv = self.dispatch_request()
         ^^^^^^^^^^^^^^^^^^^^^^^
  File "/home/cuartazona/redes/envRedes/lib/python3.11/site-packages/flask/app.py", line 1469, in dispatch_request
    return self.ensure_sync(self.view_functions[rule.endpoint])(**view_args)
           ^^^^^^^^^^^^^^^^^^^^^^^^^^^^^^^^^^^^^^^^^^^^^^^^^^^^^^^^^^^^^^^^^
  File "/home/cuartazona/redes/app/auxiliar.py", line 132, in wrap
    return func(*args, **kwargs)
           ^^^^^^^^^^^^^^^^^^^^^
  File "/home/cuartazona/redes/app/auxiliar.py", line 145, in wrap
    return fn(*args, **kwargs)
           ^^^^^^^^^^^^^^^^^^^
  File "/home/cuartazona/redes/app/auxiliar.py", line 294, in wrap
    return fn(*args, **kwargs)
           ^^^^^^^^^^^^^^^^^^^
  File "/home/cuartazona/redes/app/auditoria.py", line 1022, in _subir_foto_equipo
    if session["id_auditoria"] in auditorias:
       ~~~~~~~^^^^^^^^^^^^^^^^
  File "/home/cuartazona/redes/envRedes/lib/python3.11/site-packages/flask/sessions.py", line 79, in __getitem__
    return super().__getitem__(key)
           ^^^^^^^^^^^^^^^^^^^^^^^^
KeyError: 'id_auditoria'
ERROR:app:Exception on /_subir_foto_equipo [POST]
Traceback (most recent call last):
  File "/home/cuartazona/redes/envRedes/lib/python3.11/site-packages/flask/app.py", line 2190, in wsgi_app
    response = self.full_dispatch_request()
               ^^^^^^^^^^^^^^^^^^^^^^^^^^^^
  File "/home/cuartazona/redes/envRedes/lib/python3.11/site-packages/flask/app.py", line 1486, in full_dispatch_request
    rv = self.handle_user_exception(e)
         ^^^^^^^^^^^^^^^^^^^^^^^^^^^^^
  File "/home/cuartazona/redes/envRedes/lib/python3.11/site-packages/flask/app.py", line 1484, in full_dispatch_request
    rv = self.dispatch_request()
         ^^^^^^^^^^^^^^^^^^^^^^^
  File "/home/cuartazona/redes/envRedes/lib/python3.11/site-packages/flask/app.py", line 1469, in dispatch_request
    return self.ensure_sync(self.view_functions[rule.endpoint])(**view_args)
           ^^^^^^^^^^^^^^^^^^^^^^^^^^^^^^^^^^^^^^^^^^^^^^^^^^^^^^^^^^^^^^^^^
  File "/home/cuartazona/redes/app/auxiliar.py", line 132, in wrap
    return func(*args, **kwargs)
           ^^^^^^^^^^^^^^^^^^^^^
  File "/home/cuartazona/redes/app/auxiliar.py", line 145, in wrap
    return fn(*args, **kwargs)
           ^^^^^^^^^^^^^^^^^^^
  File "/home/cuartazona/redes/app/auxiliar.py", line 294, in wrap
    return fn(*args, **kwargs)
           ^^^^^^^^^^^^^^^^^^^
  File "/home/cuartazona/redes/app/auditoria.py", line 1022, in _subir_foto_equipo
    if session["id_auditoria"] in auditorias:
       ~~~~~~~^^^^^^^^^^^^^^^^
  File "/home/cuartazona/redes/envRedes/lib/python3.11/site-packages/flask/sessions.py", line 79, in __getitem__
    return super().__getitem__(key)
           ^^^^^^^^^^^^^^^^^^^^^^^^
KeyError: 'id_auditoria'
ERROR:app:Exception on /_subir_foto_equipo [POST]
Traceback (most recent call last):
  File "/home/cuartazona/redes/envRedes/lib/python3.11/site-packages/flask/app.py", line 2190, in wsgi_app
    response = self.full_dispatch_request()
               ^^^^^^^^^^^^^^^^^^^^^^^^^^^^
  File "/home/cuartazona/redes/envRedes/lib/python3.11/site-packages/flask/app.py", line 1486, in full_dispatch_request
    rv = self.handle_user_exception(e)
         ^^^^^^^^^^^^^^^^^^^^^^^^^^^^^
  File "/home/cuartazona/redes/envRedes/lib/python3.11/site-packages/flask/app.py", line 1484, in full_dispatch_request
    rv = self.dispatch_request()
         ^^^^^^^^^^^^^^^^^^^^^^^
  File "/home/cuartazona/redes/envRedes/lib/python3.11/site-packages/flask/app.py", line 1469, in dispatch_request
    return self.ensure_sync(self.view_functions[rule.endpoint])(**view_args)
           ^^^^^^^^^^^^^^^^^^^^^^^^^^^^^^^^^^^^^^^^^^^^^^^^^^^^^^^^^^^^^^^^^
  File "/home/cuartazona/redes/app/auxiliar.py", line 132, in wrap
    return func(*args, **kwargs)
           ^^^^^^^^^^^^^^^^^^^^^
  File "/home/cuartazona/redes/app/auxiliar.py", line 145, in wrap
    return fn(*args, **kwargs)
           ^^^^^^^^^^^^^^^^^^^
  File "/home/cuartazona/redes/app/auxiliar.py", line 294, in wrap
    return fn(*args, **kwargs)
           ^^^^^^^^^^^^^^^^^^^
  File "/home/cuartazona/redes/app/auditoria.py", line 1022, in _subir_foto_equipo
    if session["id_auditoria"] in auditorias:
       ~~~~~~~^^^^^^^^^^^^^^^^
  File "/home/cuartazona/redes/envRedes/lib/python3.11/site-packages/flask/sessions.py", line 79, in __getitem__
    return super().__getitem__(key)
           ^^^^^^^^^^^^^^^^^^^^^^^^
KeyError: 'id_auditoria'
ERROR:app:Exception on /_subir_foto_equipo [POST]
Traceback (most recent call last):
  File "/home/cuartazona/redes/envRedes/lib/python3.11/site-packages/flask/app.py", line 2190, in wsgi_app
    response = self.full_dispatch_request()
               ^^^^^^^^^^^^^^^^^^^^^^^^^^^^
  File "/home/cuartazona/redes/envRedes/lib/python3.11/site-packages/flask/app.py", line 1486, in full_dispatch_request
    rv = self.handle_user_exception(e)
         ^^^^^^^^^^^^^^^^^^^^^^^^^^^^^
  File "/home/cuartazona/redes/envRedes/lib/python3.11/site-packages/flask/app.py", line 1484, in full_dispatch_request
    rv = self.dispatch_request()
         ^^^^^^^^^^^^^^^^^^^^^^^
  File "/home/cuartazona/redes/envRedes/lib/python3.11/site-packages/flask/app.py", line 1469, in dispatch_request
    return self.ensure_sync(self.view_functions[rule.endpoint])(**view_args)
           ^^^^^^^^^^^^^^^^^^^^^^^^^^^^^^^^^^^^^^^^^^^^^^^^^^^^^^^^^^^^^^^^^
  File "/home/cuartazona/redes/app/auxiliar.py", line 132, in wrap
    return func(*args, **kwargs)
           ^^^^^^^^^^^^^^^^^^^^^
  File "/home/cuartazona/redes/app/auxiliar.py", line 145, in wrap
    return fn(*args, **kwargs)
           ^^^^^^^^^^^^^^^^^^^
  File "/home/cuartazona/redes/app/auxiliar.py", line 294, in wrap
    return fn(*args, **kwargs)
           ^^^^^^^^^^^^^^^^^^^
  File "/home/cuartazona/redes/app/auditoria.py", line 1022, in _subir_foto_equipo
    if session["id_auditoria"] in auditorias:
       ~~~~~~~^^^^^^^^^^^^^^^^
  File "/home/cuartazona/redes/envRedes/lib/python3.11/site-packages/flask/sessions.py", line 79, in __getitem__
    return super().__getitem__(key)
           ^^^^^^^^^^^^^^^^^^^^^^^^
KeyError: 'id_auditoria'
ERROR:app:Exception on /_obtener_geoJSON [GET]
Traceback (most recent call last):
  File "/home/cuartazona/redes/envRedes/lib/python3.11/site-packages/flask/app.py", line 2190, in wsgi_app
    response = self.full_dispatch_request()
               ^^^^^^^^^^^^^^^^^^^^^^^^^^^^
  File "/home/cuartazona/redes/envRedes/lib/python3.11/site-packages/flask/app.py", line 1486, in full_dispatch_request
    rv = self.handle_user_exception(e)
         ^^^^^^^^^^^^^^^^^^^^^^^^^^^^^
  File "/home/cuartazona/redes/envRedes/lib/python3.11/site-packages/flask/app.py", line 1484, in full_dispatch_request
    rv = self.dispatch_request()
         ^^^^^^^^^^^^^^^^^^^^^^^
  File "/home/cuartazona/redes/envRedes/lib/python3.11/site-packages/flask/app.py", line 1469, in dispatch_request
    return self.ensure_sync(self.view_functions[rule.endpoint])(**view_args)
           ^^^^^^^^^^^^^^^^^^^^^^^^^^^^^^^^^^^^^^^^^^^^^^^^^^^^^^^^^^^^^^^^^
  File "/home/cuartazona/redes/app/auxiliar.py", line 371, in obtener_geoJSON
    usuario = session['username']
              ~~~~~~~^^^^^^^^^^^^
  File "/home/cuartazona/redes/envRedes/lib/python3.11/site-packages/flask/sessions.py", line 79, in __getitem__
    return super().__getitem__(key)
           ^^^^^^^^^^^^^^^^^^^^^^^^
KeyError: 'username'
ERROR:app:Exception on /_subir_foto_equipo [POST]
Traceback (most recent call last):
  File "/home/cuartazona/redes/envRedes/lib/python3.11/site-packages/flask/app.py", line 2190, in wsgi_app
    response = self.full_dispatch_request()
               ^^^^^^^^^^^^^^^^^^^^^^^^^^^^
  File "/home/cuartazona/redes/envRedes/lib/python3.11/site-packages/flask/app.py", line 1486, in full_dispatch_request
    rv = self.handle_user_exception(e)
         ^^^^^^^^^^^^^^^^^^^^^^^^^^^^^
  File "/home/cuartazona/redes/envRedes/lib/python3.11/site-packages/flask/app.py", line 1484, in full_dispatch_request
    rv = self.dispatch_request()
         ^^^^^^^^^^^^^^^^^^^^^^^
  File "/home/cuartazona/redes/envRedes/lib/python3.11/site-packages/flask/app.py", line 1469, in dispatch_request
    return self.ensure_sync(self.view_functions[rule.endpoint])(**view_args)
           ^^^^^^^^^^^^^^^^^^^^^^^^^^^^^^^^^^^^^^^^^^^^^^^^^^^^^^^^^^^^^^^^^
  File "/home/cuartazona/redes/app/auxiliar.py", line 132, in wrap
    return func(*args, **kwargs)
           ^^^^^^^^^^^^^^^^^^^^^
  File "/home/cuartazona/redes/app/auxiliar.py", line 145, in wrap
    return fn(*args, **kwargs)
           ^^^^^^^^^^^^^^^^^^^
  File "/home/cuartazona/redes/app/auxiliar.py", line 294, in wrap
    return fn(*args, **kwargs)
           ^^^^^^^^^^^^^^^^^^^
  File "/home/cuartazona/redes/app/auditoria.py", line 1022, in _subir_foto_equipo
    if session["id_auditoria"] in auditorias:
       ~~~~~~~^^^^^^^^^^^^^^^^
  File "/home/cuartazona/redes/envRedes/lib/python3.11/site-packages/flask/sessions.py", line 79, in __getitem__
    return super().__getitem__(key)
           ^^^^^^^^^^^^^^^^^^^^^^^^
KeyError: 'id_auditoria'
ERROR:app:Exception on /_obtener_geoJSON [GET]
Traceback (most recent call last):
  File "/home/cuartazona/redes/envRedes/lib/python3.11/site-packages/flask/app.py", line 2190, in wsgi_app
    response = self.full_dispatch_request()
               ^^^^^^^^^^^^^^^^^^^^^^^^^^^^
  File "/home/cuartazona/redes/envRedes/lib/python3.11/site-packages/flask/app.py", line 1486, in full_dispatch_request
    rv = self.handle_user_exception(e)
         ^^^^^^^^^^^^^^^^^^^^^^^^^^^^^
  File "/home/cuartazona/redes/envRedes/lib/python3.11/site-packages/flask/app.py", line 1484, in full_dispatch_request
    rv = self.dispatch_request()
         ^^^^^^^^^^^^^^^^^^^^^^^
  File "/home/cuartazona/redes/envRedes/lib/python3.11/site-packages/flask/app.py", line 1469, in dispatch_request
    return self.ensure_sync(self.view_functions[rule.endpoint])(**view_args)
           ^^^^^^^^^^^^^^^^^^^^^^^^^^^^^^^^^^^^^^^^^^^^^^^^^^^^^^^^^^^^^^^^^
  File "/home/cuartazona/redes/app/auxiliar.py", line 371, in obtener_geoJSON
    usuario = session['username']
              ~~~~~~~^^^^^^^^^^^^
  File "/home/cuartazona/redes/envRedes/lib/python3.11/site-packages/flask/sessions.py", line 79, in __getitem__
    return super().__getitem__(key)
           ^^^^^^^^^^^^^^^^^^^^^^^^
KeyError: 'username'
ERROR:app:Exception on /_subir_foto_equipo [POST]
Traceback (most recent call last):
  File "/home/cuartazona/redes/envRedes/lib/python3.11/site-packages/flask/app.py", line 2190, in wsgi_app
    response = self.full_dispatch_request()
               ^^^^^^^^^^^^^^^^^^^^^^^^^^^^
  File "/home/cuartazona/redes/envRedes/lib/python3.11/site-packages/flask/app.py", line 1486, in full_dispatch_request
    rv = self.handle_user_exception(e)
         ^^^^^^^^^^^^^^^^^^^^^^^^^^^^^
  File "/home/cuartazona/redes/envRedes/lib/python3.11/site-packages/flask/app.py", line 1484, in full_dispatch_request
    rv = self.dispatch_request()
         ^^^^^^^^^^^^^^^^^^^^^^^
  File "/home/cuartazona/redes/envRedes/lib/python3.11/site-packages/flask/app.py", line 1469, in dispatch_request
    return self.ensure_sync(self.view_functions[rule.endpoint])(**view_args)
           ^^^^^^^^^^^^^^^^^^^^^^^^^^^^^^^^^^^^^^^^^^^^^^^^^^^^^^^^^^^^^^^^^
  File "/home/cuartazona/redes/app/auxiliar.py", line 132, in wrap
    return func(*args, **kwargs)
           ^^^^^^^^^^^^^^^^^^^^^
  File "/home/cuartazona/redes/app/auxiliar.py", line 145, in wrap
    return fn(*args, **kwargs)
           ^^^^^^^^^^^^^^^^^^^
  File "/home/cuartazona/redes/app/auxiliar.py", line 294, in wrap
    return fn(*args, **kwargs)
           ^^^^^^^^^^^^^^^^^^^
  File "/home/cuartazona/redes/app/auditoria.py", line 1022, in _subir_foto_equipo
    if session["id_auditoria"] in auditorias:
       ~~~~~~~^^^^^^^^^^^^^^^^
  File "/home/cuartazona/redes/envRedes/lib/python3.11/site-packages/flask/sessions.py", line 79, in __getitem__
    return super().__getitem__(key)
           ^^^^^^^^^^^^^^^^^^^^^^^^
KeyError: 'id_auditoria'
ERROR:app:Exception on /_subir_foto_equipo [POST]
Traceback (most recent call last):
  File "/home/cuartazona/redes/envRedes/lib/python3.11/site-packages/flask/app.py", line 2190, in wsgi_app
    response = self.full_dispatch_request()
               ^^^^^^^^^^^^^^^^^^^^^^^^^^^^
  File "/home/cuartazona/redes/envRedes/lib/python3.11/site-packages/flask/app.py", line 1486, in full_dispatch_request
    rv = self.handle_user_exception(e)
         ^^^^^^^^^^^^^^^^^^^^^^^^^^^^^
  File "/home/cuartazona/redes/envRedes/lib/python3.11/site-packages/flask/app.py", line 1484, in full_dispatch_request
    rv = self.dispatch_request()
         ^^^^^^^^^^^^^^^^^^^^^^^
  File "/home/cuartazona/redes/envRedes/lib/python3.11/site-packages/flask/app.py", line 1469, in dispatch_request
    return self.ensure_sync(self.view_functions[rule.endpoint])(**view_args)
           ^^^^^^^^^^^^^^^^^^^^^^^^^^^^^^^^^^^^^^^^^^^^^^^^^^^^^^^^^^^^^^^^^
  File "/home/cuartazona/redes/app/auxiliar.py", line 132, in wrap
    return func(*args, **kwargs)
           ^^^^^^^^^^^^^^^^^^^^^
  File "/home/cuartazona/redes/app/auxiliar.py", line 145, in wrap
    return fn(*args, **kwargs)
           ^^^^^^^^^^^^^^^^^^^
  File "/home/cuartazona/redes/app/auxiliar.py", line 294, in wrap
    return fn(*args, **kwargs)
           ^^^^^^^^^^^^^^^^^^^
  File "/home/cuartazona/redes/app/auditoria.py", line 1022, in _subir_foto_equipo
    if session["id_auditoria"] in auditorias:
       ~~~~~~~^^^^^^^^^^^^^^^^
  File "/home/cuartazona/redes/envRedes/lib/python3.11/site-packages/flask/sessions.py", line 79, in __getitem__
    return super().__getitem__(key)
           ^^^^^^^^^^^^^^^^^^^^^^^^
KeyError: 'id_auditoria'
ERROR:app:Exception on /_subir_foto_equipo [POST]
Traceback (most recent call last):
  File "/home/cuartazona/redes/envRedes/lib/python3.11/site-packages/flask/app.py", line 2190, in wsgi_app
    response = self.full_dispatch_request()
               ^^^^^^^^^^^^^^^^^^^^^^^^^^^^
  File "/home/cuartazona/redes/envRedes/lib/python3.11/site-packages/flask/app.py", line 1486, in full_dispatch_request
    rv = self.handle_user_exception(e)
         ^^^^^^^^^^^^^^^^^^^^^^^^^^^^^
  File "/home/cuartazona/redes/envRedes/lib/python3.11/site-packages/flask/app.py", line 1484, in full_dispatch_request
    rv = self.dispatch_request()
         ^^^^^^^^^^^^^^^^^^^^^^^
  File "/home/cuartazona/redes/envRedes/lib/python3.11/site-packages/flask/app.py", line 1469, in dispatch_request
    return self.ensure_sync(self.view_functions[rule.endpoint])(**view_args)
           ^^^^^^^^^^^^^^^^^^^^^^^^^^^^^^^^^^^^^^^^^^^^^^^^^^^^^^^^^^^^^^^^^
  File "/home/cuartazona/redes/app/auxiliar.py", line 132, in wrap
    return func(*args, **kwargs)
           ^^^^^^^^^^^^^^^^^^^^^
  File "/home/cuartazona/redes/app/auxiliar.py", line 145, in wrap
    return fn(*args, **kwargs)
           ^^^^^^^^^^^^^^^^^^^
  File "/home/cuartazona/redes/app/auxiliar.py", line 294, in wrap
    return fn(*args, **kwargs)
           ^^^^^^^^^^^^^^^^^^^
  File "/home/cuartazona/redes/app/auditoria.py", line 1022, in _subir_foto_equipo
    if session["id_auditoria"] in auditorias:
       ~~~~~~~^^^^^^^^^^^^^^^^
  File "/home/cuartazona/redes/envRedes/lib/python3.11/site-packages/flask/sessions.py", line 79, in __getitem__
    return super().__getitem__(key)
           ^^^^^^^^^^^^^^^^^^^^^^^^
KeyError: 'id_auditoria'
ERROR:app:Exception on /_subir_foto_equipo [POST]
Traceback (most recent call last):
  File "/home/cuartazona/redes/envRedes/lib/python3.11/site-packages/flask/app.py", line 2190, in wsgi_app
    response = self.full_dispatch_request()
               ^^^^^^^^^^^^^^^^^^^^^^^^^^^^
  File "/home/cuartazona/redes/envRedes/lib/python3.11/site-packages/flask/app.py", line 1486, in full_dispatch_request
    rv = self.handle_user_exception(e)
         ^^^^^^^^^^^^^^^^^^^^^^^^^^^^^
  File "/home/cuartazona/redes/envRedes/lib/python3.11/site-packages/flask/app.py", line 1484, in full_dispatch_request
    rv = self.dispatch_request()
         ^^^^^^^^^^^^^^^^^^^^^^^
  File "/home/cuartazona/redes/envRedes/lib/python3.11/site-packages/flask/app.py", line 1469, in dispatch_request
    return self.ensure_sync(self.view_functions[rule.endpoint])(**view_args)
           ^^^^^^^^^^^^^^^^^^^^^^^^^^^^^^^^^^^^^^^^^^^^^^^^^^^^^^^^^^^^^^^^^
  File "/home/cuartazona/redes/app/auxiliar.py", line 132, in wrap
    return func(*args, **kwargs)
           ^^^^^^^^^^^^^^^^^^^^^
  File "/home/cuartazona/redes/app/auxiliar.py", line 145, in wrap
    return fn(*args, **kwargs)
           ^^^^^^^^^^^^^^^^^^^
  File "/home/cuartazona/redes/app/auxiliar.py", line 294, in wrap
    return fn(*args, **kwargs)
           ^^^^^^^^^^^^^^^^^^^
  File "/home/cuartazona/redes/app/auditoria.py", line 1022, in _subir_foto_equipo
    if session["id_auditoria"] in auditorias:
       ~~~~~~~^^^^^^^^^^^^^^^^
  File "/home/cuartazona/redes/envRedes/lib/python3.11/site-packages/flask/sessions.py", line 79, in __getitem__
    return super().__getitem__(key)
           ^^^^^^^^^^^^^^^^^^^^^^^^
KeyError: 'id_auditoria'
ERROR:app:Exception on /_obtener_geoJSON [GET]
Traceback (most recent call last):
  File "/home/cuartazona/redes/envRedes/lib/python3.11/site-packages/flask/app.py", line 2190, in wsgi_app
    response = self.full_dispatch_request()
               ^^^^^^^^^^^^^^^^^^^^^^^^^^^^
  File "/home/cuartazona/redes/envRedes/lib/python3.11/site-packages/flask/app.py", line 1486, in full_dispatch_request
    rv = self.handle_user_exception(e)
         ^^^^^^^^^^^^^^^^^^^^^^^^^^^^^
  File "/home/cuartazona/redes/envRedes/lib/python3.11/site-packages/flask/app.py", line 1484, in full_dispatch_request
    rv = self.dispatch_request()
         ^^^^^^^^^^^^^^^^^^^^^^^
  File "/home/cuartazona/redes/envRedes/lib/python3.11/site-packages/flask/app.py", line 1469, in dispatch_request
    return self.ensure_sync(self.view_functions[rule.endpoint])(**view_args)
           ^^^^^^^^^^^^^^^^^^^^^^^^^^^^^^^^^^^^^^^^^^^^^^^^^^^^^^^^^^^^^^^^^
  File "/home/cuartazona/redes/app/auxiliar.py", line 371, in obtener_geoJSON
    usuario = session['username']
              ~~~~~~~^^^^^^^^^^^^
  File "/home/cuartazona/redes/envRedes/lib/python3.11/site-packages/flask/sessions.py", line 79, in __getitem__
    return super().__getitem__(key)
           ^^^^^^^^^^^^^^^^^^^^^^^^
KeyError: 'username'
ERROR:app:Exception on /_subir_foto_equipo [POST]
Traceback (most recent call last):
  File "/home/cuartazona/redes/envRedes/lib/python3.11/site-packages/flask/app.py", line 2190, in wsgi_app
    response = self.full_dispatch_request()
               ^^^^^^^^^^^^^^^^^^^^^^^^^^^^
  File "/home/cuartazona/redes/envRedes/lib/python3.11/site-packages/flask/app.py", line 1486, in full_dispatch_request
    rv = self.handle_user_exception(e)
         ^^^^^^^^^^^^^^^^^^^^^^^^^^^^^
  File "/home/cuartazona/redes/envRedes/lib/python3.11/site-packages/flask/app.py", line 1484, in full_dispatch_request
    rv = self.dispatch_request()
         ^^^^^^^^^^^^^^^^^^^^^^^
  File "/home/cuartazona/redes/envRedes/lib/python3.11/site-packages/flask/app.py", line 1469, in dispatch_request
    return self.ensure_sync(self.view_functions[rule.endpoint])(**view_args)
           ^^^^^^^^^^^^^^^^^^^^^^^^^^^^^^^^^^^^^^^^^^^^^^^^^^^^^^^^^^^^^^^^^
  File "/home/cuartazona/redes/app/auxiliar.py", line 132, in wrap
    return func(*args, **kwargs)
           ^^^^^^^^^^^^^^^^^^^^^
  File "/home/cuartazona/redes/app/auxiliar.py", line 145, in wrap
    return fn(*args, **kwargs)
           ^^^^^^^^^^^^^^^^^^^
  File "/home/cuartazona/redes/app/auxiliar.py", line 294, in wrap
    return fn(*args, **kwargs)
           ^^^^^^^^^^^^^^^^^^^
  File "/home/cuartazona/redes/app/auditoria.py", line 1022, in _subir_foto_equipo
    if session["id_auditoria"] in auditorias:
       ~~~~~~~^^^^^^^^^^^^^^^^
  File "/home/cuartazona/redes/envRedes/lib/python3.11/site-packages/flask/sessions.py", line 79, in __getitem__
    return super().__getitem__(key)
           ^^^^^^^^^^^^^^^^^^^^^^^^
KeyError: 'id_auditoria'
ERROR:app:Exception on /_subir_foto_equipo [POST]
Traceback (most recent call last):
  File "/home/cuartazona/redes/envRedes/lib/python3.11/site-packages/flask/app.py", line 2190, in wsgi_app
    response = self.full_dispatch_request()
               ^^^^^^^^^^^^^^^^^^^^^^^^^^^^
  File "/home/cuartazona/redes/envRedes/lib/python3.11/site-packages/flask/app.py", line 1486, in full_dispatch_request
    rv = self.handle_user_exception(e)
         ^^^^^^^^^^^^^^^^^^^^^^^^^^^^^
  File "/home/cuartazona/redes/envRedes/lib/python3.11/site-packages/flask/app.py", line 1484, in full_dispatch_request
    rv = self.dispatch_request()
         ^^^^^^^^^^^^^^^^^^^^^^^
  File "/home/cuartazona/redes/envRedes/lib/python3.11/site-packages/flask/app.py", line 1469, in dispatch_request
    return self.ensure_sync(self.view_functions[rule.endpoint])(**view_args)
           ^^^^^^^^^^^^^^^^^^^^^^^^^^^^^^^^^^^^^^^^^^^^^^^^^^^^^^^^^^^^^^^^^
  File "/home/cuartazona/redes/app/auxiliar.py", line 132, in wrap
    return func(*args, **kwargs)
           ^^^^^^^^^^^^^^^^^^^^^
  File "/home/cuartazona/redes/app/auxiliar.py", line 145, in wrap
    return fn(*args, **kwargs)
           ^^^^^^^^^^^^^^^^^^^
  File "/home/cuartazona/redes/app/auxiliar.py", line 294, in wrap
    return fn(*args, **kwargs)
           ^^^^^^^^^^^^^^^^^^^
  File "/home/cuartazona/redes/app/auditoria.py", line 1022, in _subir_foto_equipo
    if session["id_auditoria"] in auditorias:
       ~~~~~~~^^^^^^^^^^^^^^^^
  File "/home/cuartazona/redes/envRedes/lib/python3.11/site-packages/flask/sessions.py", line 79, in __getitem__
    return super().__getitem__(key)
           ^^^^^^^^^^^^^^^^^^^^^^^^
KeyError: 'id_auditoria'
ERROR:app:Exception on /_subir_foto_equipo [POST]
Traceback (most recent call last):
  File "/home/cuartazona/redes/envRedes/lib/python3.11/site-packages/flask/app.py", line 2190, in wsgi_app
    response = self.full_dispatch_request()
               ^^^^^^^^^^^^^^^^^^^^^^^^^^^^
  File "/home/cuartazona/redes/envRedes/lib/python3.11/site-packages/flask/app.py", line 1486, in full_dispatch_request
    rv = self.handle_user_exception(e)
         ^^^^^^^^^^^^^^^^^^^^^^^^^^^^^
  File "/home/cuartazona/redes/envRedes/lib/python3.11/site-packages/flask/app.py", line 1484, in full_dispatch_request
    rv = self.dispatch_request()
         ^^^^^^^^^^^^^^^^^^^^^^^
  File "/home/cuartazona/redes/envRedes/lib/python3.11/site-packages/flask/app.py", line 1469, in dispatch_request
    return self.ensure_sync(self.view_functions[rule.endpoint])(**view_args)
           ^^^^^^^^^^^^^^^^^^^^^^^^^^^^^^^^^^^^^^^^^^^^^^^^^^^^^^^^^^^^^^^^^
  File "/home/cuartazona/redes/app/auxiliar.py", line 132, in wrap
    return func(*args, **kwargs)
           ^^^^^^^^^^^^^^^^^^^^^
  File "/home/cuartazona/redes/app/auxiliar.py", line 145, in wrap
    return fn(*args, **kwargs)
           ^^^^^^^^^^^^^^^^^^^
  File "/home/cuartazona/redes/app/auxiliar.py", line 294, in wrap
    return fn(*args, **kwargs)
           ^^^^^^^^^^^^^^^^^^^
  File "/home/cuartazona/redes/app/auditoria.py", line 1022, in _subir_foto_equipo
    if session["id_auditoria"] in auditorias:
       ~~~~~~~^^^^^^^^^^^^^^^^
  File "/home/cuartazona/redes/envRedes/lib/python3.11/site-packages/flask/sessions.py", line 79, in __getitem__
    return super().__getitem__(key)
           ^^^^^^^^^^^^^^^^^^^^^^^^
KeyError: 'id_auditoria'
ERROR:app:Exception on /_subir_foto_equipo [POST]
Traceback (most recent call last):
  File "/home/cuartazona/redes/envRedes/lib/python3.11/site-packages/flask/app.py", line 2190, in wsgi_app
    response = self.full_dispatch_request()
               ^^^^^^^^^^^^^^^^^^^^^^^^^^^^
  File "/home/cuartazona/redes/envRedes/lib/python3.11/site-packages/flask/app.py", line 1486, in full_dispatch_request
    rv = self.handle_user_exception(e)
         ^^^^^^^^^^^^^^^^^^^^^^^^^^^^^
  File "/home/cuartazona/redes/envRedes/lib/python3.11/site-packages/flask/app.py", line 1484, in full_dispatch_request
    rv = self.dispatch_request()
         ^^^^^^^^^^^^^^^^^^^^^^^
  File "/home/cuartazona/redes/envRedes/lib/python3.11/site-packages/flask/app.py", line 1469, in dispatch_request
    return self.ensure_sync(self.view_functions[rule.endpoint])(**view_args)
           ^^^^^^^^^^^^^^^^^^^^^^^^^^^^^^^^^^^^^^^^^^^^^^^^^^^^^^^^^^^^^^^^^
  File "/home/cuartazona/redes/app/auxiliar.py", line 132, in wrap
    return func(*args, **kwargs)
           ^^^^^^^^^^^^^^^^^^^^^
  File "/home/cuartazona/redes/app/auxiliar.py", line 145, in wrap
    return fn(*args, **kwargs)
           ^^^^^^^^^^^^^^^^^^^
  File "/home/cuartazona/redes/app/auxiliar.py", line 294, in wrap
    return fn(*args, **kwargs)
           ^^^^^^^^^^^^^^^^^^^
  File "/home/cuartazona/redes/app/auditoria.py", line 1022, in _subir_foto_equipo
    if session["id_auditoria"] in auditorias:
       ~~~~~~~^^^^^^^^^^^^^^^^
  File "/home/cuartazona/redes/envRedes/lib/python3.11/site-packages/flask/sessions.py", line 79, in __getitem__
    return super().__getitem__(key)
           ^^^^^^^^^^^^^^^^^^^^^^^^
KeyError: 'id_auditoria'
ERROR:app:Exception on /_subir_foto_equipo [POST]
Traceback (most recent call last):
  File "/home/cuartazona/redes/envRedes/lib/python3.11/site-packages/flask/app.py", line 2190, in wsgi_app
    response = self.full_dispatch_request()
               ^^^^^^^^^^^^^^^^^^^^^^^^^^^^
  File "/home/cuartazona/redes/envRedes/lib/python3.11/site-packages/flask/app.py", line 1486, in full_dispatch_request
    rv = self.handle_user_exception(e)
         ^^^^^^^^^^^^^^^^^^^^^^^^^^^^^
  File "/home/cuartazona/redes/envRedes/lib/python3.11/site-packages/flask/app.py", line 1484, in full_dispatch_request
    rv = self.dispatch_request()
         ^^^^^^^^^^^^^^^^^^^^^^^
  File "/home/cuartazona/redes/envRedes/lib/python3.11/site-packages/flask/app.py", line 1469, in dispatch_request
    return self.ensure_sync(self.view_functions[rule.endpoint])(**view_args)
           ^^^^^^^^^^^^^^^^^^^^^^^^^^^^^^^^^^^^^^^^^^^^^^^^^^^^^^^^^^^^^^^^^
  File "/home/cuartazona/redes/app/auxiliar.py", line 132, in wrap
    return func(*args, **kwargs)
           ^^^^^^^^^^^^^^^^^^^^^
  File "/home/cuartazona/redes/app/auxiliar.py", line 145, in wrap
    return fn(*args, **kwargs)
           ^^^^^^^^^^^^^^^^^^^
  File "/home/cuartazona/redes/app/auxiliar.py", line 294, in wrap
    return fn(*args, **kwargs)
           ^^^^^^^^^^^^^^^^^^^
  File "/home/cuartazona/redes/app/auditoria.py", line 1022, in _subir_foto_equipo
    if session["id_auditoria"] in auditorias:
       ~~~~~~~^^^^^^^^^^^^^^^^
  File "/home/cuartazona/redes/envRedes/lib/python3.11/site-packages/flask/sessions.py", line 79, in __getitem__
    return super().__getitem__(key)
           ^^^^^^^^^^^^^^^^^^^^^^^^
KeyError: 'id_auditoria'
ERROR:app:Exception on /_subir_foto_equipo [POST]
Traceback (most recent call last):
  File "/home/cuartazona/redes/envRedes/lib/python3.11/site-packages/flask/app.py", line 2190, in wsgi_app
    response = self.full_dispatch_request()
               ^^^^^^^^^^^^^^^^^^^^^^^^^^^^
  File "/home/cuartazona/redes/envRedes/lib/python3.11/site-packages/flask/app.py", line 1486, in full_dispatch_request
    rv = self.handle_user_exception(e)
         ^^^^^^^^^^^^^^^^^^^^^^^^^^^^^
  File "/home/cuartazona/redes/envRedes/lib/python3.11/site-packages/flask/app.py", line 1484, in full_dispatch_request
    rv = self.dispatch_request()
         ^^^^^^^^^^^^^^^^^^^^^^^
  File "/home/cuartazona/redes/envRedes/lib/python3.11/site-packages/flask/app.py", line 1469, in dispatch_request
    return self.ensure_sync(self.view_functions[rule.endpoint])(**view_args)
           ^^^^^^^^^^^^^^^^^^^^^^^^^^^^^^^^^^^^^^^^^^^^^^^^^^^^^^^^^^^^^^^^^
  File "/home/cuartazona/redes/app/auxiliar.py", line 132, in wrap
    return func(*args, **kwargs)
           ^^^^^^^^^^^^^^^^^^^^^
  File "/home/cuartazona/redes/app/auxiliar.py", line 145, in wrap
    return fn(*args, **kwargs)
           ^^^^^^^^^^^^^^^^^^^
  File "/home/cuartazona/redes/app/auxiliar.py", line 294, in wrap
    return fn(*args, **kwargs)
           ^^^^^^^^^^^^^^^^^^^
  File "/home/cuartazona/redes/app/auditoria.py", line 1022, in _subir_foto_equipo
    if session["id_auditoria"] in auditorias:
       ~~~~~~~^^^^^^^^^^^^^^^^
  File "/home/cuartazona/redes/envRedes/lib/python3.11/site-packages/flask/sessions.py", line 79, in __getitem__
    return super().__getitem__(key)
           ^^^^^^^^^^^^^^^^^^^^^^^^
KeyError: 'id_auditoria'
ERROR:app:Exception on /_subir_foto_equipo [POST]
Traceback (most recent call last):
  File "/home/cuartazona/redes/envRedes/lib/python3.11/site-packages/flask/app.py", line 2190, in wsgi_app
    response = self.full_dispatch_request()
               ^^^^^^^^^^^^^^^^^^^^^^^^^^^^
  File "/home/cuartazona/redes/envRedes/lib/python3.11/site-packages/flask/app.py", line 1486, in full_dispatch_request
    rv = self.handle_user_exception(e)
         ^^^^^^^^^^^^^^^^^^^^^^^^^^^^^
  File "/home/cuartazona/redes/envRedes/lib/python3.11/site-packages/flask/app.py", line 1484, in full_dispatch_request
    rv = self.dispatch_request()
         ^^^^^^^^^^^^^^^^^^^^^^^
  File "/home/cuartazona/redes/envRedes/lib/python3.11/site-packages/flask/app.py", line 1469, in dispatch_request
    return self.ensure_sync(self.view_functions[rule.endpoint])(**view_args)
           ^^^^^^^^^^^^^^^^^^^^^^^^^^^^^^^^^^^^^^^^^^^^^^^^^^^^^^^^^^^^^^^^^
  File "/home/cuartazona/redes/app/auxiliar.py", line 132, in wrap
    return func(*args, **kwargs)
           ^^^^^^^^^^^^^^^^^^^^^
  File "/home/cuartazona/redes/app/auxiliar.py", line 145, in wrap
    return fn(*args, **kwargs)
           ^^^^^^^^^^^^^^^^^^^
  File "/home/cuartazona/redes/app/auxiliar.py", line 294, in wrap
    return fn(*args, **kwargs)
           ^^^^^^^^^^^^^^^^^^^
  File "/home/cuartazona/redes/app/auditoria.py", line 1022, in _subir_foto_equipo
    if session["id_auditoria"] in auditorias:
       ~~~~~~~^^^^^^^^^^^^^^^^
  File "/home/cuartazona/redes/envRedes/lib/python3.11/site-packages/flask/sessions.py", line 79, in __getitem__
    return super().__getitem__(key)
           ^^^^^^^^^^^^^^^^^^^^^^^^
KeyError: 'id_auditoria'
ERROR:app:Exception on /_subir_foto_equipo [POST]
Traceback (most recent call last):
  File "/home/cuartazona/redes/envRedes/lib/python3.11/site-packages/flask/app.py", line 2190, in wsgi_app
    response = self.full_dispatch_request()
               ^^^^^^^^^^^^^^^^^^^^^^^^^^^^
  File "/home/cuartazona/redes/envRedes/lib/python3.11/site-packages/flask/app.py", line 1486, in full_dispatch_request
    rv = self.handle_user_exception(e)
         ^^^^^^^^^^^^^^^^^^^^^^^^^^^^^
  File "/home/cuartazona/redes/envRedes/lib/python3.11/site-packages/flask/app.py", line 1484, in full_dispatch_request
    rv = self.dispatch_request()
         ^^^^^^^^^^^^^^^^^^^^^^^
  File "/home/cuartazona/redes/envRedes/lib/python3.11/site-packages/flask/app.py", line 1469, in dispatch_request
    return self.ensure_sync(self.view_functions[rule.endpoint])(**view_args)
           ^^^^^^^^^^^^^^^^^^^^^^^^^^^^^^^^^^^^^^^^^^^^^^^^^^^^^^^^^^^^^^^^^
  File "/home/cuartazona/redes/app/auxiliar.py", line 132, in wrap
    return func(*args, **kwargs)
           ^^^^^^^^^^^^^^^^^^^^^
  File "/home/cuartazona/redes/app/auxiliar.py", line 145, in wrap
    return fn(*args, **kwargs)
           ^^^^^^^^^^^^^^^^^^^
  File "/home/cuartazona/redes/app/auxiliar.py", line 294, in wrap
    return fn(*args, **kwargs)
           ^^^^^^^^^^^^^^^^^^^
  File "/home/cuartazona/redes/app/auditoria.py", line 1022, in _subir_foto_equipo
    if session["id_auditoria"] in auditorias:
       ~~~~~~~^^^^^^^^^^^^^^^^
  File "/home/cuartazona/redes/envRedes/lib/python3.11/site-packages/flask/sessions.py", line 79, in __getitem__
    return super().__getitem__(key)
           ^^^^^^^^^^^^^^^^^^^^^^^^
KeyError: 'id_auditoria'
ERROR:app:Exception on /_subir_foto_equipo [POST]
Traceback (most recent call last):
  File "/home/cuartazona/redes/envRedes/lib/python3.11/site-packages/flask/app.py", line 2190, in wsgi_app
    response = self.full_dispatch_request()
               ^^^^^^^^^^^^^^^^^^^^^^^^^^^^
  File "/home/cuartazona/redes/envRedes/lib/python3.11/site-packages/flask/app.py", line 1486, in full_dispatch_request
    rv = self.handle_user_exception(e)
         ^^^^^^^^^^^^^^^^^^^^^^^^^^^^^
  File "/home/cuartazona/redes/envRedes/lib/python3.11/site-packages/flask/app.py", line 1484, in full_dispatch_request
    rv = self.dispatch_request()
         ^^^^^^^^^^^^^^^^^^^^^^^
  File "/home/cuartazona/redes/envRedes/lib/python3.11/site-packages/flask/app.py", line 1469, in dispatch_request
    return self.ensure_sync(self.view_functions[rule.endpoint])(**view_args)
           ^^^^^^^^^^^^^^^^^^^^^^^^^^^^^^^^^^^^^^^^^^^^^^^^^^^^^^^^^^^^^^^^^
  File "/home/cuartazona/redes/app/auxiliar.py", line 132, in wrap
    return func(*args, **kwargs)
           ^^^^^^^^^^^^^^^^^^^^^
  File "/home/cuartazona/redes/app/auxiliar.py", line 145, in wrap
    return fn(*args, **kwargs)
           ^^^^^^^^^^^^^^^^^^^
  File "/home/cuartazona/redes/app/auxiliar.py", line 294, in wrap
    return fn(*args, **kwargs)
           ^^^^^^^^^^^^^^^^^^^
  File "/home/cuartazona/redes/app/auditoria.py", line 1022, in _subir_foto_equipo
    if session["id_auditoria"] in auditorias:
       ~~~~~~~^^^^^^^^^^^^^^^^
  File "/home/cuartazona/redes/envRedes/lib/python3.11/site-packages/flask/sessions.py", line 79, in __getitem__
    return super().__getitem__(key)
           ^^^^^^^^^^^^^^^^^^^^^^^^
KeyError: 'id_auditoria'
ERROR:app:Exception on /_subir_foto_equipo [POST]
Traceback (most recent call last):
  File "/home/cuartazona/redes/envRedes/lib/python3.11/site-packages/flask/app.py", line 2190, in wsgi_app
    response = self.full_dispatch_request()
               ^^^^^^^^^^^^^^^^^^^^^^^^^^^^
  File "/home/cuartazona/redes/envRedes/lib/python3.11/site-packages/flask/app.py", line 1486, in full_dispatch_request
    rv = self.handle_user_exception(e)
         ^^^^^^^^^^^^^^^^^^^^^^^^^^^^^
  File "/home/cuartazona/redes/envRedes/lib/python3.11/site-packages/flask/app.py", line 1484, in full_dispatch_request
    rv = self.dispatch_request()
         ^^^^^^^^^^^^^^^^^^^^^^^
  File "/home/cuartazona/redes/envRedes/lib/python3.11/site-packages/flask/app.py", line 1469, in dispatch_request
    return self.ensure_sync(self.view_functions[rule.endpoint])(**view_args)
           ^^^^^^^^^^^^^^^^^^^^^^^^^^^^^^^^^^^^^^^^^^^^^^^^^^^^^^^^^^^^^^^^^
  File "/home/cuartazona/redes/app/auxiliar.py", line 132, in wrap
    return func(*args, **kwargs)
           ^^^^^^^^^^^^^^^^^^^^^
  File "/home/cuartazona/redes/app/auxiliar.py", line 145, in wrap
    return fn(*args, **kwargs)
           ^^^^^^^^^^^^^^^^^^^
  File "/home/cuartazona/redes/app/auxiliar.py", line 294, in wrap
    return fn(*args, **kwargs)
           ^^^^^^^^^^^^^^^^^^^
  File "/home/cuartazona/redes/app/auditoria.py", line 1022, in _subir_foto_equipo
    if session["id_auditoria"] in auditorias:
       ~~~~~~~^^^^^^^^^^^^^^^^
  File "/home/cuartazona/redes/envRedes/lib/python3.11/site-packages/flask/sessions.py", line 79, in __getitem__
    return super().__getitem__(key)
           ^^^^^^^^^^^^^^^^^^^^^^^^
KeyError: 'id_auditoria'
ERROR:app:Exception on /_subir_foto_equipo [POST]
Traceback (most recent call last):
  File "/home/cuartazona/redes/envRedes/lib/python3.11/site-packages/flask/app.py", line 2190, in wsgi_app
    response = self.full_dispatch_request()
               ^^^^^^^^^^^^^^^^^^^^^^^^^^^^
  File "/home/cuartazona/redes/envRedes/lib/python3.11/site-packages/flask/app.py", line 1486, in full_dispatch_request
    rv = self.handle_user_exception(e)
         ^^^^^^^^^^^^^^^^^^^^^^^^^^^^^
  File "/home/cuartazona/redes/envRedes/lib/python3.11/site-packages/flask/app.py", line 1484, in full_dispatch_request
    rv = self.dispatch_request()
         ^^^^^^^^^^^^^^^^^^^^^^^
  File "/home/cuartazona/redes/envRedes/lib/python3.11/site-packages/flask/app.py", line 1469, in dispatch_request
    return self.ensure_sync(self.view_functions[rule.endpoint])(**view_args)
           ^^^^^^^^^^^^^^^^^^^^^^^^^^^^^^^^^^^^^^^^^^^^^^^^^^^^^^^^^^^^^^^^^
  File "/home/cuartazona/redes/app/auxiliar.py", line 132, in wrap
    return func(*args, **kwargs)
           ^^^^^^^^^^^^^^^^^^^^^
  File "/home/cuartazona/redes/app/auxiliar.py", line 145, in wrap
    return fn(*args, **kwargs)
           ^^^^^^^^^^^^^^^^^^^
  File "/home/cuartazona/redes/app/auxiliar.py", line 294, in wrap
    return fn(*args, **kwargs)
           ^^^^^^^^^^^^^^^^^^^
  File "/home/cuartazona/redes/app/auditoria.py", line 1022, in _subir_foto_equipo
    if session["id_auditoria"] in auditorias:
       ~~~~~~~^^^^^^^^^^^^^^^^
  File "/home/cuartazona/redes/envRedes/lib/python3.11/site-packages/flask/sessions.py", line 79, in __getitem__
    return super().__getitem__(key)
           ^^^^^^^^^^^^^^^^^^^^^^^^
KeyError: 'id_auditoria'
ERROR:app:Exception on /_subir_foto_equipo [POST]
Traceback (most recent call last):
  File "/home/cuartazona/redes/envRedes/lib/python3.11/site-packages/flask/app.py", line 2190, in wsgi_app
    response = self.full_dispatch_request()
               ^^^^^^^^^^^^^^^^^^^^^^^^^^^^
  File "/home/cuartazona/redes/envRedes/lib/python3.11/site-packages/flask/app.py", line 1486, in full_dispatch_request
    rv = self.handle_user_exception(e)
         ^^^^^^^^^^^^^^^^^^^^^^^^^^^^^
  File "/home/cuartazona/redes/envRedes/lib/python3.11/site-packages/flask/app.py", line 1484, in full_dispatch_request
    rv = self.dispatch_request()
         ^^^^^^^^^^^^^^^^^^^^^^^
  File "/home/cuartazona/redes/envRedes/lib/python3.11/site-packages/flask/app.py", line 1469, in dispatch_request
    return self.ensure_sync(self.view_functions[rule.endpoint])(**view_args)
           ^^^^^^^^^^^^^^^^^^^^^^^^^^^^^^^^^^^^^^^^^^^^^^^^^^^^^^^^^^^^^^^^^
  File "/home/cuartazona/redes/app/auxiliar.py", line 132, in wrap
    return func(*args, **kwargs)
           ^^^^^^^^^^^^^^^^^^^^^
  File "/home/cuartazona/redes/app/auxiliar.py", line 145, in wrap
    return fn(*args, **kwargs)
           ^^^^^^^^^^^^^^^^^^^
  File "/home/cuartazona/redes/app/auxiliar.py", line 294, in wrap
    return fn(*args, **kwargs)
           ^^^^^^^^^^^^^^^^^^^
  File "/home/cuartazona/redes/app/auditoria.py", line 1022, in _subir_foto_equipo
    if session["id_auditoria"] in auditorias:
       ~~~~~~~^^^^^^^^^^^^^^^^
  File "/home/cuartazona/redes/envRedes/lib/python3.11/site-packages/flask/sessions.py", line 79, in __getitem__
    return super().__getitem__(key)
           ^^^^^^^^^^^^^^^^^^^^^^^^
KeyError: 'id_auditoria'
ERROR:app:Exception on /_subir_foto_equipo [POST]
Traceback (most recent call last):
  File "/home/cuartazona/redes/envRedes/lib/python3.11/site-packages/flask/app.py", line 2190, in wsgi_app
    response = self.full_dispatch_request()
               ^^^^^^^^^^^^^^^^^^^^^^^^^^^^
  File "/home/cuartazona/redes/envRedes/lib/python3.11/site-packages/flask/app.py", line 1486, in full_dispatch_request
    rv = self.handle_user_exception(e)
         ^^^^^^^^^^^^^^^^^^^^^^^^^^^^^
  File "/home/cuartazona/redes/envRedes/lib/python3.11/site-packages/flask/app.py", line 1484, in full_dispatch_request
    rv = self.dispatch_request()
         ^^^^^^^^^^^^^^^^^^^^^^^
  File "/home/cuartazona/redes/envRedes/lib/python3.11/site-packages/flask/app.py", line 1469, in dispatch_request
    return self.ensure_sync(self.view_functions[rule.endpoint])(**view_args)
           ^^^^^^^^^^^^^^^^^^^^^^^^^^^^^^^^^^^^^^^^^^^^^^^^^^^^^^^^^^^^^^^^^
  File "/home/cuartazona/redes/app/auxiliar.py", line 132, in wrap
    return func(*args, **kwargs)
           ^^^^^^^^^^^^^^^^^^^^^
  File "/home/cuartazona/redes/app/auxiliar.py", line 145, in wrap
    return fn(*args, **kwargs)
           ^^^^^^^^^^^^^^^^^^^
  File "/home/cuartazona/redes/app/auxiliar.py", line 294, in wrap
    return fn(*args, **kwargs)
           ^^^^^^^^^^^^^^^^^^^
  File "/home/cuartazona/redes/app/auditoria.py", line 1022, in _subir_foto_equipo
    if session["id_auditoria"] in auditorias:
       ~~~~~~~^^^^^^^^^^^^^^^^
  File "/home/cuartazona/redes/envRedes/lib/python3.11/site-packages/flask/sessions.py", line 79, in __getitem__
    return super().__getitem__(key)
           ^^^^^^^^^^^^^^^^^^^^^^^^
KeyError: 'id_auditoria'
ERROR:app:Exception on /_subir_foto_equipo [POST]
Traceback (most recent call last):
  File "/home/cuartazona/redes/envRedes/lib/python3.11/site-packages/flask/app.py", line 2190, in wsgi_app
    response = self.full_dispatch_request()
               ^^^^^^^^^^^^^^^^^^^^^^^^^^^^
  File "/home/cuartazona/redes/envRedes/lib/python3.11/site-packages/flask/app.py", line 1486, in full_dispatch_request
    rv = self.handle_user_exception(e)
         ^^^^^^^^^^^^^^^^^^^^^^^^^^^^^
  File "/home/cuartazona/redes/envRedes/lib/python3.11/site-packages/flask/app.py", line 1484, in full_dispatch_request
    rv = self.dispatch_request()
         ^^^^^^^^^^^^^^^^^^^^^^^
  File "/home/cuartazona/redes/envRedes/lib/python3.11/site-packages/flask/app.py", line 1469, in dispatch_request
    return self.ensure_sync(self.view_functions[rule.endpoint])(**view_args)
           ^^^^^^^^^^^^^^^^^^^^^^^^^^^^^^^^^^^^^^^^^^^^^^^^^^^^^^^^^^^^^^^^^
  File "/home/cuartazona/redes/app/auxiliar.py", line 132, in wrap
    return func(*args, **kwargs)
           ^^^^^^^^^^^^^^^^^^^^^
  File "/home/cuartazona/redes/app/auxiliar.py", line 145, in wrap
    return fn(*args, **kwargs)
           ^^^^^^^^^^^^^^^^^^^
  File "/home/cuartazona/redes/app/auxiliar.py", line 294, in wrap
    return fn(*args, **kwargs)
           ^^^^^^^^^^^^^^^^^^^
  File "/home/cuartazona/redes/app/auditoria.py", line 1022, in _subir_foto_equipo
    if session["id_auditoria"] in auditorias:
       ~~~~~~~^^^^^^^^^^^^^^^^
  File "/home/cuartazona/redes/envRedes/lib/python3.11/site-packages/flask/sessions.py", line 79, in __getitem__
    return super().__getitem__(key)
           ^^^^^^^^^^^^^^^^^^^^^^^^
KeyError: 'id_auditoria'
ERROR:app:Exception on /_subir_foto_equipo [POST]
Traceback (most recent call last):
  File "/home/cuartazona/redes/envRedes/lib/python3.11/site-packages/flask/app.py", line 2190, in wsgi_app
    response = self.full_dispatch_request()
               ^^^^^^^^^^^^^^^^^^^^^^^^^^^^
  File "/home/cuartazona/redes/envRedes/lib/python3.11/site-packages/flask/app.py", line 1486, in full_dispatch_request
    rv = self.handle_user_exception(e)
         ^^^^^^^^^^^^^^^^^^^^^^^^^^^^^
  File "/home/cuartazona/redes/envRedes/lib/python3.11/site-packages/flask/app.py", line 1484, in full_dispatch_request
    rv = self.dispatch_request()
         ^^^^^^^^^^^^^^^^^^^^^^^
  File "/home/cuartazona/redes/envRedes/lib/python3.11/site-packages/flask/app.py", line 1469, in dispatch_request
    return self.ensure_sync(self.view_functions[rule.endpoint])(**view_args)
           ^^^^^^^^^^^^^^^^^^^^^^^^^^^^^^^^^^^^^^^^^^^^^^^^^^^^^^^^^^^^^^^^^
  File "/home/cuartazona/redes/app/auxiliar.py", line 132, in wrap
    return func(*args, **kwargs)
           ^^^^^^^^^^^^^^^^^^^^^
  File "/home/cuartazona/redes/app/auxiliar.py", line 145, in wrap
    return fn(*args, **kwargs)
           ^^^^^^^^^^^^^^^^^^^
  File "/home/cuartazona/redes/app/auxiliar.py", line 294, in wrap
    return fn(*args, **kwargs)
           ^^^^^^^^^^^^^^^^^^^
  File "/home/cuartazona/redes/app/auditoria.py", line 1022, in _subir_foto_equipo
    if session["id_auditoria"] in auditorias:
       ~~~~~~~^^^^^^^^^^^^^^^^
  File "/home/cuartazona/redes/envRedes/lib/python3.11/site-packages/flask/sessions.py", line 79, in __getitem__
    return super().__getitem__(key)
           ^^^^^^^^^^^^^^^^^^^^^^^^
KeyError: 'id_auditoria'
ERROR:app:Exception on /_subir_foto_equipo [POST]
Traceback (most recent call last):
  File "/home/cuartazona/redes/envRedes/lib/python3.11/site-packages/flask/app.py", line 2190, in wsgi_app
    response = self.full_dispatch_request()
               ^^^^^^^^^^^^^^^^^^^^^^^^^^^^
  File "/home/cuartazona/redes/envRedes/lib/python3.11/site-packages/flask/app.py", line 1486, in full_dispatch_request
    rv = self.handle_user_exception(e)
         ^^^^^^^^^^^^^^^^^^^^^^^^^^^^^
  File "/home/cuartazona/redes/envRedes/lib/python3.11/site-packages/flask/app.py", line 1484, in full_dispatch_request
    rv = self.dispatch_request()
         ^^^^^^^^^^^^^^^^^^^^^^^
  File "/home/cuartazona/redes/envRedes/lib/python3.11/site-packages/flask/app.py", line 1469, in dispatch_request
    return self.ensure_sync(self.view_functions[rule.endpoint])(**view_args)
           ^^^^^^^^^^^^^^^^^^^^^^^^^^^^^^^^^^^^^^^^^^^^^^^^^^^^^^^^^^^^^^^^^
  File "/home/cuartazona/redes/app/auxiliar.py", line 132, in wrap
    return func(*args, **kwargs)
           ^^^^^^^^^^^^^^^^^^^^^
  File "/home/cuartazona/redes/app/auxiliar.py", line 145, in wrap
    return fn(*args, **kwargs)
           ^^^^^^^^^^^^^^^^^^^
  File "/home/cuartazona/redes/app/auxiliar.py", line 294, in wrap
    return fn(*args, **kwargs)
           ^^^^^^^^^^^^^^^^^^^
  File "/home/cuartazona/redes/app/auditoria.py", line 1022, in _subir_foto_equipo
    if session["id_auditoria"] in auditorias:
       ~~~~~~~^^^^^^^^^^^^^^^^
  File "/home/cuartazona/redes/envRedes/lib/python3.11/site-packages/flask/sessions.py", line 79, in __getitem__
    return super().__getitem__(key)
           ^^^^^^^^^^^^^^^^^^^^^^^^
KeyError: 'id_auditoria'
ERROR:app:Exception on /_subir_foto_equipo [POST]
Traceback (most recent call last):
  File "/home/cuartazona/redes/envRedes/lib/python3.11/site-packages/flask/app.py", line 2190, in wsgi_app
    response = self.full_dispatch_request()
               ^^^^^^^^^^^^^^^^^^^^^^^^^^^^
  File "/home/cuartazona/redes/envRedes/lib/python3.11/site-packages/flask/app.py", line 1486, in full_dispatch_request
    rv = self.handle_user_exception(e)
         ^^^^^^^^^^^^^^^^^^^^^^^^^^^^^
  File "/home/cuartazona/redes/envRedes/lib/python3.11/site-packages/flask/app.py", line 1484, in full_dispatch_request
    rv = self.dispatch_request()
         ^^^^^^^^^^^^^^^^^^^^^^^
  File "/home/cuartazona/redes/envRedes/lib/python3.11/site-packages/flask/app.py", line 1469, in dispatch_request
    return self.ensure_sync(self.view_functions[rule.endpoint])(**view_args)
           ^^^^^^^^^^^^^^^^^^^^^^^^^^^^^^^^^^^^^^^^^^^^^^^^^^^^^^^^^^^^^^^^^
  File "/home/cuartazona/redes/app/auxiliar.py", line 132, in wrap
    return func(*args, **kwargs)
           ^^^^^^^^^^^^^^^^^^^^^
  File "/home/cuartazona/redes/app/auxiliar.py", line 145, in wrap
    return fn(*args, **kwargs)
           ^^^^^^^^^^^^^^^^^^^
  File "/home/cuartazona/redes/app/auxiliar.py", line 294, in wrap
    return fn(*args, **kwargs)
           ^^^^^^^^^^^^^^^^^^^
  File "/home/cuartazona/redes/app/auditoria.py", line 1022, in _subir_foto_equipo
    if session["id_auditoria"] in auditorias:
       ~~~~~~~^^^^^^^^^^^^^^^^
  File "/home/cuartazona/redes/envRedes/lib/python3.11/site-packages/flask/sessions.py", line 79, in __getitem__
    return super().__getitem__(key)
           ^^^^^^^^^^^^^^^^^^^^^^^^
KeyError: 'id_auditoria'
ERROR:app:Exception on /_subir_foto_equipo [POST]
Traceback (most recent call last):
  File "/home/cuartazona/redes/envRedes/lib/python3.11/site-packages/flask/app.py", line 2190, in wsgi_app
    response = self.full_dispatch_request()
               ^^^^^^^^^^^^^^^^^^^^^^^^^^^^
  File "/home/cuartazona/redes/envRedes/lib/python3.11/site-packages/flask/app.py", line 1486, in full_dispatch_request
    rv = self.handle_user_exception(e)
         ^^^^^^^^^^^^^^^^^^^^^^^^^^^^^
  File "/home/cuartazona/redes/envRedes/lib/python3.11/site-packages/flask/app.py", line 1484, in full_dispatch_request
    rv = self.dispatch_request()
         ^^^^^^^^^^^^^^^^^^^^^^^
  File "/home/cuartazona/redes/envRedes/lib/python3.11/site-packages/flask/app.py", line 1469, in dispatch_request
    return self.ensure_sync(self.view_functions[rule.endpoint])(**view_args)
           ^^^^^^^^^^^^^^^^^^^^^^^^^^^^^^^^^^^^^^^^^^^^^^^^^^^^^^^^^^^^^^^^^
  File "/home/cuartazona/redes/app/auxiliar.py", line 132, in wrap
    return func(*args, **kwargs)
           ^^^^^^^^^^^^^^^^^^^^^
  File "/home/cuartazona/redes/app/auxiliar.py", line 145, in wrap
    return fn(*args, **kwargs)
           ^^^^^^^^^^^^^^^^^^^
  File "/home/cuartazona/redes/app/auxiliar.py", line 294, in wrap
    return fn(*args, **kwargs)
           ^^^^^^^^^^^^^^^^^^^
  File "/home/cuartazona/redes/app/auditoria.py", line 1022, in _subir_foto_equipo
    if session["id_auditoria"] in auditorias:
       ~~~~~~~^^^^^^^^^^^^^^^^
  File "/home/cuartazona/redes/envRedes/lib/python3.11/site-packages/flask/sessions.py", line 79, in __getitem__
    return super().__getitem__(key)
           ^^^^^^^^^^^^^^^^^^^^^^^^
KeyError: 'id_auditoria'
ERROR:app:Exception on /_subir_foto_equipo [POST]
Traceback (most recent call last):
  File "/home/cuartazona/redes/envRedes/lib/python3.11/site-packages/flask/app.py", line 2190, in wsgi_app
    response = self.full_dispatch_request()
               ^^^^^^^^^^^^^^^^^^^^^^^^^^^^
  File "/home/cuartazona/redes/envRedes/lib/python3.11/site-packages/flask/app.py", line 1486, in full_dispatch_request
    rv = self.handle_user_exception(e)
         ^^^^^^^^^^^^^^^^^^^^^^^^^^^^^
  File "/home/cuartazona/redes/envRedes/lib/python3.11/site-packages/flask/app.py", line 1484, in full_dispatch_request
    rv = self.dispatch_request()
         ^^^^^^^^^^^^^^^^^^^^^^^
  File "/home/cuartazona/redes/envRedes/lib/python3.11/site-packages/flask/app.py", line 1469, in dispatch_request
    return self.ensure_sync(self.view_functions[rule.endpoint])(**view_args)
           ^^^^^^^^^^^^^^^^^^^^^^^^^^^^^^^^^^^^^^^^^^^^^^^^^^^^^^^^^^^^^^^^^
  File "/home/cuartazona/redes/app/auxiliar.py", line 132, in wrap
    return func(*args, **kwargs)
           ^^^^^^^^^^^^^^^^^^^^^
  File "/home/cuartazona/redes/app/auxiliar.py", line 145, in wrap
    return fn(*args, **kwargs)
           ^^^^^^^^^^^^^^^^^^^
  File "/home/cuartazona/redes/app/auxiliar.py", line 294, in wrap
    return fn(*args, **kwargs)
           ^^^^^^^^^^^^^^^^^^^
  File "/home/cuartazona/redes/app/auditoria.py", line 1022, in _subir_foto_equipo
    if session["id_auditoria"] in auditorias:
       ~~~~~~~^^^^^^^^^^^^^^^^
  File "/home/cuartazona/redes/envRedes/lib/python3.11/site-packages/flask/sessions.py", line 79, in __getitem__
    return super().__getitem__(key)
           ^^^^^^^^^^^^^^^^^^^^^^^^
KeyError: 'id_auditoria'
ERROR:app:Exception on /_subir_foto_equipo [POST]
Traceback (most recent call last):
  File "/home/cuartazona/redes/envRedes/lib/python3.11/site-packages/flask/app.py", line 2190, in wsgi_app
    response = self.full_dispatch_request()
               ^^^^^^^^^^^^^^^^^^^^^^^^^^^^
  File "/home/cuartazona/redes/envRedes/lib/python3.11/site-packages/flask/app.py", line 1486, in full_dispatch_request
    rv = self.handle_user_exception(e)
         ^^^^^^^^^^^^^^^^^^^^^^^^^^^^^
  File "/home/cuartazona/redes/envRedes/lib/python3.11/site-packages/flask/app.py", line 1484, in full_dispatch_request
    rv = self.dispatch_request()
         ^^^^^^^^^^^^^^^^^^^^^^^
  File "/home/cuartazona/redes/envRedes/lib/python3.11/site-packages/flask/app.py", line 1469, in dispatch_request
    return self.ensure_sync(self.view_functions[rule.endpoint])(**view_args)
           ^^^^^^^^^^^^^^^^^^^^^^^^^^^^^^^^^^^^^^^^^^^^^^^^^^^^^^^^^^^^^^^^^
  File "/home/cuartazona/redes/app/auxiliar.py", line 132, in wrap
    return func(*args, **kwargs)
           ^^^^^^^^^^^^^^^^^^^^^
  File "/home/cuartazona/redes/app/auxiliar.py", line 145, in wrap
    return fn(*args, **kwargs)
           ^^^^^^^^^^^^^^^^^^^
  File "/home/cuartazona/redes/app/auxiliar.py", line 294, in wrap
    return fn(*args, **kwargs)
           ^^^^^^^^^^^^^^^^^^^
  File "/home/cuartazona/redes/app/auditoria.py", line 1022, in _subir_foto_equipo
    if session["id_auditoria"] in auditorias:
       ~~~~~~~^^^^^^^^^^^^^^^^
  File "/home/cuartazona/redes/envRedes/lib/python3.11/site-packages/flask/sessions.py", line 79, in __getitem__
    return super().__getitem__(key)
           ^^^^^^^^^^^^^^^^^^^^^^^^
KeyError: 'id_auditoria'
ERROR:app:Exception on /_subir_foto_equipo [POST]
Traceback (most recent call last):
  File "/home/cuartazona/redes/envRedes/lib/python3.11/site-packages/flask/app.py", line 2190, in wsgi_app
    response = self.full_dispatch_request()
               ^^^^^^^^^^^^^^^^^^^^^^^^^^^^
  File "/home/cuartazona/redes/envRedes/lib/python3.11/site-packages/flask/app.py", line 1486, in full_dispatch_request
    rv = self.handle_user_exception(e)
         ^^^^^^^^^^^^^^^^^^^^^^^^^^^^^
  File "/home/cuartazona/redes/envRedes/lib/python3.11/site-packages/flask/app.py", line 1484, in full_dispatch_request
    rv = self.dispatch_request()
         ^^^^^^^^^^^^^^^^^^^^^^^
  File "/home/cuartazona/redes/envRedes/lib/python3.11/site-packages/flask/app.py", line 1469, in dispatch_request
    return self.ensure_sync(self.view_functions[rule.endpoint])(**view_args)
           ^^^^^^^^^^^^^^^^^^^^^^^^^^^^^^^^^^^^^^^^^^^^^^^^^^^^^^^^^^^^^^^^^
  File "/home/cuartazona/redes/app/auxiliar.py", line 132, in wrap
    return func(*args, **kwargs)
           ^^^^^^^^^^^^^^^^^^^^^
  File "/home/cuartazona/redes/app/auxiliar.py", line 145, in wrap
    return fn(*args, **kwargs)
           ^^^^^^^^^^^^^^^^^^^
  File "/home/cuartazona/redes/app/auxiliar.py", line 294, in wrap
    return fn(*args, **kwargs)
           ^^^^^^^^^^^^^^^^^^^
  File "/home/cuartazona/redes/app/auditoria.py", line 1022, in _subir_foto_equipo
    if session["id_auditoria"] in auditorias:
       ~~~~~~~^^^^^^^^^^^^^^^^
  File "/home/cuartazona/redes/envRedes/lib/python3.11/site-packages/flask/sessions.py", line 79, in __getitem__
    return super().__getitem__(key)
           ^^^^^^^^^^^^^^^^^^^^^^^^
KeyError: 'id_auditoria'
ERROR:app:Exception on /_subir_foto_equipo [POST]
Traceback (most recent call last):
  File "/home/cuartazona/redes/envRedes/lib/python3.11/site-packages/flask/app.py", line 2190, in wsgi_app
    response = self.full_dispatch_request()
               ^^^^^^^^^^^^^^^^^^^^^^^^^^^^
  File "/home/cuartazona/redes/envRedes/lib/python3.11/site-packages/flask/app.py", line 1486, in full_dispatch_request
    rv = self.handle_user_exception(e)
         ^^^^^^^^^^^^^^^^^^^^^^^^^^^^^
  File "/home/cuartazona/redes/envRedes/lib/python3.11/site-packages/flask/app.py", line 1484, in full_dispatch_request
    rv = self.dispatch_request()
         ^^^^^^^^^^^^^^^^^^^^^^^
  File "/home/cuartazona/redes/envRedes/lib/python3.11/site-packages/flask/app.py", line 1469, in dispatch_request
    return self.ensure_sync(self.view_functions[rule.endpoint])(**view_args)
           ^^^^^^^^^^^^^^^^^^^^^^^^^^^^^^^^^^^^^^^^^^^^^^^^^^^^^^^^^^^^^^^^^
  File "/home/cuartazona/redes/app/auxiliar.py", line 132, in wrap
    return func(*args, **kwargs)
           ^^^^^^^^^^^^^^^^^^^^^
  File "/home/cuartazona/redes/app/auxiliar.py", line 145, in wrap
    return fn(*args, **kwargs)
           ^^^^^^^^^^^^^^^^^^^
  File "/home/cuartazona/redes/app/auxiliar.py", line 294, in wrap
    return fn(*args, **kwargs)
           ^^^^^^^^^^^^^^^^^^^
  File "/home/cuartazona/redes/app/auditoria.py", line 1022, in _subir_foto_equipo
    if session["id_auditoria"] in auditorias:
       ~~~~~~~^^^^^^^^^^^^^^^^
  File "/home/cuartazona/redes/envRedes/lib/python3.11/site-packages/flask/sessions.py", line 79, in __getitem__
    return super().__getitem__(key)
           ^^^^^^^^^^^^^^^^^^^^^^^^
KeyError: 'id_auditoria'
ERROR:app:Exception on /_subir_foto_equipo [POST]
Traceback (most recent call last):
  File "/home/cuartazona/redes/envRedes/lib/python3.11/site-packages/flask/app.py", line 2190, in wsgi_app
    response = self.full_dispatch_request()
               ^^^^^^^^^^^^^^^^^^^^^^^^^^^^
  File "/home/cuartazona/redes/envRedes/lib/python3.11/site-packages/flask/app.py", line 1486, in full_dispatch_request
    rv = self.handle_user_exception(e)
         ^^^^^^^^^^^^^^^^^^^^^^^^^^^^^
  File "/home/cuartazona/redes/envRedes/lib/python3.11/site-packages/flask/app.py", line 1484, in full_dispatch_request
    rv = self.dispatch_request()
         ^^^^^^^^^^^^^^^^^^^^^^^
  File "/home/cuartazona/redes/envRedes/lib/python3.11/site-packages/flask/app.py", line 1469, in dispatch_request
    return self.ensure_sync(self.view_functions[rule.endpoint])(**view_args)
           ^^^^^^^^^^^^^^^^^^^^^^^^^^^^^^^^^^^^^^^^^^^^^^^^^^^^^^^^^^^^^^^^^
  File "/home/cuartazona/redes/app/auxiliar.py", line 132, in wrap
    return func(*args, **kwargs)
           ^^^^^^^^^^^^^^^^^^^^^
  File "/home/cuartazona/redes/app/auxiliar.py", line 145, in wrap
    return fn(*args, **kwargs)
           ^^^^^^^^^^^^^^^^^^^
  File "/home/cuartazona/redes/app/auxiliar.py", line 294, in wrap
    return fn(*args, **kwargs)
           ^^^^^^^^^^^^^^^^^^^
  File "/home/cuartazona/redes/app/auditoria.py", line 1022, in _subir_foto_equipo
    if session["id_auditoria"] in auditorias:
       ~~~~~~~^^^^^^^^^^^^^^^^
  File "/home/cuartazona/redes/envRedes/lib/python3.11/site-packages/flask/sessions.py", line 79, in __getitem__
    return super().__getitem__(key)
           ^^^^^^^^^^^^^^^^^^^^^^^^
KeyError: 'id_auditoria'
ERROR:app:Exception on /_subir_foto_equipo [POST]
Traceback (most recent call last):
  File "/home/cuartazona/redes/envRedes/lib/python3.11/site-packages/flask/app.py", line 2190, in wsgi_app
    response = self.full_dispatch_request()
               ^^^^^^^^^^^^^^^^^^^^^^^^^^^^
  File "/home/cuartazona/redes/envRedes/lib/python3.11/site-packages/flask/app.py", line 1486, in full_dispatch_request
    rv = self.handle_user_exception(e)
         ^^^^^^^^^^^^^^^^^^^^^^^^^^^^^
  File "/home/cuartazona/redes/envRedes/lib/python3.11/site-packages/flask/app.py", line 1484, in full_dispatch_request
    rv = self.dispatch_request()
         ^^^^^^^^^^^^^^^^^^^^^^^
  File "/home/cuartazona/redes/envRedes/lib/python3.11/site-packages/flask/app.py", line 1469, in dispatch_request
    return self.ensure_sync(self.view_functions[rule.endpoint])(**view_args)
           ^^^^^^^^^^^^^^^^^^^^^^^^^^^^^^^^^^^^^^^^^^^^^^^^^^^^^^^^^^^^^^^^^
  File "/home/cuartazona/redes/app/auxiliar.py", line 132, in wrap
    return func(*args, **kwargs)
           ^^^^^^^^^^^^^^^^^^^^^
  File "/home/cuartazona/redes/app/auxiliar.py", line 145, in wrap
    return fn(*args, **kwargs)
           ^^^^^^^^^^^^^^^^^^^
  File "/home/cuartazona/redes/app/auxiliar.py", line 294, in wrap
    return fn(*args, **kwargs)
           ^^^^^^^^^^^^^^^^^^^
  File "/home/cuartazona/redes/app/auditoria.py", line 1022, in _subir_foto_equipo
    if session["id_auditoria"] in auditorias:
       ~~~~~~~^^^^^^^^^^^^^^^^
  File "/home/cuartazona/redes/envRedes/lib/python3.11/site-packages/flask/sessions.py", line 79, in __getitem__
    return super().__getitem__(key)
           ^^^^^^^^^^^^^^^^^^^^^^^^
KeyError: 'id_auditoria'
ERROR:app:Exception on /_subir_foto_equipo [POST]
Traceback (most recent call last):
  File "/home/cuartazona/redes/envRedes/lib/python3.11/site-packages/flask/app.py", line 2190, in wsgi_app
    response = self.full_dispatch_request()
               ^^^^^^^^^^^^^^^^^^^^^^^^^^^^
  File "/home/cuartazona/redes/envRedes/lib/python3.11/site-packages/flask/app.py", line 1486, in full_dispatch_request
    rv = self.handle_user_exception(e)
         ^^^^^^^^^^^^^^^^^^^^^^^^^^^^^
  File "/home/cuartazona/redes/envRedes/lib/python3.11/site-packages/flask/app.py", line 1484, in full_dispatch_request
    rv = self.dispatch_request()
         ^^^^^^^^^^^^^^^^^^^^^^^
  File "/home/cuartazona/redes/envRedes/lib/python3.11/site-packages/flask/app.py", line 1469, in dispatch_request
    return self.ensure_sync(self.view_functions[rule.endpoint])(**view_args)
           ^^^^^^^^^^^^^^^^^^^^^^^^^^^^^^^^^^^^^^^^^^^^^^^^^^^^^^^^^^^^^^^^^
  File "/home/cuartazona/redes/app/auxiliar.py", line 132, in wrap
    return func(*args, **kwargs)
           ^^^^^^^^^^^^^^^^^^^^^
  File "/home/cuartazona/redes/app/auxiliar.py", line 145, in wrap
    return fn(*args, **kwargs)
           ^^^^^^^^^^^^^^^^^^^
  File "/home/cuartazona/redes/app/auxiliar.py", line 294, in wrap
    return fn(*args, **kwargs)
           ^^^^^^^^^^^^^^^^^^^
  File "/home/cuartazona/redes/app/auditoria.py", line 1022, in _subir_foto_equipo
    if session["id_auditoria"] in auditorias:
       ~~~~~~~^^^^^^^^^^^^^^^^
  File "/home/cuartazona/redes/envRedes/lib/python3.11/site-packages/flask/sessions.py", line 79, in __getitem__
    return super().__getitem__(key)
           ^^^^^^^^^^^^^^^^^^^^^^^^
KeyError: 'id_auditoria'
ERROR:app:Exception on /_subir_foto_equipo [POST]
Traceback (most recent call last):
  File "/home/cuartazona/redes/envRedes/lib/python3.11/site-packages/flask/app.py", line 2190, in wsgi_app
    response = self.full_dispatch_request()
               ^^^^^^^^^^^^^^^^^^^^^^^^^^^^
  File "/home/cuartazona/redes/envRedes/lib/python3.11/site-packages/flask/app.py", line 1486, in full_dispatch_request
    rv = self.handle_user_exception(e)
         ^^^^^^^^^^^^^^^^^^^^^^^^^^^^^
  File "/home/cuartazona/redes/envRedes/lib/python3.11/site-packages/flask/app.py", line 1484, in full_dispatch_request
    rv = self.dispatch_request()
         ^^^^^^^^^^^^^^^^^^^^^^^
  File "/home/cuartazona/redes/envRedes/lib/python3.11/site-packages/flask/app.py", line 1469, in dispatch_request
    return self.ensure_sync(self.view_functions[rule.endpoint])(**view_args)
           ^^^^^^^^^^^^^^^^^^^^^^^^^^^^^^^^^^^^^^^^^^^^^^^^^^^^^^^^^^^^^^^^^
  File "/home/cuartazona/redes/app/auxiliar.py", line 132, in wrap
    return func(*args, **kwargs)
           ^^^^^^^^^^^^^^^^^^^^^
  File "/home/cuartazona/redes/app/auxiliar.py", line 145, in wrap
    return fn(*args, **kwargs)
           ^^^^^^^^^^^^^^^^^^^
  File "/home/cuartazona/redes/app/auxiliar.py", line 294, in wrap
    return fn(*args, **kwargs)
           ^^^^^^^^^^^^^^^^^^^
  File "/home/cuartazona/redes/app/auditoria.py", line 1022, in _subir_foto_equipo
    if session["id_auditoria"] in auditorias:
       ~~~~~~~^^^^^^^^^^^^^^^^
  File "/home/cuartazona/redes/envRedes/lib/python3.11/site-packages/flask/sessions.py", line 79, in __getitem__
    return super().__getitem__(key)
           ^^^^^^^^^^^^^^^^^^^^^^^^
KeyError: 'id_auditoria'
DEBUG:urllib3.connectionpool:Starting new HTTPS connection (1): servizos.meteogalicia.gal:443
DEBUG:urllib3.connectionpool:https://servizos.meteogalicia.gal:443 "GET /apiv4/getTidesInfo?coords=-8.279985836902135,42.203122679388926&startTime=2024-10-28T14:24:18&endTime=2024-10-28T14:24:18&API_KEY=GTTp4hc9KfIWz1aSCg55H64kT98aHi3Ni97nLwD9j8zPwgzQ1min0Bugr7syiGCA%20 HTTP/1.1" 200 3566
ERROR:app:Exception on /censo [GET]
Traceback (most recent call last):
  File "/home/cuartazona/redes/envRedes/lib/python3.11/site-packages/flask/app.py", line 2190, in wsgi_app
    response = self.full_dispatch_request()
               ^^^^^^^^^^^^^^^^^^^^^^^^^^^^
  File "/home/cuartazona/redes/envRedes/lib/python3.11/site-packages/flask/app.py", line 1486, in full_dispatch_request
    rv = self.handle_user_exception(e)
         ^^^^^^^^^^^^^^^^^^^^^^^^^^^^^
  File "/home/cuartazona/redes/envRedes/lib/python3.11/site-packages/flask/app.py", line 1484, in full_dispatch_request
    rv = self.dispatch_request()
         ^^^^^^^^^^^^^^^^^^^^^^^
  File "/home/cuartazona/redes/envRedes/lib/python3.11/site-packages/flask/app.py", line 1469, in dispatch_request
    return self.ensure_sync(self.view_functions[rule.endpoint])(**view_args)
           ^^^^^^^^^^^^^^^^^^^^^^^^^^^^^^^^^^^^^^^^^^^^^^^^^^^^^^^^^^^^^^^^^
  File "/home/cuartazona/redes/app/auxiliar.py", line 120, in wrap
    return f(*args, **kwargs)
           ^^^^^^^^^^^^^^^^^^
  File "/home/cuartazona/redes/app/censo.py", line 52, in censo
    cur.execute(f"SELECT * from doc_normativos WHERE cod_concello LIKE '%{concello['cod_ine']}%' OR cod_concello = 1")
                                                                          ~~~~~~~~^^^^^^^^^^^
TypeError: 'NoneType' object is not subscriptable
DEBUG:urllib3.connectionpool:Starting new HTTPS connection (1): servizos.meteogalicia.gal:443
DEBUG:urllib3.connectionpool:https://servizos.meteogalicia.gal:443 "GET /apiv4/getTidesInfo?coords=-8.279985836902135,42.203122679388926&startTime=2024-10-28T16:03:10&endTime=2024-10-28T16:03:10&API_KEY=GTTp4hc9KfIWz1aSCg55H64kT98aHi3Ni97nLwD9j8zPwgzQ1min0Bugr7syiGCA%20 HTTP/1.1" 200 3566
ERROR:app:Exception on /_visor_industria [GET]
Traceback (most recent call last):
  File "/home/cuartazona/redes/envRedes/lib/python3.11/site-packages/flask/app.py", line 2190, in wsgi_app
    response = self.full_dispatch_request()
               ^^^^^^^^^^^^^^^^^^^^^^^^^^^^
  File "/home/cuartazona/redes/envRedes/lib/python3.11/site-packages/flask/app.py", line 1486, in full_dispatch_request
    rv = self.handle_user_exception(e)
         ^^^^^^^^^^^^^^^^^^^^^^^^^^^^^
  File "/home/cuartazona/redes/envRedes/lib/python3.11/site-packages/flask/app.py", line 1484, in full_dispatch_request
    rv = self.dispatch_request()
         ^^^^^^^^^^^^^^^^^^^^^^^
  File "/home/cuartazona/redes/envRedes/lib/python3.11/site-packages/flask/app.py", line 1469, in dispatch_request
    return self.ensure_sync(self.view_functions[rule.endpoint])(**view_args)
           ^^^^^^^^^^^^^^^^^^^^^^^^^^^^^^^^^^^^^^^^^^^^^^^^^^^^^^^^^^^^^^^^^
  File "/home/cuartazona/redes/app/auxiliar.py", line 132, in wrap
    return func(*args, **kwargs)
           ^^^^^^^^^^^^^^^^^^^^^
  File "/home/cuartazona/redes/app/laboratorio.py", line 322, in _visor_industria
    url = f"censo-{ind['sistema']}-{ind['id']},OpenStreetMap,{ind['latitud']},{ind['longitud']},18"
                   ~~~^^^^^^^^^^^
TypeError: 'NoneType' object is not subscriptable
ERROR:app:Exception on /ficha_industria-504 [GET]
Traceback (most recent call last):
  File "/home/cuartazona/redes/envRedes/lib/python3.11/site-packages/flask/app.py", line 2190, in wsgi_app
    response = self.full_dispatch_request()
               ^^^^^^^^^^^^^^^^^^^^^^^^^^^^
  File "/home/cuartazona/redes/envRedes/lib/python3.11/site-packages/flask/app.py", line 1486, in full_dispatch_request
    rv = self.handle_user_exception(e)
         ^^^^^^^^^^^^^^^^^^^^^^^^^^^^^
  File "/home/cuartazona/redes/envRedes/lib/python3.11/site-packages/flask/app.py", line 1484, in full_dispatch_request
    rv = self.dispatch_request()
         ^^^^^^^^^^^^^^^^^^^^^^^
  File "/home/cuartazona/redes/envRedes/lib/python3.11/site-packages/flask/app.py", line 1469, in dispatch_request
    return self.ensure_sync(self.view_functions[rule.endpoint])(**view_args)
           ^^^^^^^^^^^^^^^^^^^^^^^^^^^^^^^^^^^^^^^^^^^^^^^^^^^^^^^^^^^^^^^^^
  File "/home/cuartazona/redes/app/auxiliar.py", line 120, in wrap
    return f(*args, **kwargs)
           ^^^^^^^^^^^^^^^^^^
  File "/home/cuartazona/redes/app/censo.py", line 356, in ficha_industria_imprimir
    coordenadas['PV'] = utm.from_latlon(industria['latitud_PV'], industria['longitud_PV'])
                        ^^^^^^^^^^^^^^^^^^^^^^^^^^^^^^^^^^^^^^^^^^^^^^^^^^^^^^^^^^^^^^^^^^
  File "/home/cuartazona/redes/envRedes/lib/python3.11/site-packages/utm/conversion.py", line 228, in from_latlon
    if not in_bounds(latitude, -80.0, 84.0):
           ^^^^^^^^^^^^^^^^^^^^^^^^^^^^^^^^
  File "/home/cuartazona/redes/envRedes/lib/python3.11/site-packages/utm/conversion.py", line 49, in in_bounds
    return lower <= mathlib.min(x) and mathlib.max(x) <= upper
           ^^^^^^^^^^^^^^^^^^^^^^^
TypeError: '<=' not supported between instances of 'float' and 'NoneType'
ERROR:app:Exception on /censo-SALV [GET]
Traceback (most recent call last):
  File "/home/cuartazona/redes/envRedes/lib/python3.11/site-packages/flask/app.py", line 2190, in wsgi_app
    response = self.full_dispatch_request()
               ^^^^^^^^^^^^^^^^^^^^^^^^^^^^
  File "/home/cuartazona/redes/envRedes/lib/python3.11/site-packages/flask/app.py", line 1486, in full_dispatch_request
    rv = self.handle_user_exception(e)
         ^^^^^^^^^^^^^^^^^^^^^^^^^^^^^
  File "/home/cuartazona/redes/envRedes/lib/python3.11/site-packages/flask/app.py", line 1484, in full_dispatch_request
    rv = self.dispatch_request()
         ^^^^^^^^^^^^^^^^^^^^^^^
  File "/home/cuartazona/redes/envRedes/lib/python3.11/site-packages/flask/app.py", line 1469, in dispatch_request
    return self.ensure_sync(self.view_functions[rule.endpoint])(**view_args)
           ^^^^^^^^^^^^^^^^^^^^^^^^^^^^^^^^^^^^^^^^^^^^^^^^^^^^^^^^^^^^^^^^^
  File "/home/cuartazona/redes/app/auxiliar.py", line 120, in wrap
    return f(*args, **kwargs)
           ^^^^^^^^^^^^^^^^^^
  File "/home/cuartazona/redes/app/censo.py", line 52, in censo
    cur.execute(f"SELECT * from doc_normativos WHERE cod_concello LIKE '%{concello['cod_ine']}%' OR cod_concello = 1")
                                                                          ~~~~~~~~^^^^^^^^^^^
TypeError: 'NoneType' object is not subscriptable
DEBUG:urllib3.connectionpool:Starting new HTTPS connection (1): servizos.meteogalicia.gal:443
DEBUG:urllib3.connectionpool:https://servizos.meteogalicia.gal:443 "GET /apiv4/getTidesInfo?coords=-8.70864804125306,42.27741380450664&startTime=2024-10-30T08:43:31&endTime=2024-10-30T08:43:31&API_KEY=GTTp4hc9KfIWz1aSCg55H64kT98aHi3Ni97nLwD9j8zPwgzQ1min0Bugr7syiGCA%20 HTTP/1.1" 200 3563
DEBUG:urllib3.connectionpool:Starting new HTTPS connection (1): servizos.meteogalicia.gal:443
DEBUG:urllib3.connectionpool:https://servizos.meteogalicia.gal:443 "GET /apiv4/getTidesInfo?coords=-8.70864804125306,42.27741380450664&startTime=2024-10-30T11:33:17&endTime=2024-10-30T11:33:17&API_KEY=GTTp4hc9KfIWz1aSCg55H64kT98aHi3Ni97nLwD9j8zPwgzQ1min0Bugr7syiGCA%20 HTTP/1.1" 200 3563
DEBUG:urllib3.connectionpool:Starting new HTTPS connection (1): servizos.meteogalicia.gal:443
DEBUG:urllib3.connectionpool:https://servizos.meteogalicia.gal:443 "GET /apiv4/getTidesInfo?coords=-8.70864804125306,42.27741380450664&startTime=2024-10-30T11:33:29&endTime=2024-10-30T11:33:29&API_KEY=GTTp4hc9KfIWz1aSCg55H64kT98aHi3Ni97nLwD9j8zPwgzQ1min0Bugr7syiGCA%20 HTTP/1.1" 200 3563
DEBUG:urllib3.connectionpool:Starting new HTTPS connection (1): servizos.meteogalicia.gal:443
DEBUG:urllib3.connectionpool:https://servizos.meteogalicia.gal:443 "GET /apiv4/getTidesInfo?coords=-8.791824200327193,42.249927755277575&startTime=2024-10-30T11:33:46&endTime=2024-10-30T11:33:46&API_KEY=GTTp4hc9KfIWz1aSCg55H64kT98aHi3Ni97nLwD9j8zPwgzQ1min0Bugr7syiGCA%20 HTTP/1.1" 200 3563
DEBUG:urllib3.connectionpool:Starting new HTTPS connection (1): servizos.meteogalicia.gal:443
DEBUG:urllib3.connectionpool:https://servizos.meteogalicia.gal:443 "GET /apiv4/getTidesInfo?coords=-8.791824200327193,42.249927755277575&startTime=2024-10-30T12:19:34&endTime=2024-10-30T12:19:34&API_KEY=GTTp4hc9KfIWz1aSCg55H64kT98aHi3Ni97nLwD9j8zPwgzQ1min0Bugr7syiGCA%20 HTTP/1.1" 200 3563
DEBUG:urllib3.connectionpool:Starting new HTTPS connection (1): servizos.meteogalicia.gal:443
DEBUG:urllib3.connectionpool:https://servizos.meteogalicia.gal:443 "GET /apiv4/getTidesInfo?coords=-8.803950692587275,42.33852509219076&startTime=2024-10-30T12:20:02&endTime=2024-10-30T12:20:02&API_KEY=GTTp4hc9KfIWz1aSCg55H64kT98aHi3Ni97nLwD9j8zPwgzQ1min0Bugr7syiGCA%20 HTTP/1.1" 200 3571
DEBUG:urllib3.connectionpool:Starting new HTTPS connection (1): servizos.meteogalicia.gal:443
DEBUG:urllib3.connectionpool:https://servizos.meteogalicia.gal:443 "GET /apiv4/getTidesInfo?coords=-8.803950692587275,42.33852509219076&startTime=2024-10-30T12:21:46&endTime=2024-10-30T12:21:46&API_KEY=GTTp4hc9KfIWz1aSCg55H64kT98aHi3Ni97nLwD9j8zPwgzQ1min0Bugr7syiGCA%20 HTTP/1.1" 200 3571
DEBUG:urllib3.connectionpool:Starting new HTTPS connection (1): servizos.meteogalicia.gal:443
DEBUG:urllib3.connectionpool:https://servizos.meteogalicia.gal:443 "GET /apiv4/getTidesInfo?coords=-8.70864804125306,42.27741380450664&startTime=2024-10-30T12:52:47&endTime=2024-10-30T12:52:47&API_KEY=GTTp4hc9KfIWz1aSCg55H64kT98aHi3Ni97nLwD9j8zPwgzQ1min0Bugr7syiGCA%20 HTTP/1.1" 200 3563
DEBUG:urllib3.connectionpool:Starting new HTTPS connection (1): servizos.meteogalicia.gal:443
DEBUG:urllib3.connectionpool:https://servizos.meteogalicia.gal:443 "GET /apiv4/getTidesInfo?coords=-8.70864804125306,42.27741380450664&startTime=2024-10-30T12:53:55&endTime=2024-10-30T12:53:55&API_KEY=GTTp4hc9KfIWz1aSCg55H64kT98aHi3Ni97nLwD9j8zPwgzQ1min0Bugr7syiGCA%20 HTTP/1.1" 200 3563
DEBUG:urllib3.connectionpool:Starting new HTTPS connection (1): servizos.meteogalicia.gal:443
DEBUG:urllib3.connectionpool:https://servizos.meteogalicia.gal:443 "GET /apiv4/getTidesInfo?coords=-8.70864804125306,42.27741380450664&startTime=2024-10-30T12:54:39&endTime=2024-10-30T12:54:39&API_KEY=GTTp4hc9KfIWz1aSCg55H64kT98aHi3Ni97nLwD9j8zPwgzQ1min0Bugr7syiGCA%20 HTTP/1.1" 200 3563
DEBUG:urllib3.connectionpool:Starting new HTTPS connection (1): servizos.meteogalicia.gal:443
DEBUG:urllib3.connectionpool:https://servizos.meteogalicia.gal:443 "GET /apiv4/getTidesInfo?coords=-8.218438838304625,42.71554100549617&startTime=2024-10-30T16:46:27&endTime=2024-10-30T16:46:27&API_KEY=GTTp4hc9KfIWz1aSCg55H64kT98aHi3Ni97nLwD9j8zPwgzQ1min0Bugr7syiGCA%20 HTTP/1.1" 200 103
ERROR:app:Exception on /censo-band-1871,WMSlayer,42.69535297485193,-8.212645053863527,16 [GET]
Traceback (most recent call last):
  File "/home/cuartazona/redes/envRedes/lib/python3.11/site-packages/flask/app.py", line 2190, in wsgi_app
    response = self.full_dispatch_request()
               ^^^^^^^^^^^^^^^^^^^^^^^^^^^^
  File "/home/cuartazona/redes/envRedes/lib/python3.11/site-packages/flask/app.py", line 1486, in full_dispatch_request
    rv = self.handle_user_exception(e)
         ^^^^^^^^^^^^^^^^^^^^^^^^^^^^^
  File "/home/cuartazona/redes/envRedes/lib/python3.11/site-packages/flask/app.py", line 1484, in full_dispatch_request
    rv = self.dispatch_request()
         ^^^^^^^^^^^^^^^^^^^^^^^
  File "/home/cuartazona/redes/envRedes/lib/python3.11/site-packages/flask/app.py", line 1469, in dispatch_request
    return self.ensure_sync(self.view_functions[rule.endpoint])(**view_args)
           ^^^^^^^^^^^^^^^^^^^^^^^^^^^^^^^^^^^^^^^^^^^^^^^^^^^^^^^^^^^^^^^^^
  File "/home/cuartazona/redes/app/auxiliar.py", line 120, in wrap
    return f(*args, **kwargs)
           ^^^^^^^^^^^^^^^^^^
  File "/home/cuartazona/redes/app/censo.py", line 52, in censo
    cur.execute(f"SELECT * from doc_normativos WHERE cod_concello LIKE '%{concello['cod_ine']}%' OR cod_concello = 1")
                                                                          ~~~~~~~~^^^^^^^^^^^
TypeError: 'NoneType' object is not subscriptable
DEBUG:urllib3.connectionpool:Starting new HTTPS connection (1): servizos.meteogalicia.gal:443
DEBUG:urllib3.connectionpool:https://servizos.meteogalicia.gal:443 "GET /apiv4/getTidesInfo?coords=-8.218438838304625,42.71554100549617&startTime=2024-10-31T11:12:15&endTime=2024-10-31T11:12:15&API_KEY=GTTp4hc9KfIWz1aSCg55H64kT98aHi3Ni97nLwD9j8zPwgzQ1min0Bugr7syiGCA%20 HTTP/1.1" 200 103
DEBUG:urllib3.connectionpool:Starting new HTTPS connection (1): servizos.meteogalicia.gal:443
DEBUG:urllib3.connectionpool:https://servizos.meteogalicia.gal:443 "GET /apiv4/getTidesInfo?coords=-8.218438838304625,42.71554100549617&startTime=2024-10-31T12:19:32&endTime=2024-10-31T12:19:32&API_KEY=GTTp4hc9KfIWz1aSCg55H64kT98aHi3Ni97nLwD9j8zPwgzQ1min0Bugr7syiGCA%20 HTTP/1.1" 200 103
DEBUG:urllib3.connectionpool:Starting new HTTPS connection (1): servizos.meteogalicia.gal:443
DEBUG:urllib3.connectionpool:https://servizos.meteogalicia.gal:443 "GET /apiv4/getTidesInfo?coords=-8.218438838304625,42.71554100549617&startTime=2024-10-31T12:21:54&endTime=2024-10-31T12:21:54&API_KEY=GTTp4hc9KfIWz1aSCg55H64kT98aHi3Ni97nLwD9j8zPwgzQ1min0Bugr7syiGCA%20 HTTP/1.1" 200 103
DEBUG:urllib3.connectionpool:Starting new HTTPS connection (1): servizos.meteogalicia.gal:443
DEBUG:urllib3.connectionpool:https://servizos.meteogalicia.gal:443 "GET /apiv4/getTidesInfo?coords=-8.315202670200595,42.73619760446922&startTime=2024-10-31T13:06:00&endTime=2024-10-31T13:06:00&API_KEY=GTTp4hc9KfIWz1aSCg55H64kT98aHi3Ni97nLwD9j8zPwgzQ1min0Bugr7syiGCA%20 HTTP/1.1" 200 3574
ERROR:app:Exception on /censo-band-1871,OpenStreetMap,42.70155056504644,-8.242449760437013,14 [GET]
Traceback (most recent call last):
  File "/home/cuartazona/redes/envRedes/lib/python3.11/site-packages/flask/app.py", line 2190, in wsgi_app
    response = self.full_dispatch_request()
               ^^^^^^^^^^^^^^^^^^^^^^^^^^^^
  File "/home/cuartazona/redes/envRedes/lib/python3.11/site-packages/flask/app.py", line 1486, in full_dispatch_request
    rv = self.handle_user_exception(e)
         ^^^^^^^^^^^^^^^^^^^^^^^^^^^^^
  File "/home/cuartazona/redes/envRedes/lib/python3.11/site-packages/flask/app.py", line 1484, in full_dispatch_request
    rv = self.dispatch_request()
         ^^^^^^^^^^^^^^^^^^^^^^^
  File "/home/cuartazona/redes/envRedes/lib/python3.11/site-packages/flask/app.py", line 1469, in dispatch_request
    return self.ensure_sync(self.view_functions[rule.endpoint])(**view_args)
           ^^^^^^^^^^^^^^^^^^^^^^^^^^^^^^^^^^^^^^^^^^^^^^^^^^^^^^^^^^^^^^^^^
  File "/home/cuartazona/redes/app/auxiliar.py", line 120, in wrap
    return f(*args, **kwargs)
           ^^^^^^^^^^^^^^^^^^
  File "/home/cuartazona/redes/app/censo.py", line 52, in censo
    cur.execute(f"SELECT * from doc_normativos WHERE cod_concello LIKE '%{concello['cod_ine']}%' OR cod_concello = 1")
                                                                          ~~~~~~~~^^^^^^^^^^^
TypeError: 'NoneType' object is not subscriptable
DEBUG:urllib3.connectionpool:Starting new HTTPS connection (1): servizos.meteogalicia.gal:443
DEBUG:urllib3.connectionpool:https://servizos.meteogalicia.gal:443 "GET /apiv4/getTidesInfo?coords=-8.680974871850715,42.4067220219467&startTime=2024-11-04T10:29:07&endTime=2024-11-04T10:29:07&API_KEY=GTTp4hc9KfIWz1aSCg55H64kT98aHi3Ni97nLwD9j8zPwgzQ1min0Bugr7syiGCA%20 HTTP/1.1" 200 3575
DEBUG:urllib3.connectionpool:Starting new HTTPS connection (1): servizos.meteogalicia.gal:443
DEBUG:urllib3.connectionpool:https://servizos.meteogalicia.gal:443 "GET /apiv4/getTidesInfo?coords=-8.680974871850715,42.4067220219467&startTime=2024-11-04T11:11:31&endTime=2024-11-04T11:11:31&API_KEY=GTTp4hc9KfIWz1aSCg55H64kT98aHi3Ni97nLwD9j8zPwgzQ1min0Bugr7syiGCA%20 HTTP/1.1" 200 3575
DEBUG:urllib3.connectionpool:Starting new HTTPS connection (1): servizos.meteogalicia.gal:443
DEBUG:urllib3.connectionpool:https://servizos.meteogalicia.gal:443 "GET /apiv4/getTidesInfo?coords=-8.680974871850715,42.4067220219467&startTime=2024-11-04T11:56:55&endTime=2024-11-04T11:56:55&API_KEY=GTTp4hc9KfIWz1aSCg55H64kT98aHi3Ni97nLwD9j8zPwgzQ1min0Bugr7syiGCA%20 HTTP/1.1" 200 3575
DEBUG:urllib3.connectionpool:Starting new HTTPS connection (1): servizos.meteogalicia.gal:443
DEBUG:urllib3.connectionpool:https://servizos.meteogalicia.gal:443 "GET /apiv4/getTidesInfo?coords=-8.680974871850715,42.4067220219467&startTime=2024-11-04T12:36:34&endTime=2024-11-04T12:36:34&API_KEY=GTTp4hc9KfIWz1aSCg55H64kT98aHi3Ni97nLwD9j8zPwgzQ1min0Bugr7syiGCA%20 HTTP/1.1" 200 3575
DEBUG:urllib3.connectionpool:Starting new HTTPS connection (1): servizos.meteogalicia.gal:443
DEBUG:urllib3.connectionpool:https://servizos.meteogalicia.gal:443 "GET /apiv4/getTidesInfo?coords=-8.680974871850715,42.4067220219467&startTime=2024-11-04T12:52:41&endTime=2024-11-04T12:52:41&API_KEY=GTTp4hc9KfIWz1aSCg55H64kT98aHi3Ni97nLwD9j8zPwgzQ1min0Bugr7syiGCA%20 HTTP/1.1" 200 3575
DEBUG:urllib3.connectionpool:Starting new HTTPS connection (1): servizos.meteogalicia.gal:443
DEBUG:urllib3.connectionpool:https://servizos.meteogalicia.gal:443 "GET /apiv4/getTidesInfo?coords=-8.680974871850715,42.4067220219467&startTime=2024-11-04T14:28:32&endTime=2024-11-04T14:28:32&API_KEY=GTTp4hc9KfIWz1aSCg55H64kT98aHi3Ni97nLwD9j8zPwgzQ1min0Bugr7syiGCA%20 HTTP/1.1" 200 3575
